tmc_row,Country Grouping,B,Country,Region,Machine Line,Machine Line,G,Size Class Flag,Brand Code,J,Reporter Flag,Pri/Sec,Source,FID,MS (%),TM,VCE FID,TM Non-VCE,CHECK 2024,existing_check,computed_check,match_count
2,GAE,UAE,UAE,Region International,330,Articulated Haulers,,#,Caterpillar Inc,,Y,P,DES,18,0,0,,,0,0,0,0
3,GAE,UAE,UAE,Region International,330,Articulated Haulers,,#,Develon,DOO,Y,P,DES,4,0,0,,,0,0,0,0
4,GAE,UAE,UAE,Region International,330,Articulated Haulers,,#,Komatsu,KOM,Y,P,DES,80,0,0,,,0,0,0,0
5,GAE,UAE,UAE,Region International,330,Articulated Haulers,,#,Volvo,VCE,Y,P,DES,129,0,0,,,0,0,0,0
6,GAE,UAE,UAE,Region International,340,Rigid Haulers,,#,Komatsu,KOM,Y,P,DES,106,0,0,,,0,0,0,0
7,GAE,UAE,UAE,Region International,340,Rigid Haulers,,#,Sany,SNY,Y,P,DES,18,0,0,,,0,0,0,0
8,GAE,UAE,UAE,Region International,CEX,Compact Excavators,,<10T,Bobcat,BOB,Y,P,DES,13,0,0,,,0,0,0,0
9,GAE,UAE,UAE,Region International,CEX,Compact Excavators,,<10T,Caterpillar Inc,,Y,P,DES,31,0,0,,,0,0,0,0
10,GAE,UAE,UAE,Region International,CEX,Compact Excavators,,<10T,Develon,DOO,Y,P,DES,3,0,0,,,0,0,0,0
11,GAE,UAE,UAE,Region International,CEX,Compact Excavators,,<10T,Hitachi,HIT,Y,P,DES,34,0,0,,,0,0,0,0
12,GAE,UAE,UAE,Region International,CEX,Compact Excavators,,<10T,JCB,JCB,Y,P,DES,10,0,0,,,0,0,0,0
13,GAE,UAE,UAE,Region International,CEX,Compact Excavators,,<10T,Kobelco,KOB,Y,P,DES,25,0,0,,,0,0,0,0
14,GAE,UAE,UAE,Region International,CEX,Compact Excavators,,<10T,Liugong,LIU,Y,P,DES,10,0,0,,,0,0,0,0
15,GAE,UAE,UAE,Region International,CEX,Compact Excavators,,<10T,Sany,SNY,Y,P,DES,10,0,0,,,0,0,0,0
16,GAE,UAE,UAE,Region International,CEX,Compact Excavators,,<10T,Takeuchi,TAK,Y,P,DES,53,0,0,,,0,0,0,0
17,GAE,UAE,UAE,Region International,CEX,Compact Excavators,,<10T,Volvo,VCE,Y,P,DES,3,0,0,,,0,0,0,0
18,GAE,UAE,UAE,Region International,CEX,Compact Excavators,,<10T,Wacker Neuson,WAN,Y,P,DES,53,0,0,,,0,0,0,0
19,GAE,UAE,UAE,Region International,CEX,Compact Excavators,,<10T,Yanmar,YAN,Y,P,DES,50,0,0,,,0,0,0,0
20,GAE,UAE,UAE,Region International,CEX,Compact Excavators,,<10T,Zoomlion,ZOO,Y,P,DES,10,0,0,,,0,0,0,0
21,GAE,UAE,UAE,Region International,GEC,GPE Excavators Crawled,,>10T,Case,CAS,Y,P,DES,2,0,0,,,0,0,0,0
22,GAE,UAE,UAE,Region International,GEC,GPE Excavators Crawled,,>10T,Caterpillar Inc,,Y,P,DES,212,0,0,,,0,0,0,0
23,GAE,UAE,UAE,Region International,GEC,GPE Excavators Crawled,,>10T,Develon,DOO,Y,P,DES,32,0,0,,,0,0,0,0
24,GAE,UAE,UAE,Region International,GEC,GPE Excavators Crawled,,>10T,Hitachi,HIT,Y,P,DES,74,0,0,,,0,0,0,0
25,GAE,UAE,UAE,Region International,GEC,GPE Excavators Crawled,,>10T,Hyundai,HYU,Y,P,DES,58,0,0,,,0,0,0,0
26,GAE,UAE,UAE,Region International,GEC,GPE Excavators Crawled,,>10T,JCB,JCB,Y,P,DES,53,0,0,,,0,0,0,0
27,GAE,UAE,UAE,Region International,GEC,GPE Excavators Crawled,,>10T,Kobelco,KOB,Y,P,DES,82,0,0,,,0,0,0,0
28,GAE,UAE,UAE,Region International,GEC,GPE Excavators Crawled,,>10T,Komatsu,KOM,Y,P,DES,387,0,0,,,0,0,0,0
29,GAE,UAE,UAE,Region International,GEC,GPE Excavators Crawled,,>10T,Liugong,LIU,Y,P,DES,53,0,0,,,0,0,0,0
30,GAE,UAE,UAE,Region International,GEC,Crawler Excavators,,>10T,Lonking,LON,,P,DES,10,0,0,,,0,0,1,1
31,GAE,UAE,UAE,Region International,GEC,GPE Excavators Crawled,,>10T,Sany,SNY,Y,P,DES,212,0,0,,,0,0,0,0
32,GAE,UAE,UAE,Region International,GEC,GPE Excavators Crawled,,>10T,SDLG,LIN,Y,P,DES,1,0,0,,,0,0,0,0
33,GAE,UAE,UAE,Region International,GEC,GPE Excavators Crawled,,>10T,Sunward,SUN,Y,P,DES,53,0,0,,,0,0,0,0
34,GAE,UAE,UAE,Region International,GEC,GPE Excavators Crawled,,>10T,Volvo,VCE,Y,P,DES,50,0,0,,,0,0,0,0
35,GAE,UAE,UAE,Region International,GEC,GPE Excavators Crawled,,>10T,XCMG,XCM,Y,P,DES,212,0,0,,,0,0,0,0
36,GAE,UAE,UAE,Region International,GEC,GPE Excavators Crawled,,>10T,Zoomlion,ZOO,Y,P,DES,212,0,0,,,0,0,0,0
37,GAE,UAE,UAE,Region International,GEW,GPE Excavators Wheeled,,>11T,Caterpillar Inc,,Y,P,DES,22,0,0,,,0,0,0,0
38,GAE,UAE,UAE,Region International,GEW,GPE Excavators Wheeled,,>11T,Develon,DOO,Y,P,DES,22,0,0,,,0,0,0,0
39,GAE,UAE,UAE,Region International,GEW,GPE Excavators Wheeled,,>11T,Hitachi,HIT,Y,P,DES,16,0,0,,,0,0,0,0
40,GAE,UAE,UAE,Region International,GEW,GPE Excavators Wheeled,,>11T,Hyundai,HYU,Y,P,DES,30,0,0,,,0,0,0,0
41,GAE,UAE,UAE,Region International,GEW,GPE Excavators Wheeled,,>11T,JCB,JCB,Y,P,DES,22,0,0,,,0,0,0,0
42,GAE,UAE,UAE,Region International,GEW,GPE Excavators Wheeled,,>11T,Liugong,LIU,Y,P,DES,5,0,0,,,0,0,0,0
43,GAE,UAE,UAE,Region International,GEW,GPE Excavators Wheeled,,>11T,Sany,SNY,Y,P,DES,16,0,0,,,0,0,0,0
44,GAE,UAE,UAE,Region International,GEW,GPE Excavators Wheeled,,>11T,Volvo,VCE,Y,P,DES,30,0,0,,,0,0,0,0
45,GAE,UAE,UAE,Region International,GEW,GPE Excavators Wheeled,,>11T,XCMG,XCM,Y,P,DES,16,0,0,,,0,0,0,0
46,GAE,UAE,UAE,Region International,GEW,Wheeled Excavators,,>11T,Zoomlion,ZOO,,P,DES,10,0,0,,,0,0,1,1
47,GAE,UAE,UAE,Region International,WLO,Wheel Loaders,,<12,Case,CAS,Y,P,DES,1,0,0,,,0,0,0,0
48,GAE,UAE,UAE,Region International,WLO,Wheel Loaders,,<12,Caterpillar Inc,,Y,P,DES,14,0,0,,,0,0,0,0
49,GAE,UAE,UAE,Region International,WLO,Wheel Loaders,,<12,Develon,DOO,Y,P,DES,3,0,0,,,0,0,0,0
50,GAE,UAE,UAE,Region International,WLO,Wheel Loaders,,<12,Hitachi,HIT,Y,P,DES,2,0,0,,,0,0,0,0
51,GAE,UAE,UAE,Region International,WLO,Wheel Loaders,,<12,Hyundai,HYU,Y,P,DES,1,0,0,,,0,0,0,0
52,GAE,UAE,UAE,Region International,WLO,Wheel Loaders,,<12,JCB,JCB,Y,P,DES,1,0,0,,,0,0,0,0
53,GAE,UAE,UAE,Region International,WLO,Wheel Loaders,,<12,Komatsu,KOM,Y,P,DES,16,0,0,,,0,0,0,0
54,GAE,UAE,UAE,Region International,WLO,Wheel Loaders,,<12,Liugong,LIU,Y,P,DES,13,0,0,,,0,0,0,0
55,GAE,UAE,UAE,Region International,WLO,Wheel Loaders,,<12,Sany,SNY,Y,P,DES,7,0,0,,,0,0,0,0
56,GAE,UAE,UAE,Region International,WLO,Wheel Loaders,,<12,XCMG,XCM,Y,P,DES,17,0,0,,,0,0,0,0
57,GAE,UAE,UAE,Region International,WLO,Wheel Loaders,,>12,Case,CAS,Y,P,DES,10,0,0,,,0,0,0,0
58,GAE,UAE,UAE,Region International,WLO,Wheel Loaders,,>12,Caterpillar Inc,,Y,P,DES,211,0,0,,,0,0,0,0
59,GAE,UAE,UAE,Region International,WLO,Wheel Loaders,,>12,Develon,DOO,Y,P,DES,39,0,0,,,0,0,0,0
60,GAE,UAE,UAE,Region International,WLO,Wheel Loaders,,>12,Hitachi,HIT,Y,P,DES,30,0,0,,,0,0,0,0
61,GAE,UAE,UAE,Region International,WLO,Wheel Loaders,,>12,Hyundai,HYU,Y,P,DES,5,0,0,,,0,0,0,0
62,GAE,UAE,UAE,Region International,WLO,Wheel Loaders,,>12,JCB,JCB,Y,P,DES,15,0,0,,,0,0,0,0
63,GAE,UAE,UAE,Region International,WLO,Wheel Loaders,,>12,Komatsu,KOM,Y,P,DES,230,0,0,,,0,0,0,0
64,GAE,UAE,UAE,Region International,WLO,Wheel Loaders,,>12,Liugong,LIU,Y,P,DES,196,0,0,,,0,0,0,0
65,GAE,UAE,UAE,Region International,WLO,Wheel Loaders,,>12,Lonking,LON,,P,DES,20,0,0,,,0,0,1,1
66,GAE,UAE,UAE,Region International,WLO,Wheel Loaders,,>12,Sany,SNY,Y,P,DES,98,0,0,,,0,0,0,0
67,GAE,UAE,UAE,Region International,WLO,Wheel Loaders,,>12,SDLG,LIN,Y,P,DES,95,0,0,,,0,0,0,0
68,GAE,UAE,UAE,Region International,WLO,Wheel Loaders,,>12,SEM,SEM,Y,P,DES,20,0,0,,,0,0,0,0
69,GAE,UAE,UAE,Region International,WLO,Wheel Loaders,,>12,Volvo,VCE,Y,P,DES,59,0,0,,,0,0,0,0
70,GAE,UAE,UAE,Region International,WLO,Wheel Loaders,,>12,XCMG,XCM,Y,P,DES,205,0,0,,,0,0,0,0
71,GAR,Argentina,Argentina,Region Latin America,330,Articulated Haulers,,#,Bell,BEL,Y,P,PIN,1,0,0,,,0,0,0,0
72,GAR,Argentina,Argentina,Region Latin America,330,Articulated Haulers,,#,Caterpillar Inc,,Y,P,OHR,6,0,0,,,0,0,0,0
73,GAR,Argentina,Argentina,Region Latin America,330,Articulated Haulers,,#,Develon,DOO,Y,P,PIN,2,0,0,,,0,0,0,0
74,GAR,Argentina,Argentina,Region Latin America,330,Articulated Haulers,,#,Liebherr,LIE,Y,P,OHR,8,0,0,,,0,0,0,0
75,GAR,Argentina,Argentina,Region Latin America,330,Articulated Haulers,,#,Volvo,VCE,Y,P,OHR,7,0,0,,,0,0,0,0
76,GAR,Argentina,Argentina,Region Latin America,340,Rigid Haulers,,#,Caterpillar Inc,,Y,P,OHR,3,0,0,,,0,0,0,0
77,GAR,Argentina,Argentina,Region Latin America,380,Motor Graders,,#,Case,CAS,Y,P,OHR,6,0,0,,,0,0,0,0
78,GAR,Argentina,Argentina,Region Latin America,380,Motor Graders,,#,Caterpillar Inc,,Y,P,OHR,20,0,0,,,0,0,0,0
79,GAR,Argentina,Argentina,Region Latin America,380,Motor Graders,,#,Deere,JOH,Y,P,OHR,34,0,0,,,0,0,0,0
80,GAR,Argentina,Argentina,Region Latin America,380,Motor Graders,,#,Hidromek,HID,Y,P,OHR,4,0,0,,,0,0,0,0
81,GAR,Argentina,Argentina,Region Latin America,380,Motor Graders,,#,Komatsu,KOM,Y,P,OHR,12,0,0,,,0,0,0,0
82,GAR,Argentina,Argentina,Region Latin America,380,Motor Graders,,#,Liugong,LIU,Y,P,OHR,8,0,0,,,0,0,0,0
83,GAR,Argentina,Argentina,Region Latin America,380,Motor Graders,,#,New Holland,NEW,Y,P,OHR,16,0,0,,,0,0,0,0
84,GAR,Argentina,Argentina,Region Latin America,380,Motor Graders,,,OTN,OTN,,P,OHR,17,0,0,,,0,0,1,1
85,GAR,Argentina,Argentina,Region Latin America,380,Motor Graders,,#,Sany,SNY,Y,P,OHR,27,0,0,,,0,0,0,0
86,GAR,Argentina,Argentina,Region Latin America,380,Motor Graders,,#,SDLG,LIN,Y,P,OHR,8,0,0,,,0,0,0,0
87,GAR,Argentina,Argentina,Region Latin America,380,Motor Graders,,#,Shantui,SBM,Y,P,OHR,19,0,0,,,0,0,0,0
88,GAR,Argentina,Argentina,Region Latin America,380,Motor Graders,,,Sinomach,SIM,,P,OHR,31,0,0,,,0,0,1,1
89,GAR,Argentina,Argentina,Region Latin America,380,Motor Graders,,#,XCMG,XCM,Y,P,OHR,13,0,0,,,0,0,0,0
90,GAR,Argentina,Argentina,Region Latin America,410,Backhoe Loaders,,,Bobcat,BOB,,P,OHR,10,0,0,,,0,0,1,1
91,GAR,Argentina,Argentina,Region Latin America,410,Backhoe Loaders,,,Bull,BUL,,P,OHR,20,0,0,,,0,0,1,1
92,GAR,Argentina,Argentina,Region Latin America,410,Backhoe Loaders,,,Case,CAS,,P,OHR,35,0,0,,,0,0,1,1
93,GAR,Argentina,Argentina,Region Latin America,410,Backhoe Loaders,,,Caterpillar Inc,CAT,,P,OHR,55,0,0,,,0,0,1,1
94,GAR,Argentina,Argentina,Region Latin America,410,Backhoe Loaders,,,Cukurova,CUK,,P,OHR,5,0,0,,,0,0,1,1
95,GAR,Argentina,Argentina,Region Latin America,410,Backhoe Loaders,,,Deere,JOH,,P,OHR,130,0,0,,,0,0,1,1
96,GAR,Argentina,Argentina,Region Latin America,410,Backhoe Loaders,,,Escorts,ECE,,P,OHR,5,0,0,,,0,0,1,1
97,GAR,Argentina,Argentina,Region Latin America,410,Backhoe Loaders,,,Foton Lovol,FOL,,P,OHR,20,0,0,,,0,0,1,1
98,GAR,Argentina,Argentina,Region Latin America,410,Backhoe Loaders,,,Gehl,GEH,,P,OHR,25,0,0,,,0,0,1,1
99,GAR,Argentina,Argentina,Region Latin America,410,Backhoe Loaders,,,Hidromek,HID,,P,OHR,15,0,0,,,0,0,1,1
100,GAR,Argentina,Argentina,Region Latin America,410,Backhoe Loaders,,,Hyundai,HYU,,P,OHR,10,0,0,,,0,0,1,1
101,GAR,Argentina,Argentina,Region Latin America,410,Backhoe Loaders,,,JCB,JCB,,P,OHR,63,0,0,,,0,0,1,1
102,GAR,Argentina,Argentina,Region Latin America,410,Backhoe Loaders,,,Komatsu,KOM,,P,OHR,25,0,0,,,0,0,1,1
103,GAR,Argentina,Argentina,Region Latin America,410,Backhoe Loaders,,,Liangong,LIA,,P,OHR,5,0,0,,,0,0,1,1
104,GAR,Argentina,Argentina,Region Latin America,410,Backhoe Loaders,,,Liugong,LIU,,P,OHR,20,0,0,,,0,0,1,1
105,GAR,Argentina,Argentina,Region Latin America,410,Backhoe Loaders,,,Lonking,LON,,P,OHR,10,0,0,,,0,0,1,1
106,GAR,Argentina,Argentina,Region Latin America,410,Backhoe Loaders,,,Mecalac,MEC,,P,OHR,2,0,0,,,0,0,1,1
107,GAR,Argentina,Argentina,Region Latin America,410,Backhoe Loaders,,,New Holland,NEW,,P,OHR,70,0,0,,,0,0,1,1
108,GAR,Argentina,Argentina,Region Latin America,410,Backhoe Loaders,,,OTN,OTN,,P,OHR,9,0,0,,,0,0,1,1
109,GAR,Argentina,Argentina,Region Latin America,410,Backhoe Loaders,,,Sany,SNY,,P,OHR,15,0,0,,,0,0,1,1
110,GAR,Argentina,Argentina,Region Latin America,410,Backhoe Loaders,,,SDLG,LIN,,P,OHR,1,0,0,,,0,0,1,1
111,GAR,Argentina,Argentina,Region Latin America,410,Backhoe Loaders,,,Sinomach,SIM,,P,OHR,20,0,0,,,0,0,1,1
112,GAR,Argentina,Argentina,Region Latin America,410,Backhoe Loaders,,,Taurus,TAU,,P,OHR,5,0,0,,,0,0,1,1
113,GAR,Argentina,Argentina,Region Latin America,410,Backhoe Loaders,,,XCMG,XCM,,P,OHR,15,0,0,,,0,0,1,1
114,GAR,Argentina,Argentina,Region Latin America,CEX,Compact Excavators,,6<10T,Jiahe,JIH,,P,PIN,1,0,0,,,1,1,1,1
115,GAR,Argentina,Argentina,Region Latin America,CEX,Compact Excavators,,6<10T,Shantui,SBM,Y,P,PIN,2,0,0,,,0,0,0,0
116,GAR,Argentina,Argentina,Region Latin America,CEX,Compact Excavators,,6<10T,XCMG,XCM,Y,P,PIN,3,0,0,,,0,0,0,0
117,GAR,Argentina,Argentina,Region Latin America,CEX,Compact Excavators,,<6T,Bobcat,BOB,Y,P,OHR,32,0,0,,,0,0,0,0
118,GAR,Argentina,Argentina,Region Latin America,CEX,Compact Excavators,,<6T,Deere,JOH,Y,P,OHR,2,0,0,,,0,0,0,0
119,GAR,Argentina,Argentina,Region Latin America,CEX,Compact Excavators,,<6T,Everun,EVR,,P,PIN,9,0,0,,,1,1,1,1
120,GAR,Argentina,Argentina,Region Latin America,CEX,Compact Excavators,,<6T,Foton Lovol,FOL,Y,P,PIN,6,0,0,,,0,0,0,0
121,GAR,Argentina,Argentina,Region Latin America,CEX,Compact Excavators,,<6T,Hyundai,HYU,Y,P,OHR,9,0,0,,,0,0,0,0
122,GAR,Argentina,Argentina,Region Latin America,CEX,Compact Excavators,,<6T,Jiahe,JIH,,P,PIN,4,0,0,,,1,1,1,1
123,GAR,Argentina,Argentina,Region Latin America,CEX,Compact Excavators,,<6T,Kobelco,KOB,Y,P,OHR,2,0,0,,,0,0,0,0
124,GAR,Argentina,Argentina,Region Latin America,CEX,Compact Excavators,,<6T,Liugong,LIU,Y,P,OHR,7,0,0,,,0,0,0,0
125,GAR,Argentina,Argentina,Region Latin America,CEX,Compact Excavators,,<6T,Lonking,LON,,P,OHR,3,0,0,,,1,1,1,1
126,GAR,Argentina,Argentina,Region Latin America,CEX,Compact Excavators,,<6T,OCN,OCN,,P,OHR,18,0,0,,,1,1,1,1
127,GAR,Argentina,Argentina,Region Latin America,CEX,Compact Excavators,,<6T,OTN,OTN,,P,OHR,38,0,0,,,1,1,1,1
128,GAR,Argentina,Argentina,Region Latin America,CEX,Compact Excavators,,<6T,Rippa China,CRM,,P,PIN,3,0,0,,,1,1,1,1
129,GAR,Argentina,Argentina,Region Latin America,CEX,Compact Excavators,,<6T,Sany,SNY,Y,P,OHR,14,0,0,,,0,0,0,0
130,GAR,Argentina,Argentina,Region Latin America,CEX,Compact Excavators,,<6T,Shandong Carter,CAR,,P,OHR,33,0,0,,,1,1,1,1
131,GAR,Argentina,Argentina,Region Latin America,CEX,Compact Excavators,,<6T,Shandong Rhinoceros,SRH,,P,PIN,12,0,0,,,1,1,1,1
132,GAR,Argentina,Argentina,Region Latin America,CEX,Compact Excavators,,<6T,Taurus,TAU,,P,OHR,60,0,0,,,1,1,1,1
133,GAR,Argentina,Argentina,Region Latin America,CEX,Compact Excavators,,<6T,Volvo,VCE,Y,P,OHR,7,0,0,,,0,0,0,0
134,GAR,Argentina,Argentina,Region Latin America,CEX,Compact Excavators,,<6T,Wacker Neuson,WAN,Y,P,OHR,16,0,0,,,0,0,0,0
135,GAR,Argentina,Argentina,Region Latin America,CEX,Compact Excavators,,<6T,XCMG,XCM,Y,P,PIN,9,0,0,,,0,0,0,0
136,GAR,Argentina,Argentina,Region Latin America,CEX,Compact Excavators,,<6T,Yuchai,YUC,,P,OHR,35,0,0,,,1,1,1,1
137,GAR,Argentina,Argentina,Region Latin America,CEX,Compact Excavators,,<6T,Zoomlion,ZOO,Y,P,OHR,4,0,0,,,0,0,0,0
138,GAR,Argentina,Argentina,Region Latin America,GEC,Crawler Excavators,,>10T,Jiahe,JIH,,P,PIN,4,0,0,,,0,0,1,1
139,GAR,Argentina,Argentina,Region Latin America,GEC,Crawler Excavators,,>10T,OCN,OCN,,P,PIN,31,0,0,,,0,0,1,1
140,GAR,Argentina,Argentina,Region Latin America,GEC,Crawler Excavators,,>10T,Pauny,PUY,,P,PIN,2,0,0,,,0,0,1,1
141,GAR,Argentina,Argentina,Region Latin America,GEC,GPE Excavators Crawled,,>6T,Case,CAS,Y,P,OHR,3,0,0,,,0,0,0,0
142,GAR,Argentina,Argentina,Region Latin America,GEC,GPE Excavators Crawled,,>6T,Caterpillar Inc,,Y,P,OHR,34,0,0,,,0,0,0,0
143,GAR,Argentina,Argentina,Region Latin America,GEC,GPE Excavators Crawled,,>6T,Deere,JOH,Y,P,OHR,23,0,0,,,0,0,0,0
144,GAR,Argentina,Argentina,Region Latin America,GEC,GPE Excavators Crawled,,>6T,Develon,DOO,Y,P,OHR,37,0,0,,,0,0,0,0
145,GAR,Argentina,Argentina,Region Latin America,GEC,GPE Excavators Crawled,,>6T,Foton Lovol,FOL,Y,P,OHR,38,0,0,,,0,0,0,0
146,GAR,Argentina,Argentina,Region Latin America,GEC,GPE Excavators Crawled,,>6T,Hidromek,HID,Y,P,OHR,5,0,0,,,0,0,0,0
147,GAR,Argentina,Argentina,Region Latin America,GEC,GPE Excavators Crawled,,>6T,Hyundai,HYU,Y,P,OHR,42,0,0,,,0,0,0,0
148,GAR,Argentina,Argentina,Region Latin America,GEC,GPE Excavators Crawled,,>6T,JCB,JCB,Y,P,OHR,16,0,0,,,0,0,0,0
149,GAR,Argentina,Argentina,Region Latin America,GEC,GPE Excavators Crawled,,>6T,Kobelco,KOB,Y,P,OHR,2,0,0,,,0,0,0,0
150,GAR,Argentina,Argentina,Region Latin America,GEC,GPE Excavators Crawled,,>6T,Komatsu,KOM,Y,P,OHR,67,0,0,,,0,0,0,0
151,GAR,Argentina,Argentina,Region Latin America,GEC,Crawler Excavators,,>6T,Liangong,LIA,,P,OHR,6,0,0,,,0,0,1,1
152,GAR,Argentina,Argentina,Region Latin America,GEC,GPE Excavators Crawled,,>6T,Linkbelt,,Y,P,OHR,13,0,0,,,0,0,0,0
153,GAR,Argentina,Argentina,Region Latin America,GEC,GPE Excavators Crawled,,>6T,Liugong,LIU,Y,P,OHR,24,0,0,,,0,0,0,0
154,GAR,Argentina,Argentina,Region Latin America,GEC,Crawler Excavators,,>6T,Lonking,LON,,P,OHR,10,0,0,,,0,0,1,1
155,GAR,Argentina,Argentina,Region Latin America,GEC,GPE Excavators Crawled,,>6T,New Holland,NEW,Y,P,OHR,20,0,0,,,0,0,0,0
156,GAR,Argentina,Argentina,Region Latin America,GEC,Crawler Excavators,,>6T,OTN,OTN,,P,OHR,15,0,0,,,0,0,1,1
157,GAR,Argentina,Argentina,Region Latin America,GEC,GPE Excavators Crawled,,>6T,Sany,SNY,Y,P,OHR,40,0,0,,,0,0,0,0
158,GAR,Argentina,Argentina,Region Latin America,GEC,GPE Excavators Crawled,,>6T,SDLG,LIN,Y,P,OHR,1,0,0,,,0,0,0,0
159,GAR,Argentina,Argentina,Region Latin America,GEC,GPE Excavators Crawled,,>6T,Shantui,SBM,Y,P,OHR,8,0,0,,,0,0,0,0
160,GAR,Argentina,Argentina,Region Latin America,GEC,Crawler Excavators,,>6T,Sinomach,SIM,,P,OHR,21,0,0,,,0,0,1,1
161,GAR,Argentina,Argentina,Region Latin America,GEC,GPE Excavators Crawled,,>6T,Sunward,SUN,Y,P,OHR,2,0,0,,,0,0,0,0
162,GAR,Argentina,Argentina,Region Latin America,GEC,GPE Excavators Crawled,,>6T,Volvo,VCE,Y,P,OHR,39,0,0,,,0,0,0,0
163,GAR,Argentina,Argentina,Region Latin America,GEC,GPE Excavators Crawled,,>6T,Wacker Neuson,WAN,Y,P,OHR,5,0,0,,,0,0,0,0
164,GAR,Argentina,Argentina,Region Latin America,GEC,GPE Excavators Crawled,,>6T,XCMG,XCM,Y,P,OHR,16,0,0,,,0,0,0,0
165,GAR,Argentina,Argentina,Region Latin America,GEC,GPE Excavators Crawled,,>6T,Zoomlion,ZOO,Y,P,OHR,33,0,0,,,0,0,0,0
166,GAR,Argentina,Argentina,Region Latin America,GEW,Wheeled Excavators,,>11T,Jiahe,JIH,,P,PIN,2,0,0,,,0,0,1,1
167,GAR,Argentina,Argentina,Region Latin America,GEW,GPE Excavators Wheeled,,>6T,Develon,DOO,Y,P,OHR,3,0,0,,,0,0,0,0
168,GAR,Argentina,Argentina,Region Latin America,GEW,GPE Excavators Wheeled,,>6T,Hyundai,HYU,Y,P,OHR,4,0,0,,,0,0,0,0
169,GAR,Argentina,Argentina,Region Latin America,GEW,Wheeled Excavators,,>6T,Liangong,LIA,,P,OHR,2,0,0,,,0,0,1,1
170,GAR,Argentina,Argentina,Region Latin America,WLO,Wheel Loaders,,10<12,Aolite,AOL,,P,PIN,12,0,0,,,0,0,0,0
171,GAR,Argentina,Argentina,Region Latin America,WLO,Wheel Loaders,,10<12,HZM,HUZ,,P,PIN,2,0,0,,,0,0,0,0
172,GAR,Argentina,Argentina,Region Latin America,WLO,Wheel Loaders,,10<12,Liugong,LIU,Y,P,PIN,11,0,0,,,0,0,0,0
173,GAR,Argentina,Argentina,Region Latin America,WLO,Wheel Loaders,,10<12,Lonking,LON,,P,PIN,8,0,0,,,0,0,0,0
174,GAR,Argentina,Argentina,Region Latin America,WLO,Wheel Loaders,,10<12,Luzhong,LUZ,,P,PIN,6,0,0,,,0,0,0,0
175,GAR,Argentina,Argentina,Region Latin America,WLO,Wheel Loaders,,7<10,Foton Lovol,FOL,Y,P,PIN,22,0,0,,,0,0,0,0
176,GAR,Argentina,Argentina,Region Latin America,WLO,Wheel Loaders,,7<10,Liugong,LIU,Y,P,PIN,24,0,0,,,0,0,0,0
177,GAR,Argentina,Argentina,Region Latin America,WLO,Wheel Loaders,,7<10,Lonking,LON,,P,PIN,20,0,0,,,0,0,0,0
178,GAR,Argentina,Argentina,Region Latin America,WLO,Wheel Loaders,,7<10,Shantui,SBM,Y,P,PIN,1,0,0,,,0,0,0,0
179,GAR,Argentina,Argentina,Region Latin America,WLO,Wheel Loaders,,7<10,Volvo,VCE,Y,P,PIN,1,0,0,,,0,0,0,0
180,GAR,Argentina,Argentina,Region Latin America,WLO,Wheel Loaders,,7<10,XCMG,XCM,Y,P,PIN,5,0,0,,,0,0,0,0
181,GAR,Argentina,Argentina,Region Latin America,WLO,Wheel Loaders,,<10,Michigan,MGN,,P,OHR,6,0,0,,,0,0,0,0
182,GAR,Argentina,Argentina,Region Latin America,WLO,Wheel Loaders,,<10,OCN,OCN,,P,OHR,3,0,0,,,0,0,0,0
183,GAR,Argentina,Argentina,Region Latin America,WLO,Wheel Loaders,,<10,OTN,OTN,,P,OHR,5,0,0,,,0,0,0,0
184,GAR,Argentina,Argentina,Region Latin America,WLO,Wheel Loaders,,<10,SDLG,LIN,Y,P,OHR,18,0,0,,,0,0,0,0
185,GAR,Argentina,Argentina,Region Latin America,WLO,Wheel Loaders,,<10,Taurus,TAU,,P,OHR,8,0,0,,,0,0,0,0
186,GAR,Argentina,Argentina,Region Latin America,WLO,Wheel Loaders,,<7,Avant,AVA,,P,PIN,9,0,0,,,0,0,0,0
187,GAR,Argentina,Argentina,Region Latin America,WLO,Wheel Loaders,,>10,Case,CAS,Y,P,OHR,7,0,0,,,0,0,0,0
188,GAR,Argentina,Argentina,Region Latin America,WLO,Wheel Loaders,,>10,Caterpillar Inc,,Y,P,OHR,23,0,0,,,0,0,0,0
189,GAR,Argentina,Argentina,Region Latin America,WLO,Wheel Loaders,,>10,Deere,JOH,Y,P,OHR,41,0,0,,,0,0,0,0
190,GAR,Argentina,Argentina,Region Latin America,WLO,Wheel Loaders,,>10,Develon,DOO,Y,P,OHR,6,0,0,,,0,0,0,0
191,GAR,Argentina,Argentina,Region Latin America,WLO,Wheel Loaders,,>10,Ensign,ENS,,P,OHR,87,0,0,,,0,0,1,1
192,GAR,Argentina,Argentina,Region Latin America,WLO,Wheel Loaders,,>10,Foton Lovol,FOL,Y,P,OHR,75,0,0,,,0,0,0,0
193,GAR,Argentina,Argentina,Region Latin America,WLO,Wheel Loaders,,>10,Hyundai,HYU,Y,P,OHR,11,0,0,,,0,0,0,0
194,GAR,Argentina,Argentina,Region Latin America,WLO,Wheel Loaders,,>10,JCB,JCB,Y,P,OHR,2,0,0,,,0,0,0,0
195,GAR,Argentina,Argentina,Region Latin America,WLO,Wheel Loaders,,>10,Komatsu,KOM,Y,P,OHR,47,0,0,,,0,0,0,0
196,GAR,Argentina,Argentina,Region Latin America,WLO,Wheel Loaders,,>10,Liangong,LIA,,P,OHR,47,0,0,,,0,0,1,1
197,GAR,Argentina,Argentina,Region Latin America,WLO,Wheel Loaders,,>10,Liugong,LIU,Y,P,OHR,85,0,0,,,0,0,0,0
198,GAR,Argentina,Argentina,Region Latin America,WLO,Wheel Loaders,,>10,Lonking,LON,,P,OHR,58,0,0,,,0,0,1,1
199,GAR,Argentina,Argentina,Region Latin America,WLO,Wheel Loaders,,>10,Michigan,MGN,,P,OHR,135,0,0,,,0,0,1,1
200,GAR,Argentina,Argentina,Region Latin America,WLO,Wheel Loaders,,>10,OCN,OCN,,P,OHR,89,0,0,,,0,0,1,1
201,GAR,Argentina,Argentina,Region Latin America,WLO,Wheel Loaders,,>10,OTN,OTN,,P,OHR,31,0,0,,,0,0,1,1
202,GAR,Argentina,Argentina,Region Latin America,WLO,Wheel Loaders,,>10,Pauny,PUY,,P,OHR,26,0,0,,,0,0,1,1
203,GAR,Argentina,Argentina,Region Latin America,WLO,Wheel Loaders,,>10,Sany,SNY,Y,P,OHR,25,0,0,,,0,0,0,0
204,GAR,Argentina,Argentina,Region Latin America,WLO,Wheel Loaders,,>10,SDLG,LIN,Y,P,OHR,59,0,0,,,0,0,0,0
205,GAR,Argentina,Argentina,Region Latin America,WLO,Wheel Loaders,,>10,SEM,SEM,Y,P,OHR,29,0,0,,,0,0,0,0
206,GAR,Argentina,Argentina,Region Latin America,WLO,Wheel Loaders,,>10,Shantui,SBM,Y,P,OHR,28,0,0,,,0,0,0,0
207,GAR,Argentina,Argentina,Region Latin America,WLO,Wheel Loaders,,>10,Sinomach,SIM,,P,OHR,71,0,0,,,0,0,1,1
208,GAR,Argentina,Argentina,Region Latin America,WLO,Wheel Loaders,,>10,Volvo,VCE,Y,P,OHR,32,0,0,,,0,0,0,0
209,GAR,Argentina,Argentina,Region Latin America,WLO,Wheel Loaders,,>10,XCMG,XCM,Y,P,OHR,70,0,0,,,0,0,0,0
210,GAR,Argentina,Argentina,Region Latin America,WLO,Wheel Loaders,,>10,Zoomlion,ZOO,,P,OHR,16,0,0,,,0,0,1,1
211,GAR,Argentina,Argentina,Region Latin America,WLO,Wheel Loaders,,>12,Aimix,AMX,,P,PIN,2,0,0,,,0,0,1,1
212,GAR,Argentina,Argentina,Region Latin America,WLO,Wheel Loaders,,>12,Aolite,AOL,,P,PIN,1,0,0,,,0,0,1,1
213,GAR,Argentina,Argentina,Region Latin America,WLO,Wheel Loaders,,>12,Taurus,TAU,,P,PIN,18,0,0,,,0,0,1,1
214,GAT,Austria,Austria,Region Europe,330,Articulated Haulers,,,Bell,BEL,,P,OHR,4,0,0,,,0,0,1,1
215,GAT,Austria,Austria,Region Europe,330,Articulated Haulers,,#,Caterpillar Inc,,Y,P,OHR,1,0,0,,,0,0,0,0
216,GAT,Austria,Austria,Region Europe,330,Articulated Haulers,,#,Develon,DOO,Y,P,OHR,1,0,0,,,0,0,0,0
217,GAT,Austria,Austria,Region Europe,330,Articulated Haulers,,#,Komatsu,KOM,Y,P,OHR,8,0,0,,,0,0,0,0
218,GAT,Austria,Austria,Region Europe,330,Articulated Haulers,,#,Liebherr,LIE,Y,P,OHR,5,0,0,,,0,0,0,0
219,GAT,Austria,Austria,Region Europe,330,Articulated Haulers,,#,Volvo,VCE,Y,P,OHR,10,0,0,,,0,0,0,0
220,GAT,Austria,Austria,Region Europe,340,Rigid Haulers,,#,Caterpillar Inc,,Y,P,OHR,11,0,0,,,0,0,0,0
221,GAT,Austria,Austria,Region Europe,340,Rigid Haulers,,,Dieci,DIE,,P,OHR,1,0,0,,,0,0,1,1
222,GAT,Austria,Austria,Region Europe,340,Rigid Haulers,,#,Komatsu,KOM,Y,P,OHR,7,0,0,,,0,0,0,0
223,GAT,Austria,Austria,Region Europe,380,Motor Graders,,,HBM,HBM,,P,OHR,3,0,0,,,0,0,1,1
224,GAT,Austria,Austria,Region Europe,380,Motor Graders,,#,Case,CAS,Y,P,OHR,1,0,0,,,0,0,0,0
225,GAT,Austria,Austria,Region Europe,380,Motor Graders,,#,Caterpillar Inc,,Y,P,OHR,1,0,0,,,0,0,0,0
226,GAT,Austria,Austria,Region Europe,410,Backhoe Loaders,,,Case,CAS,,P,OHR,1,0,0,,,0,0,1,1
227,GAT,Austria,Austria,Region Europe,410,Backhoe Loaders,,,Caterpillar Inc,CAT,,P,OHR,2,0,0,,,0,0,1,1
228,GAT,Austria,Austria,Region Europe,410,Backhoe Loaders,,,Hydrema,HYD,,P,OHR,1,0,0,,,0,0,1,1
229,GAT,Austria,Austria,Region Europe,410,Backhoe Loaders,,,JCB,JCB,,P,OHR,13,0,0,,,0,0,1,1
230,GAT,Austria,Austria,Region Europe,410,Backhoe Loaders,,,Komatsu,KOM,,P,OHR,1,0,0,,,0,0,1,1
231,GAT,Austria,Austria,Region Europe,CEX,Compact Excavators,,<6T,Bobcat,BOB,Y,P,OHR,79,0,0,,,0,0,0,0
232,GAT,Austria,Austria,Region Europe,CEX,Compact Excavators,,<6T,Caterpillar Inc,,Y,P,OHR,38,0,0,,,0,0,0,0
233,GAT,Austria,Austria,Region Europe,CEX,Compact Excavators,,<6T,Develon,DOO,Y,P,OHR,1,0,0,,,0,0,0,0
234,GAT,Austria,Austria,Region Europe,CEX,Compact Excavators,,<6T,Hitachi,HIT,Y,P,OHR,9,0,0,,,0,0,0,0
235,GAT,Austria,Austria,Region Europe,CEX,Compact Excavators,,<6T,Hyundai,HYU,Y,P,OHR,6,0,0,,,0,0,0,0
236,GAT,Austria,Austria,Region Europe,CEX,Compact Excavators,,<6T,JCB,JCB,Y,P,OHR,3,0,0,,,0,0,0,0
237,GAT,Austria,Austria,Region Europe,CEX,Compact Excavators,,<6T,Kato Imer,KAT,Y,P,OHR,32,0,0,,,0,0,0,0
238,GAT,Austria,Austria,Region Europe,CEX,Compact Excavators,,<6T,Kobelco,KOB,Y,P,OHR,30,0,0,,,0,0,0,0
239,GAT,Austria,Austria,Region Europe,CEX,Compact Excavators,,<6T,Komatsu,KOM,Y,P,OHR,10,0,0,,,0,0,0,0
240,GAT,Austria,Austria,Region Europe,CEX,Compact Excavators,,<6T,Kubota,KUB,Y,P,OHR,92,0,0,,,0,0,0,0
241,GAT,Austria,Austria,Region Europe,CEX,Compact Excavators,,<6T,Sany,SNY,Y,P,OHR,13,0,0,,,0,0,0,0
242,GAT,Austria,Austria,Region Europe,CEX,Compact Excavators,,<6T,Sunward,SUN,Y,P,OHR,4,0,0,,,0,0,0,0
243,GAT,Austria,Austria,Region Europe,CEX,Compact Excavators,,<6T,Takeuchi,TAK,,P,OHR,455,0,0,,,1,1,1,1
244,GAT,Austria,Austria,Region Europe,CEX,Compact Excavators,,<6T,Volvo,VCE,Y,P,OHR,39,0,0,,,0,0,0,0
245,GAT,Austria,Austria,Region Europe,CEX,Compact Excavators,,<6T,Wacker Neuson,WAN,Y,P,OHR,205,0,0,,,0,0,0,0
246,GAT,Austria,Austria,Region Europe,CEX,Compact Excavators,,<6T,XCMG,XCM,,P,OHR,5,0,0,,,1,1,1,1
247,GAT,Austria,Austria,Region Europe,CEX,Compact Excavators,,<6T,Yanmar,YAN,Y,P,OHR,20,0,0,,,0,0,0,0
248,GAT,Austria,Austria,Region Europe,GEC,GPE Excavators Crawled,,>6T,Bobcat,BOB,Y,P,OHR,1,0,0,,,0,0,0,0
249,GAT,Austria,Austria,Region Europe,GEC,GPE Excavators Crawled,,>6T,Case,CAS,Y,P,OHR,5,0,0,,,0,0,0,0
250,GAT,Austria,Austria,Region Europe,GEC,GPE Excavators Crawled,,>6T,Caterpillar Inc,,Y,P,OHR,73,0,0,,,0,0,0,0
251,GAT,Austria,Austria,Region Europe,GEC,GPE Excavators Crawled,,>6T,Develon,DOO,Y,P,OHR,16,0,0,,,0,0,0,0
252,GAT,Austria,Austria,Region Europe,GEC,GPE Excavators Crawled,,>6T,Eurocomach,EUR,Y,P,OHR,3,0,0,,,0,0,0,0
253,GAT,Austria,Austria,Region Europe,GEC,GPE Excavators Crawled,,>6T,Hitachi,HIT,Y,P,OHR,60,0,0,,,0,0,0,0
254,GAT,Austria,Austria,Region Europe,GEC,GPE Excavators Crawled,,>6T,Hyundai,HYU,Y,P,OHR,7,0,0,,,0,0,0,0
255,GAT,Austria,Austria,Region Europe,GEC,GPE Excavators Crawled,,>6T,JCB,JCB,Y,P,OHR,3,0,0,,,0,0,0,0
256,GAT,Austria,Austria,Region Europe,GEC,GPE Excavators Crawled,,>6T,Kobelco,KOB,Y,P,OHR,118,0,0,,,0,0,0,0
257,GAT,Austria,Austria,Region Europe,GEC,GPE Excavators Crawled,,>6T,Komatsu,KOM,Y,P,OHR,47,0,0,,,0,0,0,0
258,GAT,Austria,Austria,Region Europe,GEC,GPE Excavators Crawled,,>6T,Kubota,KUB,Y,P,OHR,24,0,0,,,0,0,0,0
259,GAT,Austria,Austria,Region Europe,GEC,GPE Excavators Crawled,,>6T,Liebherr,LIE,Y,P,OHR,39,0,0,,,0,0,0,0
260,GAT,Austria,Austria,Region Europe,GEC,GPE Excavators Crawled,,>6T,Mecalac,MEC,Y,P,OHR,1,0,0,,,0,0,0,0
261,GAT,Austria,Austria,Region Europe,GEC,GPE Excavators Crawled,,>6T,Sany,SNY,Y,P,OHR,13,0,0,,,0,0,0,0
262,GAT,Austria,Austria,Region Europe,GEC,GPE Excavators Crawled,,>6T,Sunward,SUN,Y,P,OHR,2,0,0,,,0,0,0,0
263,GAT,Austria,Austria,Region Europe,GEC,Crawler Excavators,,>6T,Takeuchi,TAK,,P,OHR,367,0,0,,,0,0,1,1
264,GAT,Austria,Austria,Region Europe,GEC,GPE Excavators Crawled,,>6T,Volvo,VCE,Y,P,OHR,81,0,0,,,0,0,0,0
265,GAT,Austria,Austria,Region Europe,GEC,GPE Excavators Crawled,,>6T,Wacker Neuson,WAN,Y,P,OHR,110,0,0,,,0,0,0,0
266,GAT,Austria,Austria,Region Europe,GEC,Crawler Excavators,,>6T,XCMG,XCM,,P,OHR,1,0,0,,,0,0,1,1
267,GAT,Austria,Austria,Region Europe,GEW,GPE Excavators Wheeled,,>6T,Caterpillar Inc,,Y,P,OHR,16,0,0,,,0,0,0,0
268,GAT,Austria,Austria,Region Europe,GEW,GPE Excavators Wheeled,,>6T,Develon,DOO,Y,P,OHR,23,0,0,,,0,0,0,0
269,GAT,Austria,Austria,Region Europe,GEW,Wheeled Excavators,,>6T,Fuchs,FUH,,P,OHR,23,0,0,,,0,0,1,1
270,GAT,Austria,Austria,Region Europe,GEW,GPE Excavators Wheeled,,>6T,Hitachi,HIT,Y,P,OHR,23,0,0,,,0,0,0,0
271,GAT,Austria,Austria,Region Europe,GEW,GPE Excavators Wheeled,,>6T,Hyundai,HYU,Y,P,OHR,1,0,0,,,0,0,0,0
272,GAT,Austria,Austria,Region Europe,GEW,GPE Excavators Wheeled,,>6T,JCB,JCB,Y,P,OHR,8,0,0,,,0,0,0,0
273,GAT,Austria,Austria,Region Europe,GEW,GPE Excavators Wheeled,,>6T,Komatsu,KOM,Y,P,OHR,4,0,0,,,0,0,0,0
274,GAT,Austria,Austria,Region Europe,GEW,GPE Excavators Wheeled,,>6T,Liebherr,LIE,Y,P,OHR,85,0,0,,,0,0,0,0
275,GAT,Austria,Austria,Region Europe,GEW,Wheeled Excavators,,>6T,Sennebogen,SEN,,P,OHR,11,0,0,,,0,0,1,1
276,GAT,Austria,Austria,Region Europe,GEW,Wheeled Excavators,,>6T,Takeuchi,TAK,,P,OHR,90,0,0,,,0,0,1,1
277,GAT,Austria,Austria,Region Europe,GEW,GPE Excavators Wheeled,,>6T,Volvo,VCE,Y,P,OHR,22,0,0,,,0,0,0,0
278,GAT,Austria,Austria,Region Europe,GEW,GPE Excavators Wheeled,,>6T,Wacker Neuson,WAN,Y,P,OHR,55,0,0,,,0,0,0,0
279,GAT,Austria,Austria,Region Europe,GEW,GPE Excavators Wheeled,,>6T,Yanmar,YAN,Y,P,OHR,11,0,0,,,0,0,0,0
280,GAT,Austria,Austria,Region Europe,WLO,Wheel Loaders,,<10,Atlas Weyhausen,ATW,Y,P,OHR,20,0,0,,,0,0,0,0
281,GAT,Austria,Austria,Region Europe,WLO,Wheel Loaders,,<10,Bobcat,BOB,Y,P,OHR,17,0,0,,,0,0,0,0
282,GAT,Austria,Austria,Region Europe,WLO,Wheel Loaders,,<10,Caterpillar Inc,,Y,P,OHR,36,0,0,,,0,0,0,0
283,GAT,Austria,Austria,Region Europe,WLO,Wheel Loaders,,<10,Claas,,Y,P,OHR,8,0,0,,,0,0,0,0
284,GAT,Austria,Austria,Region Europe,WLO,Wheel Loaders,,<10,Hitachi,HIT,Y,P,OHR,3,0,0,,,0,0,0,0
285,GAT,Austria,Austria,Region Europe,WLO,Wheel Loaders,,<10,JCB,JCB,Y,P,OHR,37,0,0,,,0,0,0,0
286,GAT,Austria,Austria,Region Europe,WLO,Wheel Loaders,,<10,Komatsu,KOM,Y,P,OHR,8,0,0,,,0,0,0,0
287,GAT,Austria,Austria,Region Europe,WLO,Wheel Loaders,,<10,Kramer,KRA,Y,P,OHR,120,0,0,,,0,0,0,0
288,GAT,Austria,Austria,Region Europe,WLO,Wheel Loaders,,<10,Kubota,KUB,Y,P,OHR,14,0,0,,,0,0,0,0
289,GAT,Austria,Austria,Region Europe,WLO,Wheel Loaders,,<10,Liebherr,LIE,Y,P,OHR,89,0,0,,,0,0,0,0
290,GAT,Austria,Austria,Region Europe,WLO,Wheel Loaders,,<10,Manitou,MTU,Y,P,OHR,5,0,0,,,0,0,0,0
291,GAT,Austria,Austria,Region Europe,WLO,Wheel Loaders,,<10,Mecalac,MEC,Y,P,OHR,3,0,0,,,0,0,0,0
292,GAT,Austria,Austria,Region Europe,WLO,Wheel Loaders,,<10,Volvo,VCE,Y,P,OHR,9,0,0,,,0,0,0,0
293,GAT,Austria,Austria,Region Europe,WLO,Wheel Loaders,,<10,Wacker Neuson,WAN,Y,P,OHR,5,0,0,,,0,0,0,0
294,GAT,Austria,Austria,Region Europe,WLO,Wheel Loaders,,<10,Weidemann,WEI,,P,OHR,59,0,0,,,0,0,0,0
295,GAT,Austria,Austria,Region Europe,WLO,Wheel Loaders,,>10,Case,CAS,Y,P,OHR,1,0,0,,,0,0,0,0
296,GAT,Austria,Austria,Region Europe,WLO,Wheel Loaders,,>10,Caterpillar Inc,,Y,P,OHR,45,0,0,,,0,0,0,0
297,GAT,Austria,Austria,Region Europe,WLO,Wheel Loaders,,>10,Claas,,Y,P,OHR,3,0,0,,,0,0,0,0
298,GAT,Austria,Austria,Region Europe,WLO,Wheel Loaders,,>10,Develon,DOO,Y,P,OHR,9,0,0,,,0,0,0,0
299,GAT,Austria,Austria,Region Europe,WLO,Wheel Loaders,,>10,Hitachi,HIT,Y,P,OHR,7,0,0,,,0,0,0,0
300,GAT,Austria,Austria,Region Europe,WLO,Wheel Loaders,,>10,Hyundai,HYU,Y,P,OHR,1,0,0,,,0,0,0,0
301,GAT,Austria,Austria,Region Europe,WLO,Wheel Loaders,,>10,JCB,JCB,Y,P,OHR,4,0,0,,,0,0,0,0
302,GAT,Austria,Austria,Region Europe,WLO,Wheel Loaders,,>10,Komatsu,KOM,Y,P,OHR,22,0,0,,,0,0,0,0
303,GAT,Austria,Austria,Region Europe,WLO,Wheel Loaders,,>10,Kramer,KRA,Y,P,OHR,17,0,0,,,0,0,0,0
304,GAT,Austria,Austria,Region Europe,WLO,Wheel Loaders,,>10,Liebherr,LIE,Y,P,OHR,99,0,0,,,0,0,0,0
305,GAT,Austria,Austria,Region Europe,WLO,Wheel Loaders,,>10,OTN,OTN,,P,OHR,1,0,0,,,0,0,1,1
306,GAT,Austria,Austria,Region Europe,WLO,Wheel Loaders,,>10,Sany,SNY,Y,P,OHR,1,0,0,,,0,0,0,0
307,GAT,Austria,Austria,Region Europe,WLO,Wheel Loaders,,>10,Volvo,VCE,Y,P,OHR,87,0,0,,,0,0,0,0
308,GAT,Austria,Austria,Region Europe,WLO,Wheel Loaders,,>10,Weidemann,WEI,,P,OHR,7,0,0,,,0,0,1,1
309,GAU,Australia,Australia,Region International,330,Articulated Haulers,,#,Bell,BEL,Y,P,EAU,102,0,0,,,0,0,0,0
310,GAU,Australia,Australia,Region International,330,Articulated Haulers,,#,Caterpillar Inc,,Y,P,EAU,123,0,0,,,0,0,0,0
311,GAU,Australia,Australia,Region International,330,Articulated Haulers,,#,Deere,JOH,Y,P,EAU,11,0,0,,,0,0,0,0
312,GAU,Australia,Australia,Region International,330,Articulated Haulers,,#,Komatsu,KOM,Y,P,EAU,142,0,0,,,0,0,0,0
313,GAU,Australia,Australia,Region International,330,Articulated Haulers,,#,Liebherr,LIE,Y,P,EAU,18,0,0,,,0,0,0,0
314,GAU,Australia,Australia,Region International,330,Articulated Haulers,,,OTN,OTN,,P,EAU,16,0,0,,,0,0,1,1
315,GAU,Australia,Australia,Region International,330,Articulated Haulers,,#,Rokbak,,Y,P,EAU,18,0,0,,,0,0,0,0
316,GAU,Australia,Australia,Region International,330,Articulated Haulers,,#,Volvo,VCE,Y,P,EAU,160,0,0,,,0,0,0,0
317,GAU,Australia,Australia,Region International,340,Rigid Haulers,,#,Caterpillar Inc,,Y,P,EAU,168,0,0,,,0,0,0,0
318,GAU,Australia,Australia,Region International,340,Rigid Haulers,,#,Hitachi,HIT,Y,P,EAU,22,0,0,,,0,0,0,0
319,GAU,Australia,Australia,Region International,340,Rigid Haulers,,#,Komatsu,KOM,Y,P,EAU,161,0,0,,,0,0,0,0
320,GAU,Australia,Australia,Region International,340,Rigid Haulers,,#,Liebherr,LIE,Y,P,EAU,39,0,0,,,0,0,0,0
321,GAU,Australia,Australia,Region International,CEX,Compact Excavators,,6<10T,Bobcat,BOB,Y,P,EAU,10,0,0,,,0,0,0,0
322,GAU,Australia,Australia,Region International,CEX,Compact Excavators,,6<10T,Case,CAS,Y,P,EAU,18,0,0,,,0,0,0,0
323,GAU,Australia,Australia,Region International,CEX,Compact Excavators,,6<10T,Caterpillar Inc,,Y,P,EAU,172,0,0,,,0,0,0,0
324,GAU,Australia,Australia,Region International,CEX,Compact Excavators,,6<10T,Hitachi,HIT,Y,P,EAU,97,0,0,,,0,0,0,0
325,GAU,Australia,Australia,Region International,CEX,Compact Excavators,,6<10T,Hyundai,HYU,Y,P,EAU,17,0,0,,,0,0,0,0
326,GAU,Australia,Australia,Region International,CEX,Compact Excavators,,6<10T,JCB,JCB,Y,P,EAU,5,0,0,,,0,0,0,0
327,GAU,Australia,Australia,Region International,CEX,Compact Excavators,,6<10T,Kobelco,KOB,Y,P,EAU,129,0,0,,,0,0,0,0
328,GAU,Australia,Australia,Region International,CEX,Compact Excavators,,6<10T,Komatsu,KOM,Y,P,EAU,59,0,0,,,0,0,0,0
329,GAU,Australia,Australia,Region International,CEX,Compact Excavators,,6<10T,Kubota,KUB,Y,P,EAU,153,0,0,,,0,0,0,0
330,GAU,Australia,Australia,Region International,CEX,Compact Excavators,,6<10T,Sany,SNY,Y,P,EAU,19,0,0,,,0,0,0,0
331,GAU,Australia,Australia,Region International,CEX,Compact Excavators,,6<10T,Sumitomo,SUM,Y,P,EAU,27,0,0,,,0,0,0,0
332,GAU,Australia,Australia,Region International,CEX,Compact Excavators,,6<10T,Volvo,VCE,Y,P,EAU,8,0,0,,,0,0,0,0
333,GAU,Australia,Australia,Region International,CEX,Compact Excavators,,6<10T,Yanmar,YAN,Y,P,EAU,174,0,0,,,0,0,0,0
334,GAU,Australia,Australia,Region International,CEX,Compact Excavators,,<11T,Volvo,VCE,Y,P,EAU,11,0,0,,,0,0,0,0
335,GAU,Australia,Australia,Region International,CEX,Compact Excavators,,<6T,Airman,AIR,Y,P,EAU,15,0,0,,,0,0,0,0
336,GAU,Australia,Australia,Region International,CEX,Compact Excavators,,<6T,Bobcat,BOB,Y,P,EAU,523,0,0,,,0,0,0,0
337,GAU,Australia,Australia,Region International,CEX,Compact Excavators,,<6T,Case,CAS,Y,P,EAU,135,0,0,,,0,0,0,0
338,GAU,Australia,Australia,Region International,CEX,Compact Excavators,,<6T,Caterpillar Inc,,Y,P,EAU,634,0,0,,,0,0,0,0
339,GAU,Australia,Australia,Region International,CEX,Compact Excavators,,<6T,Deere,JOH,Y,P,EAU,135,0,0,,,0,0,0,0
340,GAU,Australia,Australia,Region International,CEX,Compact Excavators,,<6T,Hitachi,HIT,Y,P,EAU,518,0,0,,,0,0,0,0
341,GAU,Australia,Australia,Region International,CEX,Compact Excavators,,<6T,Hyundai,HYU,Y,P,EAU,121,0,0,,,0,0,0,0
342,GAU,Australia,Australia,Region International,CEX,Compact Excavators,,<6T,JCB,JCB,Y,P,EAU,125,0,0,,,0,0,0,0
343,GAU,Australia,Australia,Region International,CEX,Compact Excavators,,<6T,Kobelco,KOB,Y,P,EAU,924,0,0,,,0,0,0,0
344,GAU,Australia,Australia,Region International,CEX,Compact Excavators,,<6T,Komatsu,KOM,Y,P,EAU,572,0,0,,,0,0,0,0
345,GAU,Australia,Australia,Region International,CEX,Compact Excavators,,<6T,Kubota,KUB,Y,P,EAU,2282,0,0,,,0,0,0,0
346,GAU,Australia,Australia,Region International,CEX,Compact Excavators,,<6T,Liugong,LIU,Y,P,EAU,64,0,0,,,0,0,0,0
347,GAU,Australia,Australia,Region International,CEX,Compact Excavators,,<6T,New Holland,NEW,Y,P,EAU,56,0,0,,,0,0,0,0
348,GAU,Australia,Australia,Region International,CEX,Compact Excavators,,<6T,Sany,SNY,Y,P,EAU,231,0,0,,,0,0,0,0
349,GAU,Australia,Australia,Region International,CEX,Compact Excavators,,<6T,SDLG,LIN,Y,P,EAU,21,0,0,,,0,0,0,0
350,GAU,Australia,Australia,Region International,CEX,Compact Excavators,,<6T,Sunward,SUN,Y,P,EAU,30,0,0,,,0,0,0,0
351,GAU,Australia,Australia,Region International,CEX,Compact Excavators,,<6T,Volvo,VCE,Y,P,EAU,21,0,0,,,0,0,0,0
352,GAU,Australia,Australia,Region International,CEX,Compact Excavators,,<6T,XCMG,XCM,Y,P,EAU,273,0,0,,,0,0,0,0
353,GAU,Australia,Australia,Region International,CEX,Compact Excavators,,<6T,Yanmar,YAN,Y,P,EAU,847,0,0,,,0,0,0,0
354,GAU,Australia,Australia,Region International,GEC,GPE Excavators Crawled,,>10T,Case,CAS,Y,P,EAU,152,0,0,,,0,0,0,0
355,GAU,Australia,Australia,Region International,GEC,GPE Excavators Crawled,,>10T,Caterpillar Inc,,Y,P,EAU,504,0,0,,,0,0,0,0
356,GAU,Australia,Australia,Region International,GEC,GPE Excavators Crawled,,>10T,Deere,JOH,Y,P,EAU,43,0,0,,,0,0,0,0
357,GAU,Australia,Australia,Region International,GEC,GPE Excavators Crawled,,>10T,Develon,DOO,Y,P,EAU,65,0,0,,,0,0,0,0
358,GAU,Australia,Australia,Region International,GEC,GPE Excavators Crawled,,>10T,Hidromek,HID,Y,P,EAU,6,0,0,,,0,0,0,0
359,GAU,Australia,Australia,Region International,GEC,GPE Excavators Crawled,,>10T,Hitachi,HIT,Y,P,EAU,417,0,0,,,0,0,0,0
360,GAU,Australia,Australia,Region International,GEC,GPE Excavators Crawled,,>10T,Hyundai,HYU,Y,P,EAU,85,0,0,,,0,0,0,0
361,GAU,Australia,Australia,Region International,GEC,GPE Excavators Crawled,,>10T,JCB,JCB,Y,P,EAU,35,0,0,,,0,0,0,0
362,GAU,Australia,Australia,Region International,GEC,GPE Excavators Crawled,,>10T,Kobelco,KOB,Y,P,EAU,530,0,0,,,0,0,0,0
363,GAU,Australia,Australia,Region International,GEC,GPE Excavators Crawled,,>10T,Komatsu,KOM,Y,P,EAU,489,0,0,,,0,0,0,0
364,GAU,Australia,Australia,Region International,GEC,GPE Excavators Crawled,,>10T,Liebherr,LIE,Y,P,EAU,32,0,0,,,0,0,0,0
365,GAU,Australia,Australia,Region International,GEC,GPE Excavators Crawled,,>10T,Liugong,LIU,Y,P,EAU,15,0,0,,,0,0,0,0
366,GAU,Australia,Australia,Region International,GEC,GPE Excavators Crawled,,>10T,Sany,SNY,Y,P,EAU,64,0,0,,,0,0,0,0
367,GAU,Australia,Australia,Region International,GEC,GPE Excavators Crawled,,>10T,Sumitomo,SUM,Y,P,EAU,230,0,0,,,0,0,0,0
368,GAU,Australia,Australia,Region International,GEC,GPE Excavators Crawled,,>10T,Volvo,VCE,Y,P,EAU,166,0,0,,,0,0,0,0
369,GAU,Australia,Australia,Region International,GEC,GPE Excavators Crawled,,>10T,XCMG,XCM,Y,P,EAU,30,0,0,,,0,0,0,0
370,GAU,Australia,Australia,Region International,GEW,GPE Excavators Wheeled,,>11T,Caterpillar Inc,,Y,P,EAU,4,0,0,,,0,0,0,0
371,GAU,Australia,Australia,Region International,GEW,GPE Excavators Wheeled,,>11T,Develon,DOO,Y,P,EAU,23,0,0,,,0,0,0,0
372,GAU,Australia,Australia,Region International,GEW,GPE Excavators Wheeled,,>11T,Hitachi,HIT,Y,P,EAU,47,0,0,,,0,0,0,0
373,GAU,Australia,Australia,Region International,GEW,GPE Excavators Wheeled,,>11T,Hyundai,HYU,Y,P,EAU,19,0,0,,,0,0,0,0
374,GAU,Australia,Australia,Region International,GEW,GPE Excavators Wheeled,,>11T,JCB,JCB,Y,P,EAU,8,0,0,,,0,0,0,0
375,GAU,Australia,Australia,Region International,GEW,GPE Excavators Wheeled,,>11T,Liebherr,LIE,Y,P,EAU,34,0,0,,,0,0,0,0
376,GAU,Australia,Australia,Region International,GEW,GPE Excavators Wheeled,,>11T,Volvo,VCE,Y,P,EAU,8,0,0,,,0,0,0,0
377,GAU,Australia,Australia,Region International,WLO,Wheel Loaders,,10<12,Caterpillar Inc,,Y,P,EAU,8,0,0,,,0,0,0,0
378,GAU,Australia,Australia,Region International,WLO,Wheel Loaders,,10<12,Hitachi,HIT,Y,P,EAU,6,0,0,,,0,0,0,0
379,GAU,Australia,Australia,Region International,WLO,Wheel Loaders,,10<12,JCB,JCB,Y,P,EAU,2,0,0,,,0,0,0,0
380,GAU,Australia,Australia,Region International,WLO,Wheel Loaders,,10<12,Komatsu,KOM,Y,P,EAU,23,0,0,,,0,0,0,0
381,GAU,Australia,Australia,Region International,WLO,Wheel Loaders,,10<12,Liebherr,LIE,Y,P,EAU,2,0,0,,,0,0,0,0
382,GAU,Australia,Australia,Region International,WLO,Wheel Loaders,,10<12,Volvo,VCE,Y,P,EAU,5,0,0,,,0,0,0,0
383,GAU,Australia,Australia,Region International,WLO,Wheel Loaders,,10<12,XCMG,XCM,Y,P,EAU,10,0,0,,,0,0,0,0
384,GAU,Australia,Australia,Region International,WLO,Wheel Loaders,,7<10,Case,CAS,Y,P,EAU,7,0,0,,,0,0,0,0
385,GAU,Australia,Australia,Region International,WLO,Wheel Loaders,,7<10,Caterpillar Inc,,Y,P,EAU,4,0,0,,,0,0,0,0
386,GAU,Australia,Australia,Region International,WLO,Wheel Loaders,,7<10,Hitachi,HIT,Y,P,EAU,4,0,0,,,0,0,0,0
387,GAU,Australia,Australia,Region International,WLO,Wheel Loaders,,7<10,JCB,JCB,Y,P,EAU,8,0,0,,,0,0,0,0
388,GAU,Australia,Australia,Region International,WLO,Wheel Loaders,,7<10,Komatsu,KOM,Y,P,EAU,11,0,0,,,0,0,0,0
389,GAU,Australia,Australia,Region International,WLO,Wheel Loaders,,7<10,New Holland,NEW,Y,P,EAU,1,0,0,,,0,0,0,0
390,GAU,Australia,Australia,Region International,WLO,Wheel Loaders,,7<10,SDLG,LIN,Y,P,EAU,1,0,0,,,0,0,0,0
391,GAU,Australia,Australia,Region International,WLO,Wheel Loaders,,7<10,Volvo,VCE,Y,P,EAU,5,0,0,,,0,0,0,0
392,GAU,Australia,Australia,Region International,WLO,Wheel Loaders,,7<10,XCMG,XCM,Y,P,EAU,9,0,0,,,0,0,0,0
393,GAU,Australia,Australia,Region International,WLO,Wheel Loaders,,7<10,Yanmar,YAN,Y,P,EAU,1,0,0,,,0,0,0,0
394,GAU,Australia,Australia,Region International,WLO,Wheel Loaders,,<7,Kubota,KUB,Y,P,EAU,24,0,0,,,0,0,0,0
395,GAU,Australia,Australia,Region International,WLO,Wheel Loaders,,<7,Volvo,VCE,Y,P,EAU,1,0,0,,,0,0,0,0
396,GAU,Australia,Australia,Region International,WLO,Wheel Loaders,,>12,Case,CAS,Y,P,EAU,20,0,0,,,0,0,0,0
397,GAU,Australia,Australia,Region International,WLO,Wheel Loaders,,>12,Caterpillar Inc,,Y,P,EAU,447,0,0,,,0,0,0,0
398,GAU,Australia,Australia,Region International,WLO,Wheel Loaders,,>12,Deere,JOH,Y,P,EAU,41,0,0,,,0,0,0,0
399,GAU,Australia,Australia,Region International,WLO,Wheel Loaders,,>12,Develon,DOO,Y,P,EAU,38,0,0,,,0,0,0,0
400,GAU,Australia,Australia,Region International,WLO,Wheel Loaders,,>12,Hitachi,HIT,Y,P,EAU,141,0,0,,,0,0,0,0
401,GAU,Australia,Australia,Region International,WLO,Wheel Loaders,,>12,Hyundai,HYU,Y,P,EAU,101,0,0,,,0,0,0,0
402,GAU,Australia,Australia,Region International,WLO,Wheel Loaders,,>12,JCB,JCB,Y,P,EAU,56,0,0,,,0,0,0,0
403,GAU,Australia,Australia,Region International,WLO,Wheel Loaders,,>12,Komatsu,KOM,Y,P,EAU,353,0,0,,,0,0,0,0
404,GAU,Australia,Australia,Region International,WLO,Wheel Loaders,,>12,Liebherr,LIE,Y,P,EAU,27,0,0,,,0,0,0,0
405,GAU,Australia,Australia,Region International,WLO,Wheel Loaders,,>12,Liugong,LIU,Y,P,EAU,28,0,0,,,0,0,0,0
406,GAU,Australia,Australia,Region International,WLO,Wheel Loaders,,>12,New Holland,NEW,Y,P,EAU,3,0,0,,,0,0,0,0
407,GAU,Australia,Australia,Region International,WLO,Wheel Loaders,,>12,SDLG,LIN,Y,P,EAU,24,0,0,,,0,0,0,0
408,GAU,Australia,Australia,Region International,WLO,Wheel Loaders,,>12,Volvo,VCE,Y,P,EAU,291,0,0,,,0,0,0,0
409,GAU,Australia,Australia,Region International,WLO,Wheel Loaders,,>12,XCMG,XCM,Y,P,EAU,16,0,0,,,0,0,0,0
410,GBE,Belgium,Belgium,Region Europe,330,Articulated Haulers,,,Bell,BEL,,P,OHR,6,0,0,,,0,0,1,1
411,GBE,Belgium,Belgium,Region Europe,330,Articulated Haulers,,#,Caterpillar Inc,,Y,P,OHR,7,0,0,,,0,0,0,0
412,GBE,Belgium,Belgium,Region Europe,330,Articulated Haulers,,#,Komatsu,KOM,Y,P,OHR,4,0,0,,,0,0,0,0
413,GBE,Belgium,Belgium,Region Europe,330,Articulated Haulers,,#,Volvo,VCE,Y,P,OHR,18,0,0,,,0,0,0,0
414,GBE,Belgium,Belgium,Region Europe,340,Rigid Haulers,,#,Caterpillar Inc,,Y,P,OHR,4,0,0,,,0,0,0,0
415,GBE,Belgium,Belgium,Region Europe,340,Rigid Haulers,,#,Komatsu,KOM,Y,P,OHR,1,0,0,,,0,0,0,0
416,GBE,Belgium,Belgium,Region Europe,380,Motor Graders,,,HBM,HBM,,P,OHR,1,0,0,,,0,0,1,1
417,GBE,Belgium,Belgium,Region Europe,380,Motor Graders,,#,Case,CAS,Y,P,OHR,1,0,0,,,0,0,0,0
418,GBE,Belgium,Belgium,Region Europe,380,Motor Graders,,#,Caterpillar Inc,,Y,P,OHR,2,0,0,,,0,0,0,0
419,GBE,Belgium,Belgium,Region Europe,410,Backhoe Loaders,,,Case,CAS,,P,OHR,6,0,0,,,0,0,1,1
420,GBE,Belgium,Belgium,Region Europe,410,Backhoe Loaders,,,JCB,JCB,,P,OHR,3,0,0,,,0,0,1,1
421,GBE,Belgium,Belgium,Region Europe,410,Backhoe Loaders,,,New Holland,NEW,,P,OHR,3,0,0,,,0,0,1,1
422,GBE,Belgium,Belgium,Region Europe,CEX,Compact Excavators,,<6T,Bobcat,BOB,Y,P,OHR,286,0,0,,,0,0,0,0
423,GBE,Belgium,Belgium,Region Europe,CEX,Compact Excavators,,<6T,Case,CAS,Y,P,OHR,65,0,0,,,0,0,0,0
424,GBE,Belgium,Belgium,Region Europe,CEX,Compact Excavators,,<6T,Caterpillar Inc,,Y,P,OHR,105,0,0,,,0,0,0,0
425,GBE,Belgium,Belgium,Region Europe,CEX,Compact Excavators,,<6T,Develon,DOO,Y,P,OHR,46,0,0,,,0,0,0,0
426,GBE,Belgium,Belgium,Region Europe,CEX,Compact Excavators,,<6T,Eurocomach,EUR,Y,P,OHR,10,0,0,,,0,0,0,0
427,GBE,Belgium,Belgium,Region Europe,CEX,Compact Excavators,,<6T,Hitachi,HIT,Y,P,OHR,160,0,0,,,0,0,0,0
428,GBE,Belgium,Belgium,Region Europe,CEX,Compact Excavators,,<6T,Hyundai,HYU,Y,P,OHR,26,0,0,,,0,0,0,0
429,GBE,Belgium,Belgium,Region Europe,CEX,Compact Excavators,,<6T,JCB,JCB,Y,P,OHR,57,0,0,,,0,0,0,0
430,GBE,Belgium,Belgium,Region Europe,CEX,Compact Excavators,,<6T,Kato Imer,KAT,Y,P,OHR,20,0,0,,,0,0,0,0
431,GBE,Belgium,Belgium,Region Europe,CEX,Compact Excavators,,<6T,Kobelco,KOB,Y,P,OHR,104,0,0,,,0,0,0,0
432,GBE,Belgium,Belgium,Region Europe,CEX,Compact Excavators,,<6T,Komatsu,KOM,Y,P,OHR,55,0,0,,,0,0,0,0
433,GBE,Belgium,Belgium,Region Europe,CEX,Compact Excavators,,<6T,Kubota,KUB,Y,P,OHR,680,0,0,,,0,0,0,0
434,GBE,Belgium,Belgium,Region Europe,CEX,Compact Excavators,,<6T,New Holland,NEW,Y,P,OHR,25,0,0,,,0,0,0,0
435,GBE,Belgium,Belgium,Region Europe,CEX,Compact Excavators,,<6T,Sany,SNY,Y,P,OHR,16,0,0,,,0,0,0,0
436,GBE,Belgium,Belgium,Region Europe,CEX,Compact Excavators,,<6T,Sunward,SUN,Y,P,OHR,96,0,0,,,0,0,0,0
437,GBE,Belgium,Belgium,Region Europe,CEX,Compact Excavators,,<6T,Takeuchi,TAK,,P,OHR,120,0,0,,,1,1,1,1
438,GBE,Belgium,Belgium,Region Europe,CEX,Compact Excavators,,<6T,Volvo,VCE,Y,P,OHR,94,0,0,,,0,0,0,0
439,GBE,Belgium,Belgium,Region Europe,CEX,Compact Excavators,,<6T,Wacker Neuson,WAN,Y,P,OHR,140,0,0,,,0,0,0,0
440,GBE,Belgium,Belgium,Region Europe,CEX,Compact Excavators,,<6T,XCMG,XCM,,P,OHR,11,0,0,,,1,1,1,1
441,GBE,Belgium,Belgium,Region Europe,CEX,Compact Excavators,,<6T,Yanmar,YAN,Y,P,OHR,100,0,0,,,0,0,0,0
442,GBE,Belgium,Belgium,Region Europe,GEC,GPE Excavators Crawled,,>6T,Bobcat,BOB,Y,P,OHR,5,0,0,,,0,0,0,0
443,GBE,Belgium,Belgium,Region Europe,GEC,GPE Excavators Crawled,,>6T,Case,CAS,Y,P,OHR,65,0,0,,,0,0,0,0
444,GBE,Belgium,Belgium,Region Europe,GEC,GPE Excavators Crawled,,>6T,Caterpillar Inc,,Y,P,OHR,85,0,0,,,0,0,0,0
445,GBE,Belgium,Belgium,Region Europe,GEC,GPE Excavators Crawled,,>6T,Develon,DOO,Y,P,OHR,47,0,0,,,0,0,0,0
446,GBE,Belgium,Belgium,Region Europe,GEC,GPE Excavators Crawled,,>6T,Eurocomach,EUR,Y,P,OHR,6,0,0,,,0,0,0,0
447,GBE,Belgium,Belgium,Region Europe,GEC,GPE Excavators Crawled,,>6T,Hidromek,HID,Y,P,OHR,5,0,0,,,0,0,0,0
448,GBE,Belgium,Belgium,Region Europe,GEC,GPE Excavators Crawled,,>6T,Hitachi,HIT,Y,P,OHR,282,0,0,,,0,0,0,0
449,GBE,Belgium,Belgium,Region Europe,GEC,GPE Excavators Crawled,,>6T,Hyundai,HYU,Y,P,OHR,15,0,0,,,0,0,0,0
450,GBE,Belgium,Belgium,Region Europe,GEC,GPE Excavators Crawled,,>6T,JCB,JCB,Y,P,OHR,4,0,0,,,0,0,0,0
451,GBE,Belgium,Belgium,Region Europe,GEC,GPE Excavators Crawled,,>6T,Kobelco,KOB,Y,P,OHR,93,0,0,,,0,0,0,0
452,GBE,Belgium,Belgium,Region Europe,GEC,GPE Excavators Crawled,,>6T,Komatsu,KOM,Y,P,OHR,49,0,0,,,0,0,0,0
453,GBE,Belgium,Belgium,Region Europe,GEC,GPE Excavators Crawled,,>6T,Kubota,KUB,Y,P,OHR,67,0,0,,,0,0,0,0
454,GBE,Belgium,Belgium,Region Europe,GEC,GPE Excavators Crawled,,>6T,Liebherr,LIE,Y,P,OHR,22,0,0,,,0,0,0,0
455,GBE,Belgium,Belgium,Region Europe,GEC,GPE Excavators Crawled,,>6T,Mecalac,MEC,Y,P,OHR,1,0,0,,,0,0,0,0
456,GBE,Belgium,Belgium,Region Europe,GEC,Crawler Excavators,,>6T,OTN,OTN,,P,OHR,2,0,0,,,0,0,1,1
457,GBE,Belgium,Belgium,Region Europe,GEC,GPE Excavators Crawled,,>6T,Sany,SNY,Y,P,OHR,12,0,0,,,0,0,0,0
458,GBE,Belgium,Belgium,Region Europe,GEC,GPE Excavators Crawled,,>6T,Sunward,SUN,Y,P,OHR,19,0,0,,,0,0,0,0
459,GBE,Belgium,Belgium,Region Europe,GEC,Crawler Excavators,,>6T,Takeuchi,TAK,,P,OHR,20,0,0,,,0,0,1,1
460,GBE,Belgium,Belgium,Region Europe,GEC,GPE Excavators Crawled,,>6T,Volvo,VCE,Y,P,OHR,83,0,0,,,0,0,0,0
461,GBE,Belgium,Belgium,Region Europe,GEC,GPE Excavators Crawled,,>6T,Wacker Neuson,WAN,Y,P,OHR,35,0,0,,,0,0,0,0
462,GBE,Belgium,Belgium,Region Europe,GEC,Crawler Excavators,,>6T,XCMG,XCM,,P,OHR,2,0,0,,,0,0,1,1
463,GBE,Belgium,Belgium,Region Europe,GEC,GPE Excavators Crawled,,>6T,Yanmar,YAN,Y,P,OHR,20,0,0,,,0,0,0,0
464,GBE,Belgium,Belgium,Region Europe,GEW,GPE Excavators Wheeled,,>6T,Bobcat,BOB,Y,P,OHR,0,0,0,,,0,0,0,0
465,GBE,Belgium,Belgium,Region Europe,GEW,GPE Excavators Wheeled,,>6T,Case,CAS,Y,P,OHR,10,0,0,,,0,0,0,0
466,GBE,Belgium,Belgium,Region Europe,GEW,GPE Excavators Wheeled,,>6T,Caterpillar Inc,,Y,P,OHR,20,0,0,,,0,0,0,0
467,GBE,Belgium,Belgium,Region Europe,GEW,GPE Excavators Wheeled,,>6T,Develon,DOO,Y,P,OHR,60,0,0,,,0,0,0,0
468,GBE,Belgium,Belgium,Region Europe,GEW,GPE Excavators Wheeled,,>6T,Hitachi,HIT,Y,P,OHR,93,0,0,,,0,0,0,0
469,GBE,Belgium,Belgium,Region Europe,GEW,GPE Excavators Wheeled,,>6T,Hyundai,HYU,Y,P,OHR,17,0,0,,,0,0,0,0
470,GBE,Belgium,Belgium,Region Europe,GEW,GPE Excavators Wheeled,,>6T,JCB,JCB,Y,P,OHR,7,0,0,,,0,0,0,0
471,GBE,Belgium,Belgium,Region Europe,GEW,GPE Excavators Wheeled,,>6T,Komatsu,KOM,Y,P,OHR,17,0,0,,,0,0,0,0
472,GBE,Belgium,Belgium,Region Europe,GEW,GPE Excavators Wheeled,,>6T,Liebherr,LIE,Y,P,OHR,10,0,0,,,0,0,0,0
473,GBE,Belgium,Belgium,Region Europe,GEW,GPE Excavators Wheeled,,>6T,Mecalac,MEC,Y,P,OHR,3,0,0,,,0,0,0,0
474,GBE,Belgium,Belgium,Region Europe,GEW,Wheeled Excavators,,>6T,OTN,OTN,,P,OHR,5,0,0,,,0,0,1,1
475,GBE,Belgium,Belgium,Region Europe,GEW,Wheeled Excavators,,>6T,Schaeff,SCH,,P,OHR,18,0,0,,,0,0,1,1
476,GBE,Belgium,Belgium,Region Europe,GEW,Wheeled Excavators,,>6T,Takeuchi,TAK,,P,OHR,5,0,0,,,0,0,1,1
477,GBE,Belgium,Belgium,Region Europe,GEW,GPE Excavators Wheeled,,>6T,Volvo,VCE,Y,P,OHR,23,0,0,,,0,0,0,0
478,GBE,Belgium,Belgium,Region Europe,GEW,GPE Excavators Wheeled,,>6T,Wacker Neuson,WAN,Y,P,OHR,25,0,0,,,0,0,0,0
479,GBE,Belgium,Belgium,Region Europe,GEW,GPE Excavators Wheeled,,>6T,Yanmar,YAN,Y,P,OHR,36,0,0,,,0,0,0,0
480,GBE,Belgium,Belgium,Region Europe,WLO,Wheel Loaders,,<10,Atlas Weyhausen,ATW,Y,P,OHR,5,0,0,,,0,0,0,0
481,GBE,Belgium,Belgium,Region Europe,WLO,Wheel Loaders,,<10,Bobcat,BOB,Y,P,OHR,8,0,0,,,0,0,0,0
482,GBE,Belgium,Belgium,Region Europe,WLO,Wheel Loaders,,<10,Case,CAS,Y,P,OHR,5,0,0,,,0,0,0,0
483,GBE,Belgium,Belgium,Region Europe,WLO,Wheel Loaders,,<10,Caterpillar Inc,,Y,P,OHR,25,0,0,,,0,0,0,0
484,GBE,Belgium,Belgium,Region Europe,WLO,Wheel Loaders,,<10,Claas,,Y,P,OHR,1,0,0,,,0,0,0,0
485,GBE,Belgium,Belgium,Region Europe,WLO,Wheel Loaders,,<10,Develon,DOO,Y,P,OHR,1,0,0,,,0,0,0,0
486,GBE,Belgium,Belgium,Region Europe,WLO,Wheel Loaders,,<10,JCB,JCB,Y,P,OHR,31,0,0,,,0,0,0,0
487,GBE,Belgium,Belgium,Region Europe,WLO,Wheel Loaders,,<10,Knikmpos,KNK,,P,OHR,110,0,0,,,0,0,0,0
488,GBE,Belgium,Belgium,Region Europe,WLO,Wheel Loaders,,<10,Komatsu,KOM,Y,P,OHR,12,0,0,,,0,0,0,0
489,GBE,Belgium,Belgium,Region Europe,WLO,Wheel Loaders,,<10,Kramer,KRA,Y,P,OHR,12,0,0,,,0,0,0,0
490,GBE,Belgium,Belgium,Region Europe,WLO,Wheel Loaders,,<10,Kubota,KUB,Y,P,OHR,37,0,0,,,0,0,0,0
491,GBE,Belgium,Belgium,Region Europe,WLO,Wheel Loaders,,<10,Liebherr,LIE,Y,P,OHR,27,0,0,,,0,0,0,0
492,GBE,Belgium,Belgium,Region Europe,WLO,Wheel Loaders,,<10,Manitou,MTU,Y,P,OHR,5,0,0,,,0,0,0,0
493,GBE,Belgium,Belgium,Region Europe,WLO,Wheel Loaders,,<10,Mecalac,MEC,Y,P,OHR,3,0,0,,,0,0,0,0
494,GBE,Belgium,Belgium,Region Europe,WLO,Wheel Loaders,,<10,New Holland,NEW,Y,P,OHR,5,0,0,,,0,0,0,0
495,GBE,Belgium,Belgium,Region Europe,WLO,Wheel Loaders,,<10,OTN,OTN,,P,OHR,23,0,0,,,0,0,0,0
496,GBE,Belgium,Belgium,Region Europe,WLO,Wheel Loaders,,<10,Schaeff,SCH,,P,OHR,10,0,0,,,0,0,0,0
497,GBE,Belgium,Belgium,Region Europe,WLO,Wheel Loaders,,<10,Tobroco Machines,TOB,,P,OHR,80,0,0,,,0,0,0,0
498,GBE,Belgium,Belgium,Region Europe,WLO,Wheel Loaders,,<10,Volvo,VCE,Y,P,OHR,10,0,0,,,0,0,0,0
499,GBE,Belgium,Belgium,Region Europe,WLO,Wheel Loaders,,<10,Wacker Neuson,WAN,Y,P,OHR,10,0,0,,,0,0,0,0
500,GBE,Belgium,Belgium,Region Europe,WLO,Wheel Loaders,,<10,Weidemann,WEI,,P,OHR,55,0,0,,,0,0,0,0
501,GBE,Belgium,Belgium,Region Europe,WLO,Wheel Loaders,,<10,Yanmar,YAN,Y,P,OHR,33,0,0,,,0,0,0,0
502,GBE,Belgium,Belgium,Region Europe,WLO,Wheel Loaders,,>10,Atlas Weyhausen,ATW,Y,P,OHR,2,0,0,,,0,0,0,0
503,GBE,Belgium,Belgium,Region Europe,WLO,Wheel Loaders,,>10,Case,CAS,Y,P,OHR,8,0,0,,,0,0,0,0
504,GBE,Belgium,Belgium,Region Europe,WLO,Wheel Loaders,,>10,Caterpillar Inc,,Y,P,OHR,100,0,0,,,0,0,0,0
505,GBE,Belgium,Belgium,Region Europe,WLO,Wheel Loaders,,>10,Claas,,Y,P,OHR,2,0,0,,,0,0,0,0
506,GBE,Belgium,Belgium,Region Europe,WLO,Wheel Loaders,,>10,Develon,DOO,Y,P,OHR,11,0,0,,,0,0,0,0
507,GBE,Belgium,Belgium,Region Europe,WLO,Wheel Loaders,,>10,Hitachi,HIT,Y,P,OHR,30,0,0,,,0,0,0,0
508,GBE,Belgium,Belgium,Region Europe,WLO,Wheel Loaders,,>10,Hyundai,HYU,Y,P,OHR,8,0,0,,,0,0,0,0
509,GBE,Belgium,Belgium,Region Europe,WLO,Wheel Loaders,,>10,JCB,JCB,Y,P,OHR,25,0,0,,,0,0,0,0
510,GBE,Belgium,Belgium,Region Europe,WLO,Wheel Loaders,,>10,Komatsu,KOM,Y,P,OHR,24,0,0,,,0,0,0,0
511,GBE,Belgium,Belgium,Region Europe,WLO,Wheel Loaders,,>10,Kramer,KRA,Y,P,OHR,5,0,0,,,0,0,0,0
512,GBE,Belgium,Belgium,Region Europe,WLO,Wheel Loaders,,>10,Liebherr,LIE,Y,P,OHR,15,0,0,,,0,0,0,0
513,GBE,Belgium,Belgium,Region Europe,WLO,Wheel Loaders,,>10,New Holland,NEW,Y,P,OHR,5,0,0,,,0,0,0,0
514,GBE,Belgium,Belgium,Region Europe,WLO,Wheel Loaders,,>10,OTN,OTN,,P,OHR,23,0,0,,,0,0,1,1
515,GBE,Belgium,Belgium,Region Europe,WLO,Wheel Loaders,,>10,Schaeff,SCH,,P,OHR,2,0,0,,,0,0,1,1
516,GBE,Belgium,Belgium,Region Europe,WLO,Wheel Loaders,,>10,Volvo,VCE,Y,P,OHR,102,0,0,,,0,0,0,0
517,GBN,Brunei Darussa,Brunei Darussa,Region Asia,CEX,Compact Excavators,,<10T,Caterpillar Inc,,Y,P,DES,0,0,0,,,0,0,0,0
518,GBN,Brunei Darussa,Brunei Darussa,Region Asia,CEX,Compact Excavators,,<10T,Caterpillar Inc,CAT,,P,DES,1,0,0,,,0,0,0,0
519,GBN,Brunei Darussa,Brunei Darussa,Region Asia,GEC,GPE Excavators Crawled,,>10T,Caterpillar Inc,,Y,P,DES,0,0,0,,,0,0,0,0
520,GBN,Brunei Darussa,Brunei Darussa,Region Asia,GEC,Crawler Excavators,,>10T,Caterpillar Inc,CAT,,P,DES,1,0,0,,,0,0,0,0
521,GBN,Brunei Darussa,Brunei Darussa,Region Asia,GEC,GPE Excavators Crawled,,>10T,Hitachi,HIT,Y,P,DES,0,0,0,,,0,0,0,0
522,GBN,Brunei Darussa,Brunei Darussa,Region Asia,GEC,Crawler Excavators,,>10T,Hitachi,HIT,,P,DES,1,0,0,,,0,0,0,0
523,GBN,Brunei Darussa,Brunei Darussa,Region Asia,GEC,GPE Excavators Crawled,,>10T,Kobelco,KOB,Y,P,DES,0,0,0,,,0,0,0,0
524,GBN,Brunei Darussa,Brunei Darussa,Region Asia,GEC,Crawler Excavators,,>10T,Kobelco,KOB,,P,DES,1,0,0,,,0,0,0,0
525,GBN,Brunei Darussa,Brunei Darussa,Region Asia,GEC,GPE Excavators Crawled,,>10T,Komatsu,KOM,Y,P,DES,0,0,0,,,0,0,0,0
526,GBN,Brunei Darussa,Brunei Darussa,Region Asia,GEC,Crawler Excavators,,>10T,Komatsu,KOM,,P,DES,1,0,0,,,0,0,0,0
527,GBR,Brazil,Brazil,Region Latin America,330,Articulated Haulers,,#,Bell,BEL,Y,P,OHR,17,0,0,,,0,0,0,0
528,GBR,Brazil,Brazil,Region Latin America,330,Articulated Haulers,,#,Caterpillar Inc,,Y,P,OHR,45,0,0,,,0,0,0,0
529,GBR,Brazil,Brazil,Region Latin America,330,Articulated Haulers,,#,Liebherr,LIE,Y,P,OHR,22,0,0,,,0,0,0,0
530,GBR,Brazil,Brazil,Region Latin America,330,Articulated Haulers,,,OTN,OTN,,P,OHR,21,0,0,,,0,0,1,1
531,GBR,Brazil,Brazil,Region Latin America,330,Articulated Haulers,,#,Volvo,VCE,Y,P,OHR,15,0,0,,,0,0,0,0
532,GBR,Brazil,Brazil,Region Latin America,340,Rigid Haulers,,,MUE,MUE,,P,OHR,5,0,0,,,0,0,1,1
533,GBR,Brazil,Brazil,Region Latin America,340,Rigid Haulers,,#,Caterpillar Inc,,Y,P,OHR,18,0,0,,,0,0,0,0
534,GBR,Brazil,Brazil,Region Latin America,340,Rigid Haulers,,#,Komatsu,KOM,Y,P,OHR,14,0,0,,,0,0,0,0
535,GBR,Brazil,Brazil,Region Latin America,340,Rigid Haulers,,#,Liebherr,LIE,Y,P,OHR,6,0,0,,,0,0,0,0
536,GBR,Brazil,Brazil,Region Latin America,340,Rigid Haulers,,,OTN,OTN,,P,OHR,4,0,0,,,0,0,1,1
537,GBR,Brazil,Brazil,Region Latin America,340,Rigid Haulers,,#,Volvo,VCE,Y,P,OHR,9,0,0,,,0,0,0,0
538,GBR,Brazil,Brazil,Region Latin America,380,Motor Graders,,#,Case,CAS,Y,P,OHR,220,0,0,,,0,0,0,0
539,GBR,Brazil,Brazil,Region Latin America,380,Motor Graders,,#,Caterpillar Inc,,Y,P,OHR,650,0,0,,,0,0,0,0
540,GBR,Brazil,Brazil,Region Latin America,380,Motor Graders,,#,Deere,JOH,Y,P,OHR,335,0,0,,,0,0,0,0
541,GBR,Brazil,Brazil,Region Latin America,380,Motor Graders,,#,Komatsu,KOM,Y,P,OHR,90,0,0,,,0,0,0,0
542,GBR,Brazil,Brazil,Region Latin America,380,Motor Graders,,#,Liugong,LIU,Y,P,OHR,235,0,0,,,0,0,0,0
543,GBR,Brazil,Brazil,Region Latin America,380,Motor Graders,,#,New Holland,NEW,Y,P,OHR,275,0,0,,,0,0,0,0
544,GBR,Brazil,Brazil,Region Latin America,380,Motor Graders,,,OTN,OTN,,P,OHR,101,0,0,,,0,0,1,1
545,GBR,Brazil,Brazil,Region Latin America,380,Motor Graders,,#,Sany,SNY,Y,P,OHR,215,0,0,,,0,0,0,0
546,GBR,Brazil,Brazil,Region Latin America,380,Motor Graders,,#,SDLG,LIN,Y,P,OHR,7,0,0,,,0,0,0,0
547,GBR,Brazil,Brazil,Region Latin America,380,Motor Graders,,#,XCMG,XCM,Y,P,OHR,100,0,0,,,0,0,0,0
548,GBR,Brazil,Brazil,Region Latin America,410,Backhoe Loaders,,,MUE,MUE,,P,OHR,200,0,0,,,0,0,1,1
549,GBR,Brazil,Brazil,Region Latin America,410,Backhoe Loaders,,,Bobcat,BOB,,P,OHR,1045,0,0,,,0,0,1,1
550,GBR,Brazil,Brazil,Region Latin America,410,Backhoe Loaders,,,Case,CAS,,P,OHR,1640,0,0,,,0,0,1,1
551,GBR,Brazil,Brazil,Region Latin America,410,Backhoe Loaders,,,Caterpillar Inc,CAT,,P,OHR,2150,0,0,,,0,0,1,1
552,GBR,Brazil,Brazil,Region Latin America,410,Backhoe Loaders,,,Deere,JOH,,P,OHR,400,0,0,,,0,0,1,1
553,GBR,Brazil,Brazil,Region Latin America,410,Backhoe Loaders,,,JCB,JCB,,P,OHR,2760,0,0,,,0,0,1,1
554,GBR,Brazil,Brazil,Region Latin America,410,Backhoe Loaders,,,Liugong,LIU,,P,OHR,433,0,0,,,0,0,1,1
555,GBR,Brazil,Brazil,Region Latin America,410,Backhoe Loaders,,,Manitou,MTU,,P,OHR,300,0,0,,,0,0,1,1
556,GBR,Brazil,Brazil,Region Latin America,410,Backhoe Loaders,,,New Holland,NEW,,P,OHR,1400,0,0,,,0,0,1,1
557,GBR,Brazil,Brazil,Region Latin America,410,Backhoe Loaders,,,OTN,OTN,,P,OHR,217,0,0,,,0,0,1,1
558,GBR,Brazil,Brazil,Region Latin America,410,Backhoe Loaders,,,XCMG,XCM,,P,OHR,520,0,0,,,0,0,1,1
559,GBR,Brazil,Brazil,Region Latin America,CEX,Compact Excavators,,6<10T,Develon,DOO,Y,P,PIN,73,0,0,,,0,0,0,0
560,GBR,Brazil,Brazil,Region Latin America,CEX,Compact Excavators,,6<10T,Foton Lovol,FOL,Y,P,PIN,2,0,0,,,1,1,1,1
561,GBR,Brazil,Brazil,Region Latin America,CEX,Compact Excavators,,6<10T,Foton Lovol,FOL,,P,PIN,0,0,0,,,1,1,1,1
562,GBR,Brazil,Brazil,Region Latin America,CEX,Compact Excavators,,6<10T,Yanmar,YAN,Y,P,PIN,7,0,0,,,0,0,0,0
563,GBR,Brazil,Brazil,Region Latin America,CEX,Compact Excavators,,<6T,Bobcat,BOB,Y,P,OHR,375,0,0,,,0,0,0,0
564,GBR,Brazil,Brazil,Region Latin America,CEX,Compact Excavators,,<6T,Case,CAS,Y,P,OHR,70,0,0,,,0,0,0,0
565,GBR,Brazil,Brazil,Region Latin America,CEX,Compact Excavators,,<6T,Caterpillar Inc,,Y,P,OHR,505,0,0,,,0,0,0,0
566,GBR,Brazil,Brazil,Region Latin America,CEX,Compact Excavators,,<6T,Develon,DOO,Y,P,PIN,3,0,0,,,0,0,0,0
567,GBR,Brazil,Brazil,Region Latin America,CEX,Compact Excavators,,<6T,JCB,JCB,Y,P,OHR,63,0,0,,,0,0,0,0
568,GBR,Brazil,Brazil,Region Latin America,CEX,Compact Excavators,,<6T,Liugong,LIU,Y,P,OHR,244,0,0,,,0,0,0,0
569,GBR,Brazil,Brazil,Region Latin America,CEX,Compact Excavators,,<6T,New Holland,NEW,Y,P,OHR,20,0,0,,,0,0,0,0
570,GBR,Brazil,Brazil,Region Latin America,CEX,Compact Excavators,,<6T,OTN,OTN,,P,OHR,205,0,0,,,1,1,1,1
571,GBR,Brazil,Brazil,Region Latin America,CEX,Compact Excavators,,<6T,Sany,SNY,Y,P,OHR,20,0,0,,,0,0,0,0
572,GBR,Brazil,Brazil,Region Latin America,CEX,Compact Excavators,,<6T,SDLG,LIN,Y,P,OHR,9,0,0,,,0,0,0,0
573,GBR,Brazil,Brazil,Region Latin America,CEX,Compact Excavators,,<6T,Sunward,SUN,Y,P,PIN,1,0,0,,,1,1,1,1
574,GBR,Brazil,Brazil,Region Latin America,CEX,Compact Excavators,,<6T,Sunward,SUN,,P,PIN,0,0,0,,,1,1,1,1
575,GBR,Brazil,Brazil,Region Latin America,CEX,Compact Excavators,,<6T,Volvo,VCE,Y,P,OHR,4,0,0,,,0,0,0,0
576,GBR,Brazil,Brazil,Region Latin America,CEX,Compact Excavators,,<6T,Wacker Neuson,WAN,Y,P,OHR,115,0,0,,,1,1,1,1
577,GBR,Brazil,Brazil,Region Latin America,CEX,Compact Excavators,,<6T,Wacker Neuson,WAN,,P,OHR,0,0,0,,,1,1,1,1
578,GBR,Brazil,Brazil,Region Latin America,CEX,Compact Excavators,,<6T,Yanmar,YAN,Y,P,PIN,654,0,0,,,0,0,0,0
579,GBR,Brazil,Brazil,Region Latin America,GEC,GPE Excavators Crawled,,>10T,Develon,DOO,Y,P,PIN,45,0,0,,,0,0,0,0
580,GBR,Brazil,Brazil,Region Latin America,GEC,GPE Excavators Crawled,,>6T,Case,CAS,Y,P,OHR,145,0,0,,,0,0,0,0
581,GBR,Brazil,Brazil,Region Latin America,GEC,GPE Excavators Crawled,,>6T,Caterpillar Inc,,Y,P,OHR,2160,0,0,,,0,0,0,0
582,GBR,Brazil,Brazil,Region Latin America,GEC,GPE Excavators Crawled,,>6T,Deere,JOH,Y,P,OHR,430,0,0,,,0,0,0,0
583,GBR,Brazil,Brazil,Region Latin America,GEC,GPE Excavators Crawled,,>6T,Hyundai,HYU,Y,P,OHR,1590,0,0,,,0,0,0,0
584,GBR,Brazil,Brazil,Region Latin America,GEC,GPE Excavators Crawled,,>6T,JCB,JCB,Y,P,OHR,230,0,0,,,0,0,0,0
585,GBR,Brazil,Brazil,Region Latin America,GEC,GPE Excavators Crawled,,>6T,Komatsu,KOM,Y,P,OHR,1040,0,0,,,0,0,0,0
586,GBR,Brazil,Brazil,Region Latin America,GEC,GPE Excavators Crawled,,>6T,Liebherr,LIE,Y,P,OHR,890,0,0,,,0,0,0,0
587,GBR,Brazil,Brazil,Region Latin America,GEC,GPE Excavators Crawled,,>6T,Linkbelt,,Y,P,OHR,350,0,0,,,0,0,0,0
588,GBR,Brazil,Brazil,Region Latin America,GEC,GPE Excavators Crawled,,>6T,Liugong,LIU,Y,P,OHR,349,0,0,,,0,0,0,0
589,GBR,Brazil,Brazil,Region Latin America,GEC,GPE Excavators Crawled,,>6T,New Holland,NEW,Y,P,OHR,330,0,0,,,0,0,0,0
590,GBR,Brazil,Brazil,Region Latin America,GEC,Crawler Excavators,,>6T,OTN,OTN,,P,OHR,426,0,0,,,0,0,1,1
591,GBR,Brazil,Brazil,Region Latin America,GEC,GPE Excavators Crawled,,>6T,Sany,SNY,Y,P,OHR,88,0,0,,,0,0,0,0
592,GBR,Brazil,Brazil,Region Latin America,GEC,GPE Excavators Crawled,,>6T,SDLG,LIN,Y,P,OHR,94,0,0,,,0,0,0,0
593,GBR,Brazil,Brazil,Region Latin America,GEC,GPE Excavators Crawled,,>6T,Volvo,VCE,Y,P,OHR,503,0,0,,,0,0,0,0
594,GBR,Brazil,Brazil,Region Latin America,GEC,GPE Excavators Crawled,,>6T,Wacker Neuson,WAN,Y,P,OHR,160,0,0,,,0,0,0,0
595,GBR,Brazil,Brazil,Region Latin America,GEC,Crawler Excavators,,>6T,Wacker Neuson,WAN,,P,OHR,0,0,0,,,0,0,1,1
596,GBR,Brazil,Brazil,Region Latin America,GEC,GPE Excavators Crawled,,>6T,XCMG,XCM,Y,P,OHR,50,0,0,,,0,0,0,0
597,GBR,Brazil,Brazil,Region Latin America,GEW,GPE Excavators Wheeled,,>6T,Caterpillar Inc,,Y,P,OHR,5,0,0,,,0,0,0,0
598,GBR,Brazil,Brazil,Region Latin America,GEW,Wheeled Excavators,,>6T,Caterpillar Inc,CAT,,P,OHR,0,0,0,,,0,0,0,0
599,GBR,Brazil,Brazil,Region Latin America,GEW,GPE Excavators Wheeled,,>6T,Liebherr,LIE,Y,P,OHR,13,0,0,,,0,0,0,0
600,GBR,Brazil,Brazil,Region Latin America,GEW,Wheeled Excavators,,>6T,Liebherr,LIE,,P,OHR,0,0,0,,,0,0,0,0
601,GBR,Brazil,Brazil,Region Latin America,GEW,GPE Excavators Wheeled,,>6T,Volvo,VCE,Y,P,OHR,12,0,0,,,0,0,0,0
602,GBR,Brazil,Brazil,Region Latin America,GEW,Wheeled Excavators,,>6T,Volvo,VCE,,P,OHR,0,0,0,,,0,0,0,0
603,GBR,Brazil,Brazil,Region Latin America,WLO,Wheel Loaders,,<10,Case,CAS,Y,P,OHR,15,0,0,,,0,0,0,0
604,GBR,Brazil,Brazil,Region Latin America,WLO,Wheel Loaders,,<10,Caterpillar Inc,,Y,P,OHR,22,0,0,,,0,0,0,0
605,GBR,Brazil,Brazil,Region Latin America,WLO,Wheel Loaders,,<10,Komatsu,KOM,Y,P,OHR,4,0,0,,,0,0,0,0
606,GBR,Brazil,Brazil,Region Latin America,WLO,Wheel Loaders,,<10,Liebherr,LIE,Y,P,OHR,6,0,0,,,0,0,0,0
607,GBR,Brazil,Brazil,Region Latin America,WLO,Wheel Loaders,,<10,Liugong,LIU,Y,P,OHR,116,0,0,,,0,0,0,0
608,GBR,Brazil,Brazil,Region Latin America,WLO,Wheel Loaders,,<10,New Holland,NEW,Y,P,OHR,15,0,0,,,0,0,0,0
609,GBR,Brazil,Brazil,Region Latin America,WLO,Wheel Loaders,,<10,SDLG,LIN,Y,P,OHR,75,0,0,,,0,0,0,0
610,GBR,Brazil,Brazil,Region Latin America,WLO,Wheel Loaders,,<10,SEM,SEM,Y,P,OHR,10,0,0,,,0,0,0,0
611,GBR,Brazil,Brazil,Region Latin America,WLO,Wheel Loaders,,<10,XCMG,XCM,Y,P,OHR,50,0,0,,,0,0,0,0
612,GBR,Brazil,Brazil,Region Latin America,WLO,Wheel Loaders,,<7,Avant,AVA,,P,PIN,89,0,0,,,0,0,0,0
613,GBR,Brazil,Brazil,Region Latin America,WLO,Wheel Loaders,,<7,Yanmar,YAN,Y,P,PIN,6,0,0,,,0,0,0,0
614,GBR,Brazil,Brazil,Region Latin America,WLO,Wheel Loaders,,<7,Yanmar,YAN,,P,PIN,0,0,0,,,0,0,0,0
615,GBR,Brazil,Brazil,Region Latin America,WLO,Wheel Loaders,,>10,Case,CAS,Y,P,OHR,530,0,0,,,0,0,0,0
616,GBR,Brazil,Brazil,Region Latin America,WLO,Wheel Loaders,,>10,Caterpillar Inc,,Y,P,OHR,1770,0,0,,,0,0,0,0
617,GBR,Brazil,Brazil,Region Latin America,WLO,Wheel Loaders,,>10,Deere,JOH,Y,P,OHR,204,0,0,,,0,0,0,0
618,GBR,Brazil,Brazil,Region Latin America,WLO,Wheel Loaders,,>10,Develon,DOO,Y,P,OHR,68,0,0,,,0,0,0,0
619,GBR,Brazil,Brazil,Region Latin America,WLO,Wheel Loaders,,>10,Hyundai,HYU,Y,P,OHR,280,0,0,,,0,0,0,0
620,GBR,Brazil,Brazil,Region Latin America,WLO,Wheel Loaders,,>10,JCB,JCB,Y,P,OHR,205,0,0,,,0,0,0,0
621,GBR,Brazil,Brazil,Region Latin America,WLO,Wheel Loaders,,>10,Komatsu,KOM,Y,P,OHR,340,0,0,,,0,0,0,0
622,GBR,Brazil,Brazil,Region Latin America,WLO,Wheel Loaders,,>10,Liebherr,LIE,Y,P,OHR,410,0,0,,,0,0,0,0
623,GBR,Brazil,Brazil,Region Latin America,WLO,Wheel Loaders,,>10,Liugong,LIU,Y,P,OHR,438,0,0,,,0,0,0,0
624,GBR,Brazil,Brazil,Region Latin America,WLO,Wheel Loaders,,>10,New Holland,NEW,Y,P,OHR,480,0,0,,,0,0,0,0
625,GBR,Brazil,Brazil,Region Latin America,WLO,Wheel Loaders,,>10,Sany,SNY,Y,P,OHR,200,0,0,,,0,0,0,0
626,GBR,Brazil,Brazil,Region Latin America,WLO,Wheel Loaders,,>10,SDLG,LIN,Y,P,OHR,283,0,0,,,0,0,0,0
627,GBR,Brazil,Brazil,Region Latin America,WLO,Wheel Loaders,,>10,SEM,SEM,Y,P,OHR,205,0,0,,,0,0,0,0
628,GBR,Brazil,Brazil,Region Latin America,WLO,Wheel Loaders,,>10,Volvo,VCE,Y,P,OHR,647,0,0,,,0,0,0,0
629,GBR,Brazil,Brazil,Region Latin America,WLO,Wheel Loaders,,>10,XCMG,XCM,Y,P,OHR,740,0,0,,,0,0,0,0
630,GBR,Brazil,Brazil,Region Latin America,WLO,Wheel Loaders,,>12,Epiroc,EPI,,P,PIN,1,0,0,,,0,0,1,1
631,GBR,Brazil,Brazil,Region Latin America,WLO,Wheel Loaders,,>12,OTN,OTN,,P,PIN,13,0,0,,,0,0,1,1
632,GCA,Canada,Canada,Region North America,330,Articulated Haulers,,#,Bell,BEL,Y,P,OHR,60,0,0,,,0,0,0,0
633,GCA,Canada,Canada,Region North America,330,Articulated Haulers,,#,Caterpillar Inc,,Y,P,OHR,120,0,0,,,0,0,0,0
634,GCA,Canada,Canada,Region North America,330,Articulated Haulers,,#,Deere,JOH,Y,P,OHR,40,0,0,,,0,0,0,0
635,GCA,Canada,Canada,Region North America,330,Articulated Haulers,,#,Develon,DOO,Y,P,OHR,14,0,0,,,0,0,0,0
636,GCA,Canada,Canada,Region North America,330,Articulated Haulers,,,Hydrema,HYD,,P,OHR,10,0,0,,,0,0,1,1
637,GCA,Canada,Canada,Region North America,330,Articulated Haulers,,#,Hyundai,HYU,Y,P,OHR,5,0,0,,,0,0,0,0
638,GCA,Canada,Canada,Region North America,330,Articulated Haulers,,#,Komatsu,KOM,Y,P,OHR,40,0,0,,,0,0,0,0
639,GCA,Canada,Canada,Region North America,330,Articulated Haulers,,,OTN,OTN,,P,OHR,11,0,0,,,0,0,1,1
640,GCA,Canada,Canada,Region North America,330,Articulated Haulers,,#,Rokbak,,Y,P,OHR,13,0,0,,,0,0,0,0
641,GCA,Canada,Canada,Region North America,330,Articulated Haulers,,#,Volvo,VCE,Y,P,OHR,112,0,0,,,0,0,0,0
642,GCA,Canada,Canada,Region North America,340,Rigid Haulers,,#,Caterpillar Inc,,Y,P,OHR,115,0,0,,,0,0,0,0
643,GCA,Canada,Canada,Region North America,340,Rigid Haulers,,#,Komatsu,KOM,Y,P,OHR,80,0,0,,,0,0,0,0
644,GCA,Canada,Canada,Region North America,340,Rigid Haulers,,#,Liebherr,LIE,Y,P,OHR,3,0,0,,,0,0,0,0
645,GCA,Canada,Canada,Region North America,340,Rigid Haulers,,,Rimpull,RIM,,P,OHR,2,0,0,,,0,0,1,1
646,GCA,Canada,Canada,Region North America,380,Motor Graders,,#,Case,CAS,Y,P,OHR,5,0,0,,,0,0,0,0
647,GCA,Canada,Canada,Region North America,380,Motor Graders,,#,Caterpillar Inc,,Y,P,OHR,330,0,0,,,0,0,0,0
648,GCA,Canada,Canada,Region North America,380,Motor Graders,,#,Deere,JOH,Y,P,OHR,260,0,0,,,0,0,0,0
649,GCA,Canada,Canada,Region North America,380,Motor Graders,,#,Komatsu,KOM,Y,P,OHR,25,0,0,,,0,0,0,0
650,GCA,Canada,Canada,Region North America,380,Motor Graders,,,OTN,OTN,,P,OHR,20,0,0,,,0,0,1,1
651,GCA,Canada,Canada,Region North America,410,Backhoe Loaders,,,Case,CAS,,P,OHR,210,0,0,,,0,0,1,1
652,GCA,Canada,Canada,Region North America,410,Backhoe Loaders,,,Caterpillar Inc,CAT,,P,OHR,190,0,0,,,0,0,1,1
653,GCA,Canada,Canada,Region North America,410,Backhoe Loaders,,,Deere,JOH,,P,OHR,255,0,0,,,0,0,1,1
654,GCA,Canada,Canada,Region North America,410,Backhoe Loaders,,,JCB,JCB,,P,OHR,54,0,0,,,0,0,1,1
655,GCA,Canada,Canada,Region North America,410,Backhoe Loaders,,,Komatsu,KOM,,P,OHR,15,0,0,,,0,0,1,1
656,GCA,Canada,Canada,Region North America,410,Backhoe Loaders,,,Manitou,MTU,,P,OHR,10,0,0,,,0,0,1,1
657,GCA,Canada,Canada,Region North America,410,Backhoe Loaders,,,New Holland,NEW,,P,OHR,25,0,0,,,0,0,1,1
658,GCA,Canada,Canada,Region North America,410,Backhoe Loaders,,,OTN,OTN,,P,OHR,11,0,0,,,0,0,1,1
659,GCA,Canada,Canada,Region North America,CEX,Compact Excavators,,<6T,Bobcat,BOB,Y,P,OHR,805,0,0,,,0,0,0,0
660,GCA,Canada,Canada,Region North America,CEX,Compact Excavators,,<6T,Case,CAS,Y,P,OHR,135,0,0,,,0,0,0,0
661,GCA,Canada,Canada,Region North America,CEX,Compact Excavators,,<6T,Caterpillar Inc,,Y,P,OHR,505,0,0,,,0,0,0,0
662,GCA,Canada,Canada,Region North America,CEX,Compact Excavators,,<6T,Deere,JOH,Y,P,OHR,450,0,0,,,0,0,0,0
663,GCA,Canada,Canada,Region North America,CEX,Compact Excavators,,<6T,Develon,DOO,Y,P,OHR,78,0,0,,,0,0,0,0
664,GCA,Canada,Canada,Region North America,CEX,Compact Excavators,,<6T,Eurocomach,EUR,,P,OHR,25,0,0,,,1,1,1,1
665,GCA,Canada,Canada,Region North America,CEX,Compact Excavators,,<6T,Hitachi,HIT,Y,P,OHR,30,0,0,,,0,0,0,0
666,GCA,Canada,Canada,Region North America,CEX,Compact Excavators,,<6T,Hyundai,HYU,Y,P,OHR,30,0,0,,,0,0,0,0
667,GCA,Canada,Canada,Region North America,CEX,Compact Excavators,,<6T,JCB,JCB,Y,P,OHR,43,0,0,,,0,0,0,0
668,GCA,Canada,Canada,Region North America,CEX,Compact Excavators,,<6T,Kato Imer,KAT,,P,OHR,40,0,0,,,1,1,1,1
669,GCA,Canada,Canada,Region North America,CEX,Compact Excavators,,<6T,Kobelco,KOB,Y,P,OHR,55,0,0,,,0,0,0,0
670,GCA,Canada,Canada,Region North America,CEX,Compact Excavators,,<6T,Komatsu,KOM,Y,P,OHR,145,0,0,,,0,0,0,0
671,GCA,Canada,Canada,Region North America,CEX,Compact Excavators,,<6T,Kubota,KUB,Y,P,OHR,1605,0,0,,,0,0,0,0
672,GCA,Canada,Canada,Region North America,CEX,Compact Excavators,,<6T,Liugong,LIU,Y,P,OHR,15,0,0,,,0,0,0,0
673,GCA,Canada,Canada,Region North America,CEX,Compact Excavators,,<6T,Mecalac,MEC,Y,P,OHR,5,0,0,,,0,0,0,0
674,GCA,Canada,Canada,Region North America,CEX,Compact Excavators,,<6T,New Holland,NEW,Y,P,OHR,30,0,0,,,0,0,0,0
675,GCA,Canada,Canada,Region North America,CEX,Compact Excavators,,<6T,OTN,OTN,,P,OHR,30,0,0,,,1,1,1,1
676,GCA,Canada,Canada,Region North America,CEX,Compact Excavators,,<6T,Sany,SNY,Y,P,OHR,470,0,0,,,0,0,0,0
677,GCA,Canada,Canada,Region North America,CEX,Compact Excavators,,<6T,Takeuchi,TAK,Y,P,OHR,125,0,0,,,0,0,0,0
678,GCA,Canada,Canada,Region North America,CEX,Compact Excavators,,<6T,Volvo,VCE,Y,P,OHR,44,0,0,,,0,0,0,0
679,GCA,Canada,Canada,Region North America,CEX,Compact Excavators,,<6T,Wacker Neuson,WAN,Y,P,OHR,265,0,0,,,0,0,0,0
680,GCA,Canada,Canada,Region North America,CEX,Compact Excavators,,<6T,XCMG,XCM,Y,P,OHR,50,0,0,,,0,0,0,0
681,GCA,Canada,Canada,Region North America,CEX,Compact Excavators,,<6T,Yanmar,YAN,Y,P,OHR,275,0,0,,,0,0,0,0
682,GCA,Canada,Canada,Region North America,GEC,GPE Excavators Crawled,,>6T,Bobcat,BOB,Y,P,OHR,170,0,0,,,0,0,0,0
683,GCA,Canada,Canada,Region North America,GEC,GPE Excavators Crawled,,>6T,Case,CAS,Y,P,OHR,240,0,0,,,0,0,0,0
684,GCA,Canada,Canada,Region North America,GEC,GPE Excavators Crawled,,>6T,Caterpillar Inc,,Y,P,OHR,970,0,0,,,0,0,0,0
685,GCA,Canada,Canada,Region North America,GEC,GPE Excavators Crawled,,>6T,Deere,JOH,Y,P,OHR,790,0,0,,,0,0,0,0
686,GCA,Canada,Canada,Region North America,GEC,GPE Excavators Crawled,,>6T,Develon,DOO,Y,P,OHR,188,0,0,,,0,0,0,0
687,GCA,Canada,Canada,Region North America,GEC,GPE Excavators Crawled,,>6T,Hitachi,HIT,Y,P,OHR,105,0,0,,,0,0,0,0
688,GCA,Canada,Canada,Region North America,GEC,GPE Excavators Crawled,,>6T,Hyundai,HYU,Y,P,OHR,55,0,0,,,0,0,0,0
689,GCA,Canada,Canada,Region North America,GEC,GPE Excavators Crawled,,>6T,JCB,JCB,Y,P,OHR,37,0,0,,,0,0,0,0
690,GCA,Canada,Canada,Region North America,GEC,GPE Excavators Crawled,,>6T,Kobelco,KOB,Y,P,OHR,245,0,0,,,0,0,0,0
691,GCA,Canada,Canada,Region North America,GEC,GPE Excavators Crawled,,>6T,Komatsu,KOM,Y,P,OHR,840,0,0,,,0,0,0,0
692,GCA,Canada,Canada,Region North America,GEC,GPE Excavators Crawled,,>6T,Kubota,KUB,Y,P,OHR,240,0,0,,,0,0,0,0
693,GCA,Canada,Canada,Region North America,GEC,GPE Excavators Crawled,,>6T,Liebherr,LIE,Y,P,OHR,15,0,0,,,0,0,0,0
694,GCA,Canada,Canada,Region North America,GEC,GPE Excavators Crawled,,>6T,Linkbelt,,Y,P,OHR,135,0,0,,,0,0,0,0
695,GCA,Canada,Canada,Region North America,GEC,GPE Excavators Crawled,,>6T,Liugong,LIU,Y,P,OHR,15,0,0,,,0,0,0,0
696,GCA,Canada,Canada,Region North America,GEC,GPE Excavators Crawled,,>6T,Mecalac,MEC,Y,P,OHR,30,0,0,,,0,0,0,0
697,GCA,Canada,Canada,Region North America,GEC,Crawler Excavators,,>6T,OTN,OTN,,P,OHR,22,0,0,,,0,0,1,1
698,GCA,Canada,Canada,Region North America,GEC,GPE Excavators Crawled,,>6T,Sany,SNY,Y,P,OHR,290,0,0,,,0,0,0,0
699,GCA,Canada,Canada,Region North America,GEC,GPE Excavators Crawled,,>6T,Takeuchi,TAK,Y,P,OHR,15,0,0,,,0,0,0,0
700,GCA,Canada,Canada,Region North America,GEC,GPE Excavators Crawled,,>6T,Volvo,VCE,Y,P,OHR,198,0,0,,,0,0,0,0
701,GCA,Canada,Canada,Region North America,GEC,GPE Excavators Crawled,,>6T,Wacker Neuson,WAN,Y,P,OHR,90,0,0,,,0,0,0,0
702,GCA,Canada,Canada,Region North America,GEC,GPE Excavators Crawled,,>6T,XCMG,XCM,Y,P,OHR,60,0,0,,,0,0,0,0
703,GCA,Canada,Canada,Region North America,GEW,GPE Excavators Wheeled,,>6T,Caterpillar Inc,,Y,P,OHR,15,0,0,,,0,0,0,0
704,GCA,Canada,Canada,Region North America,GEW,GPE Excavators Wheeled,,>6T,Deere,JOH,Y,P,OHR,5,0,0,,,0,0,0,0
705,GCA,Canada,Canada,Region North America,GEW,GPE Excavators Wheeled,,>6T,Develon,DOO,Y,P,OHR,12,0,0,,,0,0,0,0
706,GCA,Canada,Canada,Region North America,GEW,Wheeled Excavators,,>6T,Fuchs,FUH,,P,OHR,5,0,0,,,0,0,1,1
707,GCA,Canada,Canada,Region North America,GEW,GPE Excavators Wheeled,,>6T,Gradall,,Y,P,OHR,25,0,0,,,0,0,0,0
708,GCA,Canada,Canada,Region North America,GEW,GPE Excavators Wheeled,,>6T,Hyundai,HYU,Y,P,OHR,5,0,0,,,0,0,0,0
709,GCA,Canada,Canada,Region North America,GEW,GPE Excavators Wheeled,,>6T,JCB,JCB,Y,P,OHR,3,0,0,,,0,0,0,0
710,GCA,Canada,Canada,Region North America,GEW,GPE Excavators Wheeled,,>6T,Mecalac,MEC,Y,P,OHR,5,0,0,,,0,0,0,0
711,GCA,Canada,Canada,Region North America,GEW,Wheeled Excavators,,>6T,OTN,OTN,,P,OHR,19,0,0,,,0,0,1,1
712,GCA,Canada,Canada,Region North America,GEW,Wheeled Excavators,,>6T,Sennebogen,SEN,,P,OHR,15,0,0,,,0,0,1,1
713,GCA,Canada,Canada,Region North America,GEW,GPE Excavators Wheeled,,>6T,Volvo,VCE,Y,P,OHR,16,0,0,,,0,0,0,0
714,GCA,Canada,Canada,Region North America,GEW,GPE Excavators Wheeled,,>6T,Wacker Neuson,WAN,Y,P,OHR,0,0,0,,,0,0,0,0
715,GCA,Canada,Canada,Region North America,WLO,Wheel Loaders,,<10,Case,CAS,Y,P,OHR,90,0,0,,,0,0,0,0
716,GCA,Canada,Canada,Region North America,WLO,Wheel Loaders,,<10,Caterpillar Inc,,Y,P,OHR,195,0,0,,,0,0,0,0
717,GCA,Canada,Canada,Region North America,WLO,Wheel Loaders,,<10,Deere,JOH,Y,P,OHR,185,0,0,,,0,0,0,0
718,GCA,Canada,Canada,Region North America,WLO,Wheel Loaders,,<10,Hitachi,HIT,Y,P,OHR,30,0,0,,,0,0,0,0
719,GCA,Canada,Canada,Region North America,WLO,Wheel Loaders,,<10,JCB,JCB,Y,P,OHR,46,0,0,,,0,0,0,0
720,GCA,Canada,Canada,Region North America,WLO,Wheel Loaders,,<10,Kubota,KUB,Y,P,OHR,245,0,0,,,0,0,0,0
721,GCA,Canada,Canada,Region North America,WLO,Wheel Loaders,,<10,Manitou,MTU,Y,P,OHR,55,0,0,,,0,0,0,0
722,GCA,Canada,Canada,Region North America,WLO,Wheel Loaders,,<10,Mecalac,MEC,Y,P,OHR,8,0,0,,,0,0,0,0
723,GCA,Canada,Canada,Region North America,WLO,Wheel Loaders,,<10,New Holland,NEW,Y,P,OHR,27,0,0,,,0,0,0,0
724,GCA,Canada,Canada,Region North America,WLO,Wheel Loaders,,<10,OTN,OTN,,P,OHR,39,0,0,,,0,0,0,0
725,GCA,Canada,Canada,Region North America,WLO,Wheel Loaders,,<10,SDLG,LIN,Y,P,OHR,5,0,0,,,0,0,0,0
726,GCA,Canada,Canada,Region North America,WLO,Wheel Loaders,,<10,Takeuchi,TAK,Y,P,OHR,6,0,0,,,0,0,0,0
727,GCA,Canada,Canada,Region North America,WLO,Wheel Loaders,,<10,Tobroco Machines,TOB,,P,OHR,30,0,0,,,0,0,0,0
728,GCA,Canada,Canada,Region North America,WLO,Wheel Loaders,,<10,Volvo,VCE,Y,P,OHR,39,0,0,,,0,0,0,0
729,GCA,Canada,Canada,Region North America,WLO,Wheel Loaders,,<10,Wacker Neuson,WAN,Y,P,OHR,300,0,0,,,0,0,0,0
730,GCA,Canada,Canada,Region North America,WLO,Wheel Loaders,,<10,Waldon Equipment,WAL,,P,OHR,55,0,0,,,0,0,0,0
731,GCA,Canada,Canada,Region North America,WLO,Wheel Loaders,,<10,Yanmar,YAN,Y,P,OHR,20,0,0,,,0,0,0,0
732,GCA,Canada,Canada,Region North America,WLO,Wheel Loaders,,>10,Case,CAS,Y,P,OHR,280,0,0,,,0,0,0,0
733,GCA,Canada,Canada,Region North America,WLO,Wheel Loaders,,>10,Caterpillar Inc,,Y,P,OHR,860,0,0,,,0,0,0,0
734,GCA,Canada,Canada,Region North America,WLO,Wheel Loaders,,>10,Deere,JOH,Y,P,OHR,645,0,0,,,0,0,0,0
735,GCA,Canada,Canada,Region North America,WLO,Wheel Loaders,,>10,Develon,DOO,Y,P,OHR,73,0,0,,,0,0,0,0
736,GCA,Canada,Canada,Region North America,WLO,Wheel Loaders,,>10,Hitachi,HIT,Y,P,OHR,120,0,0,,,0,0,0,0
737,GCA,Canada,Canada,Region North America,WLO,Wheel Loaders,,>10,Hyundai,HYU,Y,P,OHR,100,0,0,,,0,0,0,0
738,GCA,Canada,Canada,Region North America,WLO,Wheel Loaders,,>10,JCB,JCB,Y,P,OHR,83,0,0,,,0,0,0,0
739,GCA,Canada,Canada,Region North America,WLO,Wheel Loaders,,>10,Komatsu,KOM,Y,P,OHR,370,0,0,,,0,0,0,0
740,GCA,Canada,Canada,Region North America,WLO,Wheel Loaders,,>10,Liugong,LIU,Y,P,OHR,20,0,0,,,0,0,0,0
741,GCA,Canada,Canada,Region North America,WLO,Wheel Loaders,,>10,OTN,OTN,,P,OHR,50,0,0,,,0,0,1,1
742,GCA,Canada,Canada,Region North America,WLO,Wheel Loaders,,>10,SDLG,LIN,Y,P,OHR,13,0,0,,,0,0,0,0
743,GCA,Canada,Canada,Region North America,WLO,Wheel Loaders,,>10,Takeuchi,TAK,Y,P,OHR,1,0,0,,,0,0,0,0
744,GCA,Canada,Canada,Region North America,WLO,Wheel Loaders,,>10,Volvo,VCE,Y,P,OHR,310,0,0,,,0,0,0,0
745,GCA,Canada,Canada,Region North America,WLO,Wheel Loaders,,>10,Wacker Neuson,WAN,Y,P,OHR,100,0,0,,,0,0,0,0
746,GCA,Canada,Canada,Region North America,WLO,Wheel Loaders,,>10,XCMG,XCM,Y,P,OHR,25,0,0,,,0,0,0,0
747,GCH,Switzerland,Switzerland,Region Europe,330,Articulated Haulers,,#,Caterpillar Inc,,Y,P,OHR,2,0,0,,,0,0,0,0
748,GCH,Switzerland,Switzerland,Region Europe,330,Articulated Haulers,,#,Komatsu,KOM,Y,P,OHR,3,0,0,,,0,0,0,0
749,GCH,Switzerland,Switzerland,Region Europe,330,Articulated Haulers,,#,Volvo,VCE,Y,P,OHR,11,0,0,,,0,0,0,0
750,GCH,Switzerland,Switzerland,Region Europe,380,Motor Graders,,#,Case,CAS,Y,P,OHR,1,0,0,,,0,0,0,0
751,GCH,Switzerland,Switzerland,Region Europe,CEX,Compact Excavators,,<6T,Airman,AIR,,P,OHR,30,0,0,,,1,1,1,1
752,GCH,Switzerland,Switzerland,Region Europe,CEX,Compact Excavators,,<6T,Bobcat,BOB,Y,P,OHR,28,0,0,,,0,0,0,0
753,GCH,Switzerland,Switzerland,Region Europe,CEX,Compact Excavators,,<6T,Case,CAS,Y,P,OHR,12,0,0,,,0,0,0,0
754,GCH,Switzerland,Switzerland,Region Europe,CEX,Compact Excavators,,<6T,Caterpillar Inc,,Y,P,OHR,80,0,0,,,0,0,0,0
755,GCH,Switzerland,Switzerland,Region Europe,CEX,Compact Excavators,,<6T,Develon,DOO,Y,P,OHR,7,0,0,,,0,0,0,0
756,GCH,Switzerland,Switzerland,Region Europe,CEX,Compact Excavators,,<6T,Eurocomach,EUR,Y,P,OHR,60,0,0,,,0,0,0,0
757,GCH,Switzerland,Switzerland,Region Europe,CEX,Compact Excavators,,<6T,Hitachi,HIT,Y,P,OHR,45,0,0,,,0,0,0,0
758,GCH,Switzerland,Switzerland,Region Europe,CEX,Compact Excavators,,<6T,Hyundai,HYU,Y,P,OHR,26,0,0,,,0,0,0,0
759,GCH,Switzerland,Switzerland,Region Europe,CEX,Compact Excavators,,<6T,Kato Imer,KAT,Y,P,OHR,15,0,0,,,0,0,0,0
760,GCH,Switzerland,Switzerland,Region Europe,CEX,Compact Excavators,,<6T,Kobelco,KOB,Y,P,OHR,42,0,0,,,0,0,0,0
761,GCH,Switzerland,Switzerland,Region Europe,CEX,Compact Excavators,,<6T,Komatsu,KOM,Y,P,OHR,45,0,0,,,0,0,0,0
762,GCH,Switzerland,Switzerland,Region Europe,CEX,Compact Excavators,,<6T,Kubota,KUB,Y,P,OHR,288,0,0,,,0,0,0,0
763,GCH,Switzerland,Switzerland,Region Europe,CEX,Compact Excavators,,<6T,Sany,SNY,Y,P,OHR,20,0,0,,,0,0,0,0
764,GCH,Switzerland,Switzerland,Region Europe,CEX,Compact Excavators,,<6T,Sunward,SUN,Y,P,OHR,24,0,0,,,0,0,0,0
765,GCH,Switzerland,Switzerland,Region Europe,CEX,Compact Excavators,,<6T,Takeuchi,TAK,,P,OHR,205,0,0,,,1,1,1,1
766,GCH,Switzerland,Switzerland,Region Europe,CEX,Compact Excavators,,<6T,Volvo,VCE,Y,P,OHR,60,0,0,,,0,0,0,0
767,GCH,Switzerland,Switzerland,Region Europe,CEX,Compact Excavators,,<6T,Wacker Neuson,WAN,Y,P,OHR,300,0,0,,,0,0,0,0
768,GCH,Switzerland,Switzerland,Region Europe,CEX,Compact Excavators,,<6T,XCMG,XCM,,P,OHR,17,0,0,,,1,1,1,1
769,GCH,Switzerland,Switzerland,Region Europe,CEX,Compact Excavators,,<6T,Yanmar,YAN,Y,P,OHR,160,0,0,,,0,0,0,0
770,GCH,Switzerland,Switzerland,Region Europe,GEC,GPE Excavators Crawled,,>6T,Case,CAS,Y,P,OHR,7,0,0,,,0,0,0,0
771,GCH,Switzerland,Switzerland,Region Europe,GEC,GPE Excavators Crawled,,>6T,Caterpillar Inc,,Y,P,OHR,90,0,0,,,0,0,0,0
772,GCH,Switzerland,Switzerland,Region Europe,GEC,GPE Excavators Crawled,,>6T,Develon,DOO,Y,P,OHR,9,0,0,,,0,0,0,0
773,GCH,Switzerland,Switzerland,Region Europe,GEC,GPE Excavators Crawled,,>6T,Eurocomach,EUR,Y,P,OHR,12,0,0,,,0,0,0,0
774,GCH,Switzerland,Switzerland,Region Europe,GEC,GPE Excavators Crawled,,>6T,Hidromek,HID,Y,P,OHR,2,0,0,,,0,0,0,0
775,GCH,Switzerland,Switzerland,Region Europe,GEC,GPE Excavators Crawled,,>6T,Hitachi,HIT,Y,P,OHR,30,0,0,,,0,0,0,0
776,GCH,Switzerland,Switzerland,Region Europe,GEC,GPE Excavators Crawled,,>6T,Hyundai,HYU,Y,P,OHR,4,0,0,,,0,0,0,0
777,GCH,Switzerland,Switzerland,Region Europe,GEC,GPE Excavators Crawled,,>6T,JCB,JCB,Y,P,OHR,1,0,0,,,0,0,0,0
778,GCH,Switzerland,Switzerland,Region Europe,GEC,GPE Excavators Crawled,,>6T,Kato Imer,KAT,Y,P,OHR,5,0,0,,,0,0,0,0
779,GCH,Switzerland,Switzerland,Region Europe,GEC,GPE Excavators Crawled,,>6T,Kobelco,KOB,Y,P,OHR,54,0,0,,,0,0,0,0
780,GCH,Switzerland,Switzerland,Region Europe,GEC,GPE Excavators Crawled,,>6T,Komatsu,KOM,Y,P,OHR,35,0,0,,,0,0,0,0
781,GCH,Switzerland,Switzerland,Region Europe,GEC,GPE Excavators Crawled,,>6T,Kubota,KUB,Y,P,OHR,58,0,0,,,0,0,0,0
782,GCH,Switzerland,Switzerland,Region Europe,GEC,GPE Excavators Crawled,,>6T,Liebherr,LIE,Y,P,OHR,25,0,0,,,0,0,0,0
783,GCH,Switzerland,Switzerland,Region Europe,GEC,GPE Excavators Crawled,,>6T,Mecalac,MEC,Y,P,OHR,5,0,0,,,0,0,0,0
784,GCH,Switzerland,Switzerland,Region Europe,GEC,GPE Excavators Crawled,,>6T,Sany,SNY,Y,P,OHR,1,0,0,,,0,0,0,0
785,GCH,Switzerland,Switzerland,Region Europe,GEC,GPE Excavators Crawled,,>6T,Sunward,SUN,Y,P,OHR,7,0,0,,,0,0,0,0
786,GCH,Switzerland,Switzerland,Region Europe,GEC,Crawler Excavators,,>6T,Takeuchi,TAK,,P,OHR,50,0,0,,,0,0,1,1
787,GCH,Switzerland,Switzerland,Region Europe,GEC,GPE Excavators Crawled,,>6T,Volvo,VCE,Y,P,OHR,46,0,0,,,0,0,0,0
788,GCH,Switzerland,Switzerland,Region Europe,GEC,GPE Excavators Crawled,,>6T,Wacker Neuson,WAN,Y,P,OHR,80,0,0,,,0,0,0,0
789,GCH,Switzerland,Switzerland,Region Europe,GEC,Crawler Excavators,,>6T,XCMG,XCM,,P,OHR,4,0,0,,,0,0,1,1
790,GCH,Switzerland,Switzerland,Region Europe,GEC,GPE Excavators Crawled,,>6T,Yanmar,YAN,Y,P,OHR,10,0,0,,,0,0,0,0
791,GCH,Switzerland,Switzerland,Region Europe,GEW,GPE Excavators Wheeled,,>6T,Bobcat,BOB,Y,P,OHR,0,0,0,,,0,0,0,0
792,GCH,Switzerland,Switzerland,Region Europe,GEW,GPE Excavators Wheeled,,>6T,Caterpillar Inc,,Y,P,OHR,55,0,0,,,0,0,0,0
793,GCH,Switzerland,Switzerland,Region Europe,GEW,GPE Excavators Wheeled,,>6T,Develon,DOO,Y,P,OHR,6,0,0,,,0,0,0,0
794,GCH,Switzerland,Switzerland,Region Europe,GEW,GPE Excavators Wheeled,,>6T,Hitachi,HIT,Y,P,OHR,15,0,0,,,0,0,0,0
795,GCH,Switzerland,Switzerland,Region Europe,GEW,GPE Excavators Wheeled,,>6T,Hyundai,HYU,Y,P,OHR,8,0,0,,,0,0,0,0
796,GCH,Switzerland,Switzerland,Region Europe,GEW,GPE Excavators Wheeled,,>6T,Komatsu,KOM,Y,P,OHR,25,0,0,,,0,0,0,0
797,GCH,Switzerland,Switzerland,Region Europe,GEW,GPE Excavators Wheeled,,>6T,Liebherr,LIE,Y,P,OHR,50,0,0,,,0,0,0,0
798,GCH,Switzerland,Switzerland,Region Europe,GEW,GPE Excavators Wheeled,,>6T,Mecalac,MEC,Y,P,OHR,10,0,0,,,0,0,0,0
799,GCH,Switzerland,Switzerland,Region Europe,GEW,Wheeled Excavators,,>6T,Takeuchi,TAK,,P,OHR,14,0,0,,,0,0,1,1
800,GCH,Switzerland,Switzerland,Region Europe,GEW,GPE Excavators Wheeled,,>6T,Volvo,VCE,Y,P,OHR,44,0,0,,,0,0,0,0
801,GCH,Switzerland,Switzerland,Region Europe,GEW,GPE Excavators Wheeled,,>6T,Wacker Neuson,WAN,Y,P,OHR,70,0,0,,,0,0,0,0
802,GCH,Switzerland,Switzerland,Region Europe,GEW,GPE Excavators Wheeled,,>6T,Yanmar,YAN,Y,P,OHR,12,0,0,,,0,0,0,0
803,GCH,Switzerland,Switzerland,Region Europe,WLO,Wheel Loaders,,<10,Atlas Weyhausen,ATW,Y,P,OHR,5,0,0,,,0,0,0,0
804,GCH,Switzerland,Switzerland,Region Europe,WLO,Wheel Loaders,,<10,Bobcat,BOB,Y,P,OHR,3,0,0,,,0,0,0,0
805,GCH,Switzerland,Switzerland,Region Europe,WLO,Wheel Loaders,,<10,Caterpillar Inc,,Y,P,OHR,27,0,0,,,0,0,0,0
806,GCH,Switzerland,Switzerland,Region Europe,WLO,Wheel Loaders,,<10,Claas,,Y,P,OHR,3,0,0,,,0,0,0,0
807,GCH,Switzerland,Switzerland,Region Europe,WLO,Wheel Loaders,,<10,JCB,JCB,Y,P,OHR,9,0,0,,,0,0,0,0
808,GCH,Switzerland,Switzerland,Region Europe,WLO,Wheel Loaders,,<10,Komatsu,KOM,Y,P,OHR,22,0,0,,,0,0,0,0
809,GCH,Switzerland,Switzerland,Region Europe,WLO,Wheel Loaders,,<10,Kramer,KRA,Y,P,OHR,38,0,0,,,0,0,0,0
810,GCH,Switzerland,Switzerland,Region Europe,WLO,Wheel Loaders,,<10,Kubota,KUB,Y,P,OHR,3,0,0,,,0,0,0,0
811,GCH,Switzerland,Switzerland,Region Europe,WLO,Wheel Loaders,,<10,Liebherr,LIE,Y,P,OHR,30,0,0,,,0,0,0,0
812,GCH,Switzerland,Switzerland,Region Europe,WLO,Wheel Loaders,,<10,Manitou,MTU,Y,P,OHR,2,0,0,,,0,0,0,0
813,GCH,Switzerland,Switzerland,Region Europe,WLO,Wheel Loaders,,<10,Mecalac,MEC,Y,P,OHR,3,0,0,,,0,0,0,0
814,GCH,Switzerland,Switzerland,Region Europe,WLO,Wheel Loaders,,<10,New Holland,NEW,Y,P,OHR,2,0,0,,,0,0,0,0
815,GCH,Switzerland,Switzerland,Region Europe,WLO,Wheel Loaders,,<10,Volvo,VCE,Y,P,OHR,16,0,0,,,0,0,0,0
816,GCH,Switzerland,Switzerland,Region Europe,WLO,Wheel Loaders,,<10,Wacker Neuson,WAN,Y,P,OHR,35,0,0,,,0,0,0,0
817,GCH,Switzerland,Switzerland,Region Europe,WLO,Wheel Loaders,,<10,Yanmar,YAN,Y,P,OHR,11,0,0,,,0,0,0,0
818,GCH,Switzerland,Switzerland,Region Europe,WLO,Wheel Loaders,,>10,Case,CAS,Y,P,OHR,2,0,0,,,0,0,0,0
819,GCH,Switzerland,Switzerland,Region Europe,WLO,Wheel Loaders,,>10,Caterpillar Inc,,Y,P,OHR,40,0,0,,,0,0,0,0
820,GCH,Switzerland,Switzerland,Region Europe,WLO,Wheel Loaders,,>10,Develon,DOO,Y,P,OHR,3,0,0,,,0,0,0,0
821,GCH,Switzerland,Switzerland,Region Europe,WLO,Wheel Loaders,,>10,Hitachi,HIT,Y,P,OHR,3,0,0,,,0,0,0,0
822,GCH,Switzerland,Switzerland,Region Europe,WLO,Wheel Loaders,,>10,Hyundai,HYU,Y,P,OHR,2,0,0,,,0,0,0,0
823,GCH,Switzerland,Switzerland,Region Europe,WLO,Wheel Loaders,,>10,Komatsu,KOM,Y,P,OHR,8,0,0,,,0,0,0,0
824,GCH,Switzerland,Switzerland,Region Europe,WLO,Wheel Loaders,,>10,Kramer,KRA,Y,P,OHR,5,0,0,,,0,0,0,0
825,GCH,Switzerland,Switzerland,Region Europe,WLO,Wheel Loaders,,>10,Liebherr,LIE,Y,P,OHR,20,0,0,,,0,0,0,0
826,GCH,Switzerland,Switzerland,Region Europe,WLO,Wheel Loaders,,>10,Volvo,VCE,Y,P,OHR,36,0,0,,,0,0,0,0
827,GCH,Switzerland,Switzerland,Region Europe,WLO,Wheel Loaders,,>10,Wacker Neuson,WAN,Y,P,OHR,5,0,0,,,0,0,0,0
828,GCL,Chile,Chile,Region Latin America,330,Articulated Haulers,,#,Bell,BEL,Y,P,CLF,5,0,0,,,0,0,0,0
829,GCL,Chile,Chile,Region Latin America,330,Articulated Haulers,,#,Caterpillar Inc,,Y,P,CLF,3,0,0,,,0,0,0,0
830,GCL,Chile,Chile,Region Latin America,330,Articulated Haulers,,#,Develon,DOO,Y,P,CLF,2,0,0,,,0,0,0,0
831,GCL,Chile,Chile,Region Latin America,330,Articulated Haulers,,#,Volvo,VCE,Y,P,CLF,14,0,0,,,0,0,0,0
832,GCL,Chile,Chile,Region Latin America,340,Rigid Haulers,,#,Caterpillar Inc,,Y,P,CLF,33,0,0,,,0,0,0,0
833,GCL,Chile,Chile,Region Latin America,340,Rigid Haulers,,,Dieci,DIE,,P,CLF,2,0,0,,,0,0,1,1
834,GCL,Chile,Chile,Region Latin America,340,Rigid Haulers,,#,Komatsu,KOM,Y,P,CLF,22,0,0,,,0,0,0,0
835,GCL,Chile,Chile,Region Latin America,380,Motor Graders,,#,Case,CAS,Y,P,CLF,2,0,0,,,0,0,0,0
836,GCL,Chile,Chile,Region Latin America,380,Motor Graders,,#,Caterpillar Inc,,Y,P,CLF,72,0,0,,,0,0,0,0
837,GCL,Chile,Chile,Region Latin America,380,Motor Graders,,#,Deere,JOH,Y,P,CLF,44,0,0,,,0,0,0,0
838,GCL,Chile,Chile,Region Latin America,380,Motor Graders,,#,Hyundai,HYU,Y,P,CLF,3,0,0,,,0,0,0,0
839,GCL,Chile,Chile,Region Latin America,380,Motor Graders,,#,Komatsu,KOM,Y,P,CLF,36,0,0,,,0,0,0,0
840,GCL,Chile,Chile,Region Latin America,380,Motor Graders,,#,Liugong,LIU,Y,P,CLF,4,0,0,,,0,0,0,0
841,GCL,Chile,Chile,Region Latin America,380,Motor Graders,,#,New Holland,NEW,Y,P,CLF,1,0,0,,,0,0,0,0
842,GCL,Chile,Chile,Region Latin America,380,Motor Graders,,#,Sany,SNY,Y,P,CLF,7,0,0,,,0,0,0,0
843,GCL,Chile,Chile,Region Latin America,380,Motor Graders,,#,SDLG,LIN,Y,P,CLF,2,0,0,,,0,0,0,0
844,GCL,Chile,Chile,Region Latin America,380,Motor Graders,,#,SEM,SEM,Y,P,CLF,13,0,0,,,0,0,0,0
845,GCL,Chile,Chile,Region Latin America,380,Motor Graders,,#,XCMG,XCM,Y,P,CLF,1,0,0,,,0,0,0,0
846,GCL,Chile,Chile,Region Latin America,390,Compaction Machines,,,Ammann,AMN,,P,CLF,2,0,0,,,0,0,1,1
847,GCL,Chile,Chile,Region Latin America,390,Compaction Machines,,,Bomag,BOM,,P,CLF,17,0,0,,,0,0,1,1
848,GCL,Chile,Chile,Region Latin America,390,Compaction Machines,,,Caterpillar Inc,CAT,,P,CLF,28,0,0,,,0,0,1,1
849,GCL,Chile,Chile,Region Latin America,390,Compaction Machines,,,Dynapac,DYN,,P,CLF,11,0,0,,,0,0,1,1
850,GCL,Chile,Chile,Region Latin America,390,Compaction Machines,,,Hamm,HAM,,P,CLF,52,0,0,,,0,0,1,1
851,GCL,Chile,Chile,Region Latin America,390,Compaction Machines,,,Hidromek,HID,,P,CLF,1,0,0,,,0,0,1,1
852,GCL,Chile,Chile,Region Latin America,390,Compaction Machines,,,JCB,JCB,,P,CLF,12,0,0,,,0,0,1,1
853,GCL,Chile,Chile,Region Latin America,390,Compaction Machines,,,Liugong,LIU,,P,CLF,4,0,0,,,0,0,1,1
854,GCL,Chile,Chile,Region Latin America,390,Compaction Machines,,,New Holland,NEW,,P,CLF,2,0,0,,,0,0,1,1
855,GCL,Chile,Chile,Region Latin America,390,Compaction Machines,,,Sakai,SAK,,P,CLF,2,0,0,,,0,0,1,1
856,GCL,Chile,Chile,Region Latin America,390,Compaction Machines,,,Sany,SNY,,P,CLF,10,0,0,,,0,0,1,1
857,GCL,Chile,Chile,Region Latin America,390,Compaction Machines,,,Volvo,VCE,,P,CLF,2,0,0,,,0,0,1,1
858,GCL,Chile,Chile,Region Latin America,390,Compaction Machines,,,XCMG,XCM,,P,CLF,7,0,0,,,0,0,1,1
859,GCL,Chile,Chile,Region Latin America,410,Backhoe Loaders,,,Bobcat,BOB,,P,CLF,14,0,0,,,0,0,1,1
860,GCL,Chile,Chile,Region Latin America,410,Backhoe Loaders,,,Bull,BUL,,P,CLF,3,0,0,,,0,0,1,1
861,GCL,Chile,Chile,Region Latin America,410,Backhoe Loaders,,,Case,CAS,,P,CLF,37,0,0,,,0,0,1,1
862,GCL,Chile,Chile,Region Latin America,410,Backhoe Loaders,,,Caterpillar Inc,CAT,,P,CLF,283,0,0,,,0,0,1,1
863,GCL,Chile,Chile,Region Latin America,410,Backhoe Loaders,,,Cukurova,CUK,,P,CLF,5,0,0,,,0,0,1,1
864,GCL,Chile,Chile,Region Latin America,410,Backhoe Loaders,,,Deere,JOH,,P,CLF,162,0,0,,,0,0,1,1
865,GCL,Chile,Chile,Region Latin America,410,Backhoe Loaders,,,Develon,DOO,,P,CLF,22,0,0,,,0,0,1,1
866,GCL,Chile,Chile,Region Latin America,410,Backhoe Loaders,,,Hidromek,HID,,P,CLF,32,0,0,,,0,0,1,1
867,GCL,Chile,Chile,Region Latin America,410,Backhoe Loaders,,,Hyundai,HYU,,P,CLF,20,0,0,,,0,0,1,1
868,GCL,Chile,Chile,Region Latin America,410,Backhoe Loaders,,,JCB,JCB,,P,CLF,142,0,0,,,0,0,1,1
869,GCL,Chile,Chile,Region Latin America,410,Backhoe Loaders,,,Komatsu,KOM,,P,CLF,30,0,0,,,0,0,1,1
870,GCL,Chile,Chile,Region Latin America,410,Backhoe Loaders,,,Massey Fergusson,MAF,,P,CLF,8,0,0,,,0,0,1,1
871,GCL,Chile,Chile,Region Latin America,410,Backhoe Loaders,,,Mecalac,MEC,,P,CLF,4,0,0,,,0,0,1,1
872,GCL,Chile,Chile,Region Latin America,410,Backhoe Loaders,,,New Holland,NEW,,P,CLF,48,0,0,,,0,0,1,1
873,GCL,Chile,Chile,Region Latin America,410,Backhoe Loaders,,,OCN,OCN,,P,CLF,21,0,0,,,0,0,1,5
874,GCL,Chile,Chile,Region Latin America,410,Backhoe Loaders,,,OTN,OTN,,P,CLF,2,0,0,,,0,0,1,1
875,GCL,Chile,Chile,Region Latin America,410,Backhoe Loaders,,,Rippa China,CRM,,P,CLF,1,0,0,,,0,0,1,1
876,GCL,Chile,Chile,Region Latin America,410,Backhoe Loaders,,,Sany,SNY,,P,CLF,27,0,0,,,0,0,1,1
877,GCL,Chile,Chile,Region Latin America,410,Backhoe Loaders,,,Shantui,SBM,,P,CLF,1,0,0,,,0,0,1,1
878,GCL,Chile,Chile,Region Latin America,410,Backhoe Loaders,,,Topone,TOP,,P,CLF,1,0,0,,,0,0,1,1
879,GCL,Chile,Chile,Region Latin America,410,Backhoe Loaders,,,XCMG,XCM,,P,CLF,18,0,0,,,0,0,1,1
880,GCL,Chile,Chile,Region Latin America,CEX,Compact Excavators,,<10T,Bobcat,BOB,Y,P,CLF,14,0,0,,,0,0,0,0
881,GCL,Chile,Chile,Region Latin America,CEX,Compact Excavators,,<10T,Case,CAS,Y,P,CLF,2,0,0,,,0,0,0,0
882,GCL,Chile,Chile,Region Latin America,CEX,Compact Excavators,,<10T,Caterpillar Inc,,Y,P,CLF,25,0,0,,,0,0,0,0
883,GCL,Chile,Chile,Region Latin America,CEX,Compact Excavators,,<10T,Develon,DOO,Y,P,CLF,16,0,0,,,0,0,0,0
884,GCL,Chile,Chile,Region Latin America,CEX,Compact Excavators,,<10T,Hyundai,HYU,Y,P,CLF,2,0,0,,,0,0,0,0
885,GCL,Chile,Chile,Region Latin America,CEX,Compact Excavators,,<10T,JCB,JCB,Y,P,CLF,10,0,0,,,0,0,0,0
886,GCL,Chile,Chile,Region Latin America,CEX,Compact Excavators,,<10T,Komatsu,KOM,Y,P,CLF,2,0,0,,,0,0,0,0
887,GCL,Chile,Chile,Region Latin America,CEX,Compact Excavators,,<10T,Kubota,KUB,Y,P,CLF,3,0,0,,,0,0,0,0
888,GCL,Chile,Chile,Region Latin America,CEX,Compact Excavators,,<10T,Liugong,LIU,Y,P,CLF,6,0,0,,,0,0,0,0
889,GCL,Chile,Chile,Region Latin America,CEX,Compact Excavators,,<10T,Lonking,LON,,P,CLF,21,0,0,,,1,1,1,1
890,GCL,Chile,Chile,Region Latin America,CEX,Compact Excavators,,<10T,OCN,OCN,,P,CLF,24,0,0,,,1,1,1,3
891,GCL,Chile,Chile,Region Latin America,CEX,Compact Excavators,,<10T,OTN,OTN,,P,CLF,4,0,0,,,1,1,1,1
892,GCL,Chile,Chile,Region Latin America,CEX,Compact Excavators,,<10T,Rippa China,CRM,,P,CLF,2,0,0,,,1,1,1,1
893,GCL,Chile,Chile,Region Latin America,CEX,Compact Excavators,,<10T,Sany,SNY,Y,P,CLF,23,0,0,,,0,0,0,0
894,GCL,Chile,Chile,Region Latin America,CEX,Compact Excavators,,<10T,Wacker Neuson,WAN,Y,P,CLF,6,0,0,,,0,0,0,0
895,GCL,Chile,Chile,Region Latin America,CEX,Compact Excavators,,<10T,XCMG,XCM,Y,P,CLF,26,0,0,,,0,0,0,0
896,GCL,Chile,Chile,Region Latin America,CEX,Compact Excavators,,<10T,Xiamen,XWL,,P,CLF,1,0,0,,,1,1,1,1
897,GCL,Chile,Chile,Region Latin America,CEX,Compact Excavators,,<10T,Yanmar,XWL,Y,P,CLF,14,0,0,,,1,1,1,1
898,GCL,Chile,Chile,Region Latin America,CEX,Compact Excavators,,<10T,Yuchai,YUC,,P,CLF,9,0,0,,,1,1,1,1
899,GCL,Chile,Chile,Region Latin America,CEX,Compact Excavators,,<10T,Zoomlion,ZOO,Y,P,CLF,12,0,0,,,0,0,0,0
900,GCL,Chile,Chile,Region Latin America,GEC,GPE Excavators Crawled,,>10T,Case,CAS,Y,P,CLF,12,0,0,,,0,0,0,0
901,GCL,Chile,Chile,Region Latin America,GEC,GPE Excavators Crawled,,>10T,Caterpillar Inc,,Y,P,CLF,211,0,0,,,0,0,0,0
902,GCL,Chile,Chile,Region Latin America,GEC,GPE Excavators Crawled,,>10T,Deere,JOH,Y,P,CLF,59,0,0,,,0,0,0,0
903,GCL,Chile,Chile,Region Latin America,GEC,GPE Excavators Crawled,,>10T,Develon,DOO,Y,P,CLF,84,0,0,,,0,0,0,0
904,GCL,Chile,Chile,Region Latin America,GEC,GPE Excavators Crawled,,>10T,Hidromek,HID,Y,P,CLF,15,0,0,,,0,0,0,0
905,GCL,Chile,Chile,Region Latin America,GEC,GPE Excavators Crawled,,>10T,Hyundai,HYU,Y,P,CLF,58,0,0,,,0,0,0,0
906,GCL,Chile,Chile,Region Latin America,GEC,GPE Excavators Crawled,,>10T,JCB,JCB,Y,P,CLF,18,0,0,,,0,0,0,0
907,GCL,Chile,Chile,Region Latin America,GEC,GPE Excavators Crawled,,>10T,Komatsu,KOM,Y,P,CLF,238,0,0,,,0,0,0,0
908,GCL,Chile,Chile,Region Latin America,GEC,GPE Excavators Crawled,,>10T,Liebherr,LIE,Y,P,CLF,6,0,0,,,0,0,0,0
909,GCL,Chile,Chile,Region Latin America,GEC,GPE Excavators Crawled,,>10T,Linkbelt,,Y,P,CLF,17,0,0,,,0,0,0,0
910,GCL,Chile,Chile,Region Latin America,GEC,GPE Excavators Crawled,,>10T,Liugong,LIU,Y,P,CLF,13,0,0,,,0,0,0,0
911,GCL,Chile,Chile,Region Latin America,GEC,Crawler Excavators,,>10T,Lonking,LON,,P,CLF,13,0,0,,,0,0,1,1
912,GCL,Chile,Chile,Region Latin America,GEC,GPE Excavators Crawled,,>10T,New Holland,NEW,Y,P,CLF,4,0,0,,,0,0,0,0
913,GCL,Chile,Chile,Region Latin America,GEC,Crawler Excavators,,>10T,OCN,OCN,,P,CLF,1,0,0,,,0,0,1,1
914,GCL,Chile,Chile,Region Latin America,GEC,Crawler Excavators,,>10T,OTN,OTN,,P,CLF,1,0,0,,,0,0,1,1
915,GCL,Chile,Chile,Region Latin America,GEC,GPE Excavators Crawled,,>10T,Sany,SNY,Y,P,CLF,55,0,0,,,0,0,0,0
916,GCL,Chile,Chile,Region Latin America,GEC,GPE Excavators Crawled,,>10T,SDLG,LIN,Y,P,CLF,8,0,0,,,0,0,0,0
917,GCL,Chile,Chile,Region Latin America,GEC,GPE Excavators Crawled,,>10T,Shantui,SBM,Y,P,CLF,4,0,0,,,0,0,0,0
918,GCL,Chile,Chile,Region Latin America,GEC,GPE Excavators Crawled,,>10T,Sunward,SUN,Y,P,CLF,4,0,0,,,0,0,0,0
919,GCL,Chile,Chile,Region Latin America,GEC,GPE Excavators Crawled,,>10T,Volvo,VCE,Y,P,CLF,62,0,0,,,0,0,0,0
920,GCL,Chile,Chile,Region Latin America,GEC,GPE Excavators Crawled,,>10T,XCMG,XCM,Y,P,CLF,49,0,0,,,0,0,0,0
921,GCL,Chile,Chile,Region Latin America,GEC,GPE Excavators Crawled,,>10T,Zoomlion,ZOO,Y,P,CLF,17,0,0,,,0,0,0,0
922,GCL,Chile,Chile,Region Latin America,GEW,GPE Excavators Wheeled,,>11T,Develon,DOO,Y,P,CLF,25,0,0,,,0,0,0,0
923,GCL,Chile,Chile,Region Latin America,GEW,GPE Excavators Wheeled,,>11T,Hyundai,HYU,Y,P,CLF,2,0,0,,,0,0,0,0
924,GCL,Chile,Chile,Region Latin America,GEW,GPE Excavators Wheeled,,>11T,XCMG,XCM,Y,P,CLF,2,0,0,,,0,0,0,0
925,GCL,Chile,Chile,Region Latin America,WLO,Wheel Loaders,,<12,Caterpillar Inc,,Y,P,CLF,2,0,0,,,0,0,0,0
926,GCL,Chile,Chile,Region Latin America,WLO,Wheel Loaders,,<12,Clinton,CLI,,P,CLF,1,0,0,,,0,0,0,0
927,GCL,Chile,Chile,Region Latin America,WLO,Wheel Loaders,,<12,Deere,JOH,Y,P,CLF,1,0,0,,,0,0,0,0
928,GCL,Chile,Chile,Region Latin America,WLO,Wheel Loaders,,<12,Eougem,EUO,,P,CLF,1,0,0,,,0,0,0,0
929,GCL,Chile,Chile,Region Latin America,WLO,Wheel Loaders,,<12,Hyundai,HYU,Y,P,CLF,1,0,0,,,0,0,0,0
930,GCL,Chile,Chile,Region Latin America,WLO,Wheel Loaders,,<12,JCB,JCB,Y,P,CLF,4,0,0,,,0,0,0,0
931,GCL,Chile,Chile,Region Latin America,WLO,Wheel Loaders,,<12,Komatsu,KOM,Y,P,CLF,3,0,0,,,0,0,0,0
932,GCL,Chile,Chile,Region Latin America,WLO,Wheel Loaders,,<12,Liugong,LIU,Y,P,CLF,3,0,0,,,0,0,0,0
933,GCL,Chile,Chile,Region Latin America,WLO,Wheel Loaders,,<12,OCN,OCN,,P,CLF,9,0,0,,,0,0,0,0
934,GCL,Chile,Chile,Region Latin America,WLO,Wheel Loaders,,<12,Sany,SNY,Y,P,CLF,1,0,0,,,0,0,0,0
935,GCL,Chile,Chile,Region Latin America,WLO,Wheel Loaders,,<12,SDLG,LIN,Y,P,CLF,2,0,0,,,0,0,0,0
936,GCL,Chile,Chile,Region Latin America,WLO,Wheel Loaders,,<12,Volvo,VCE,Y,P,CLF,1,0,0,,,0,0,0,0
937,GCL,Chile,Chile,Region Latin America,WLO,Wheel Loaders,,<12,XCMG,XCM,Y,P,CLF,16,0,0,,,0,0,0,0
938,GCL,Chile,Chile,Region Latin America,WLO,Wheel Loaders,,>12,Case,CAS,Y,P,CLF,2,0,0,,,0,0,0,0
939,GCL,Chile,Chile,Region Latin America,WLO,Wheel Loaders,,>12,Caterpillar Inc,,Y,P,CLF,77,0,0,,,0,0,0,0
940,GCL,Chile,Chile,Region Latin America,WLO,Wheel Loaders,,>12,Clinton,CLI,,P,CLF,7,0,0,,,0,0,1,1
941,GCL,Chile,Chile,Region Latin America,WLO,Wheel Loaders,,>12,Deere,JOH,Y,P,CLF,26,0,0,,,0,0,0,0
942,GCL,Chile,Chile,Region Latin America,WLO,Wheel Loaders,,>12,Develon,DOO,Y,P,CLF,23,0,0,,,0,0,0,0
943,GCL,Chile,Chile,Region Latin America,WLO,Wheel Loaders,,>12,Eougem,EUO,,P,CLF,1,0,0,,,0,0,1,1
944,GCL,Chile,Chile,Region Latin America,WLO,Wheel Loaders,,>12,Hidromek,HID,Y,P,CLF,1,0,0,,,0,0,0,0
945,GCL,Chile,Chile,Region Latin America,WLO,Wheel Loaders,,>12,Hyundai,HYU,Y,P,CLF,8,0,0,,,0,0,0,0
946,GCL,Chile,Chile,Region Latin America,WLO,Wheel Loaders,,>12,JCB,JCB,Y,P,CLF,7,0,0,,,0,0,0,0
947,GCL,Chile,Chile,Region Latin America,WLO,Wheel Loaders,,>12,Komatsu,KOM,Y,P,CLF,64,0,0,,,0,0,0,0
948,GCL,Chile,Chile,Region Latin America,WLO,Wheel Loaders,,>12,Liebherr,LIE,Y,P,CLF,13,0,0,,,0,0,0,0
949,GCL,Chile,Chile,Region Latin America,WLO,Wheel Loaders,,>12,Liugong,LIU,Y,P,CLF,20,0,0,,,0,0,0,0
950,GCL,Chile,Chile,Region Latin America,WLO,Wheel Loaders,,>12,Lonking,LON,,P,CLF,1,0,0,,,0,0,1,1
951,GCL,Chile,Chile,Region Latin America,WLO,Wheel Loaders,,>12,New Holland,NEW,Y,P,CLF,3,0,0,,,0,0,0,0
952,GCL,Chile,Chile,Region Latin America,WLO,Wheel Loaders,,>12,Sany,SNY,Y,P,CLF,23,0,0,,,0,0,0,0
953,GCL,Chile,Chile,Region Latin America,WLO,Wheel Loaders,,>12,SDLG,LIN,Y,P,CLF,21,0,0,,,0,0,0,0
954,GCL,Chile,Chile,Region Latin America,WLO,Wheel Loaders,,>12,SEM,SEM,Y,P,CLF,20,0,0,,,0,0,0,0
955,GCL,Chile,Chile,Region Latin America,WLO,Wheel Loaders,,>12,Volvo,VCE,Y,P,CLF,41,0,0,,,0,0,0,0
956,GCL,Chile,Chile,Region Latin America,WLO,Wheel Loaders,,>12,XCMG,XCM,Y,P,CLF,35,0,0,,,0,0,0,0
957,GCN,China,China,Region China,330,Articulated Haulers,,#,Volvo,VCE,Y,P,OHR,12,0,0,,,0,0,0,0
958,GCN,China,China,Region China,340,Rigid Haulers,,#,Liugong,LIU,Y,P,OHR,5,0,0,,,0,0,0,0
959,GCN,China,China,Region China,340,Rigid Haulers,,,NHL,NHL,,P,OHR,110,0,0,,,0,0,1,1
960,GCN,China,China,Region China,340,Rigid Haulers,,,OTN,OTN,,P,OHR,30,0,0,,,0,0,1,1
961,GCN,China,China,Region China,340,Rigid Haulers,,#,XCMG,XCM,Y,P,OHR,110,0,0,,,0,0,0,0
962,GCN,China,China,Region China,340,Rigid Haulers,,,Xiangtan,XIG,,P,OHR,5,0,0,,,0,0,1,1
963,GCN,China,China,Region China,380,Motor Graders,,#,Caterpillar Inc,,Y,P,OHR,5,0,0,,,0,0,0,0
964,GCN,China,China,Region China,380,Motor Graders,,,Changlin,CHA,,P,OHR,95,0,0,,,0,0,1,1
965,GCN,China,China,Region China,380,Motor Graders,,,Dahua,DAH,,P,OHR,10,0,0,,,0,0,1,1
966,GCN,China,China,Region China,380,Motor Graders,,#,Liugong,LIU,Y,P,OHR,125,0,0,,,0,0,0,0
967,GCN,China,China,Region China,380,Motor Graders,,#,Sany,SNY,Y,P,OHR,135,0,0,,,0,0,0,0
968,GCN,China,China,Region China,380,Motor Graders,,#,SDLG,LIN,Y,P,OHR,35,0,0,,,0,0,0,0
969,GCN,China,China,Region China,380,Motor Graders,,#,SEM,SEM,Y,P,OHR,120,0,0,,,0,0,0,0
970,GCN,China,China,Region China,380,Motor Graders,,#,Shantui,SBM,Y,P,OHR,100,0,0,,,0,0,0,0
971,GCN,China,China,Region China,380,Motor Graders,,#,XCMG,XCM,Y,P,OHR,430,0,0,,,0,0,0,0
972,GCN,China,China,Region China,380,Motor Graders,,,Xiagong XGMA Machine,XEM,,P,OHR,5,0,0,,,0,0,1,1
973,GCN,China,China,Region China,410,Backhoe Loaders,,,Changlin,CHA,,P,OHR,6,0,0,,,0,0,1,1
974,GCN,China,China,Region China,410,Backhoe Loaders,,,Liugong,LIU,,P,OHR,20,0,0,,,0,0,1,1
975,GCN,China,China,Region China,410,Backhoe Loaders,,,OTN,OTN,,P,OHR,22,0,0,,,0,0,1,1
976,GCN,China,China,Region China,410,Backhoe Loaders,,,Weimeng,WMG,,P,OHR,7,0,0,,,0,0,1,1
977,GCN,China,China,Region China,410,Backhoe Loaders,,,XCMG,XCM,,P,OHR,45,0,0,,,0,0,1,1
978,GCN,China,China,Region China,CEX,Compact Excavators,,<6T,Bobcat,BOB,Y,P,OHR,50,0,0,,,0,0,0,0
979,GCN,China,China,Region China,CEX,Compact Excavators,,<6T,Caterpillar Inc,,Y,P,OHR,570,0,0,,,0,0,0,0
980,GCN,China,China,Region China,CEX,Compact Excavators,,<6T,Develon,DOO,Y,P,OHR,1000,0,0,,,0,0,0,0
981,GCN,China,China,Region China,CEX,Compact Excavators,,<6T,Foton Lovol,FOL,Y,P,OHR,709,0,0,,,0,0,0,0
982,GCN,China,China,Region China,CEX,Compact Excavators,,<6T,Hitachi,HIT,Y,P,OHR,80,0,0,,,0,0,0,0
983,GCN,China,China,Region China,CEX,Compact Excavators,,<6T,Hyundai,HYU,Y,P,OHR,550,0,0,,,0,0,0,0
984,GCN,China,China,Region China,CEX,Compact Excavators,,<6T,Kato Imer,KAT,,P,OHR,110,0,0,,,1,1,1,1
985,GCN,China,China,Region China,CEX,Compact Excavators,,<6T,Kubota,KUB,Y,P,OHR,950,0,0,,,0,0,0,0
986,GCN,China,China,Region China,CEX,Compact Excavators,,<6T,Liugong,LIU,Y,P,OHR,5185,0,0,,,0,0,0,0
987,GCN,China,China,Region China,CEX,Compact Excavators,,<6T,Lonking,LON,Y,P,OHR,200,0,0,,,0,0,0,0
988,GCN,China,China,Region China,CEX,Compact Excavators,,<6T,OTN,OTN,,P,OHR,1005,0,0,,,1,1,1,1
989,GCN,China,China,Region China,CEX,Compact Excavators,,<6T,Sany,SNY,Y,P,OHR,8895,0,0,,,0,0,0,0
990,GCN,China,China,Region China,CEX,Compact Excavators,,<6T,SDLG,LIN,Y,P,OHR,3700,0,0,,,0,0,0,0
991,GCN,China,China,Region China,CEX,Compact Excavators,,<6T,Shantui,SBM,Y,P,OHR,1980,0,0,,,0,0,0,0
992,GCN,China,China,Region China,CEX,Compact Excavators,,<6T,Sunward,SUN,Y,P,OHR,700,0,0,,,0,0,0,0
993,GCN,China,China,Region China,CEX,Compact Excavators,,<6T,Volvo,VCE,Y,P,OHR,3,0,0,,,0,0,0,0
994,GCN,China,China,Region China,CEX,Compact Excavators,,<6T,Wacker Neuson,WAN,,P,OHR,300,0,0,,,1,1,1,1
995,GCN,China,China,Region China,CEX,Compact Excavators,,<6T,XCMG,XCM,Y,P,OHR,6870,0,0,,,0,0,0,0
996,GCN,China,China,Region China,CEX,Compact Excavators,,<6T,Yanmar,YAN,Y,P,OHR,110,0,0,,,0,0,0,0
997,GCN,China,China,Region China,CEX,Compact Excavators,,<6T,Yuchai,YUC,Y,P,OHR,410,0,0,,,0,0,0,0
998,GCN,China,China,Region China,CEX,Compact Excavators,,<6T,Zoomlion,ZOO,Y,P,OHR,120,0,0,,,0,0,0,0
999,GCN,China,China,Region China,GEC,GPE Excavators Crawled,,>6T,Caterpillar Inc,,Y,P,OHR,4000,0,0,,,0,0,0,0
1000,GCN,China,China,Region China,GEC,GPE Excavators Crawled,,>6T,Develon,DOO,Y,P,OHR,1230,0,0,,,0,0,0,0
1001,GCN,China,China,Region China,GEC,GPE Excavators Crawled,,>6T,Foton Lovol,FOL,Y,P,OHR,1982,0,0,,,0,0,0,0
1002,GCN,China,China,Region China,GEC,GPE Excavators Crawled,,>6T,Hitachi,HIT,Y,P,OHR,850,0,0,,,0,0,0,0
1003,GCN,China,China,Region China,GEC,GPE Excavators Crawled,,>6T,Hyundai,HYU,Y,P,OHR,1045,0,0,,,0,0,0,0
1004,GCN,China,China,Region China,GEC,GPE Excavators Crawled,,>6T,Jonyang,,Y,P,OHR,60,0,0,,,0,0,0,0
1005,GCN,China,China,Region China,GEC,GPE Excavators Crawled,,>6T,Kobelco,KOB,Y,P,OHR,1195,0,0,,,0,0,0,0
1006,GCN,China,China,Region China,GEC,GPE Excavators Crawled,,>6T,Komatsu,KOM,Y,P,OHR,1000,0,0,,,0,0,0,0
1007,GCN,China,China,Region China,GEC,GPE Excavators Crawled,,>6T,Liebherr,LIE,Y,P,OHR,4,0,0,,,0,0,0,0
1008,GCN,China,China,Region China,GEC,GPE Excavators Crawled,,>6T,Liugong,LIU,Y,P,OHR,7316,0,0,,,0,0,0,0
1009,GCN,China,China,Region China,GEC,GPE Excavators Crawled,,>6T,Lonking,LON,Y,P,OHR,1040,0,0,,,0,0,0,0
1010,GCN,China,China,Region China,GEC,Crawler Excavators,,>6T,OTN,OTN,,P,OHR,2000,0,0,,,0,0,1,1
1011,GCN,China,China,Region China,GEC,GPE Excavators Crawled,,>6T,Sany,SNY,Y,P,OHR,16410,0,0,,,0,0,0,0
1012,GCN,China,China,Region China,GEC,GPE Excavators Crawled,,>6T,SDLG,LIN,Y,P,OHR,5630,0,0,,,0,0,0,0
1013,GCN,China,China,Region China,GEC,GPE Excavators Crawled,,>6T,Shantui,SBM,Y,P,OHR,2433,0,0,,,0,0,0,0
1014,GCN,China,China,Region China,GEC,GPE Excavators Crawled,,>6T,Sumitomo,SUM,Y,P,OHR,260,0,0,,,0,0,0,0
1015,GCN,China,China,Region China,GEC,GPE Excavators Crawled,,>6T,Sunward,SUN,Y,P,OHR,935,0,0,,,0,0,0,0
1016,GCN,China,China,Region China,GEC,GPE Excavators Crawled,,>6T,Volvo,VCE,Y,P,OHR,830,0,0,,,0,0,0,0
1017,GCN,China,China,Region China,GEC,GPE Excavators Crawled,,>6T,XCMG,XCM,Y,P,OHR,12630,0,0,,,0,0,0,0
1018,GCN,China,China,Region China,GEC,GPE Excavators Crawled,,>6T,Yuchai,YUC,Y,P,OHR,100,0,0,,,0,0,0,0
1019,GCN,China,China,Region China,GEC,GPE Excavators Crawled,,>6T,Zoomlion,ZOO,Y,P,OHR,1640,0,0,,,0,0,0,0
1020,GCN,China,China,Region China,GEW,GPE Excavators Wheeled,,>6T,Caterpillar Inc,,Y,P,OHR,60,0,0,,,0,0,0,0
1021,GCN,China,China,Region China,GEW,GPE Excavators Wheeled,,>6T,Develon,DOO,Y,P,OHR,220,0,0,,,0,0,0,0
1022,GCN,China,China,Region China,GEW,GPE Excavators Wheeled,,>6T,Hyundai,HYU,Y,P,OHR,225,0,0,,,0,0,0,0
1023,GCN,China,China,Region China,GEW,GPE Excavators Wheeled,,>6T,Jonyang,,Y,P,OHR,45,0,0,,,0,0,0,0
1024,GCN,China,China,Region China,GEW,GPE Excavators Wheeled,,>6T,Liugong,LIU,Y,P,OHR,350,0,0,,,0,0,0,0
1025,GCN,China,China,Region China,GEW,Wheeled Excavators,,>6T,OTN,OTN,,P,OHR,8,0,0,,,0,0,1,1
1026,GCN,China,China,Region China,GEW,GPE Excavators Wheeled,,>6T,Sany,SNY,Y,P,OHR,510,0,0,,,0,0,0,0
1027,GCN,China,China,Region China,GEW,GPE Excavators Wheeled,,>6T,SDLG,LIN,Y,P,OHR,680,0,0,,,0,0,0,0
1028,GCN,China,China,Region China,GEW,GPE Excavators Wheeled,,>6T,Sunward,SUN,Y,P,OHR,10,0,0,,,0,0,0,0
1029,GCN,China,China,Region China,GEW,GPE Excavators Wheeled,,>6T,Volvo,VCE,Y,P,OHR,2,0,0,,,0,0,0,0
1030,GCN,China,China,Region China,GEW,GPE Excavators Wheeled,,>6T,XCMG,XCM,Y,P,OHR,230,0,0,,,0,0,0,0
1031,GCN,China,China,Region China,WLO,Wheel Loaders,,<10,Changlin,CHA,Y,P,OHR,20,0,0,,,0,0,0,0
1032,GCN,China,China,Region China,WLO,Wheel Loaders,,<10,Liugong,LIU,Y,P,OHR,200,0,0,,,0,0,0,0
1033,GCN,China,China,Region China,WLO,Wheel Loaders,,<10,Lonking,LON,Y,P,OHR,220,0,0,,,0,0,0,0
1034,GCN,China,China,Region China,WLO,Wheel Loaders,,<10,Shantui,SBM,Y,P,OHR,160,0,0,,,0,0,0,0
1035,GCN,China,China,Region China,WLO,Wheel Loaders,,<10,XCMG,XCM,Y,P,OHR,370,0,0,,,0,0,0,0
1036,GCN,China,China,Region China,WLO,Wheel Loaders,,<10,Xiagong XGMA Machine,,Y,P,OHR,10,0,0,,,0,0,0,0
1037,GCN,China,China,Region China,WLO,Wheel Loaders,,>10,Caterpillar Inc,,Y,P,OHR,5,0,0,,,0,0,0,0
1038,GCN,China,China,Region China,WLO,Wheel Loaders,,>10,Changlin,CHA,Y,P,OHR,670,0,0,,,0,0,0,0
1039,GCN,China,China,Region China,WLO,Wheel Loaders,,>10,Develon,DOO,Y,P,OHR,180,0,0,,,0,0,0,0
1040,GCN,China,China,Region China,WLO,Wheel Loaders,,>10,Foton Lovol,FOL,Y,P,OHR,1000,0,0,,,0,0,0,0
1041,GCN,China,China,Region China,WLO,Wheel Loaders,,>10,Jingong,JIN,,P,OHR,280,0,0,,,0,0,1,1
1042,GCN,China,China,Region China,WLO,Wheel Loaders,,>10,Komatsu,KOM,Y,P,OHR,15,0,0,,,0,0,0,0
1043,GCN,China,China,Region China,WLO,Wheel Loaders,,>10,Liebherr,LIE,Y,P,OHR,1,0,0,,,0,0,0,0
1044,GCN,China,China,Region China,WLO,Wheel Loaders,,>10,Liugong,LIU,Y,P,OHR,9180,0,0,,,0,0,0,0
1045,GCN,China,China,Region China,WLO,Wheel Loaders,,>10,Lonking,LON,Y,P,OHR,9800,0,0,,,0,0,0,0
1046,GCN,China,China,Region China,WLO,Wheel Loaders,,>10,OTN,OTN,,P,OHR,554,0,0,,,0,0,1,1
1047,GCN,China,China,Region China,WLO,Wheel Loaders,,>10,Sany,SNY,Y,P,OHR,340,0,0,,,0,0,0,0
1048,GCN,China,China,Region China,WLO,Wheel Loaders,,>10,SDLG,LIN,Y,P,OHR,9110,0,0,,,0,0,0,0
1049,GCN,China,China,Region China,WLO,Wheel Loaders,,>10,SEM,SEM,Y,P,OHR,1800,0,0,,,0,0,0,0
1050,GCN,China,China,Region China,WLO,Wheel Loaders,,>10,Shantui,SBM,Y,P,OHR,1240,0,0,,,0,0,0,0
1051,GCN,China,China,Region China,WLO,Wheel Loaders,,>10,XCMG,XCM,Y,P,OHR,6890,0,0,,,0,0,0,0
1052,GCN,China,China,Region China,WLO,Wheel Loaders,,>10,Xiagong XGMA Machine,,Y,P,OHR,455,0,0,,,0,0,0,0
1053,GCO,Colombia,Colombia,Region Latin America,330,Articulated Haulers,,#,Caterpillar Inc,,Y,P,OHR,1,0,0,,,0,0,0,0
1054,GCO,Colombia,Colombia,Region Latin America,340,Rigid Haulers,,#,Caterpillar Inc,,Y,P,OHR,8,0,0,,,0,0,0,0
1055,GCO,Colombia,Colombia,Region Latin America,340,Rigid Haulers,,#,Komatsu,KOM,Y,P,PIN,2,0,0,,,0,0,0,0
1056,GCO,Colombia,Colombia,Region Latin America,380,Motor Graders,,#,Case,CAS,Y,P,OHR,13,0,0,,,0,0,0,0
1057,GCO,Colombia,Colombia,Region Latin America,380,Motor Graders,,#,Caterpillar Inc,,Y,P,OHR,26,0,0,,,0,0,0,0
1058,GCO,Colombia,Colombia,Region Latin America,380,Motor Graders,,#,Deere,JOH,Y,P,OHR,2,0,0,,,0,0,0,0
1059,GCO,Colombia,Colombia,Region Latin America,380,Motor Graders,,#,Komatsu,KOM,Y,P,OHR,18,0,0,,,0,0,0,0
1060,GCO,Colombia,Colombia,Region Latin America,380,Motor Graders,,#,Liugong,LIU,Y,P,OHR,3,0,0,,,0,0,0,0
1061,GCO,Colombia,Colombia,Region Latin America,380,Motor Graders,,,OTN,OTN,,P,OHR,1,0,0,,,0,0,1,1
1062,GCO,Colombia,Colombia,Region Latin America,380,Motor Graders,,#,Sany,SNY,Y,P,OHR,11,0,0,,,0,0,0,0
1063,GCO,Colombia,Colombia,Region Latin America,380,Motor Graders,,#,SDLG,LIN,Y,P,OHR,4,0,0,,,0,0,0,0
1064,GCO,Colombia,Colombia,Region Latin America,380,Motor Graders,,#,XCMG,XCM,Y,P,OHR,8,0,0,,,0,0,0,0
1065,GCO,Colombia,Colombia,Region Latin America,410,Backhoe Loaders,,,Case,CAS,,P,OHR,50,0,0,,,0,0,1,1
1066,GCO,Colombia,Colombia,Region Latin America,410,Backhoe Loaders,,,Caterpillar Inc,CAT,,P,OHR,105,0,0,,,0,0,1,1
1067,GCO,Colombia,Colombia,Region Latin America,410,Backhoe Loaders,,,Deere,JOH,,P,OHR,20,0,0,,,0,0,1,1
1068,GCO,Colombia,Colombia,Region Latin America,410,Backhoe Loaders,,,Hyundai,HYU,,P,OHR,40,0,0,,,0,0,1,1
1069,GCO,Colombia,Colombia,Region Latin America,410,Backhoe Loaders,,,JCB,JCB,,P,OHR,57,0,0,,,0,0,1,1
1070,GCO,Colombia,Colombia,Region Latin America,410,Backhoe Loaders,,,Komatsu,KOM,,P,OHR,35,0,0,,,0,0,1,1
1071,GCO,Colombia,Colombia,Region Latin America,410,Backhoe Loaders,,,Liugong,LIU,,P,OHR,10,0,0,,,0,0,1,1
1072,GCO,Colombia,Colombia,Region Latin America,410,Backhoe Loaders,,,New Holland,NEW,,P,OHR,35,0,0,,,0,0,1,1
1073,GCO,Colombia,Colombia,Region Latin America,410,Backhoe Loaders,,,OTN,OTN,,P,OHR,4,0,0,,,0,0,1,1
1074,GCO,Colombia,Colombia,Region Latin America,410,Backhoe Loaders,,,Sany,SNY,,P,OHR,55,0,0,,,0,0,1,1
1075,GCO,Colombia,Colombia,Region Latin America,410,Backhoe Loaders,,,Shantui,SBM,,P,OHR,4,0,0,,,0,0,1,1
1076,GCO,Colombia,Colombia,Region Latin America,CEX,Compact Excavators,,6<10T,Foton Lovol,FOL,Y,P,PIN,24,0,0,,,0,0,0,0
1077,GCO,Colombia,Colombia,Region Latin America,CEX,Compact Excavators,,6<10T,Liugong,LIU,Y,P,PIN,2,0,0,,,0,0,0,0
1078,GCO,Colombia,Colombia,Region Latin America,CEX,Compact Excavators,,6<10T,OCN,OCN,,P,PIN,3,0,0,,,1,1,1,1
1079,GCO,Colombia,Colombia,Region Latin America,CEX,Compact Excavators,,6<10T,Rippa China,CRM,,P,PIN,2,0,0,,,1,1,1,1
1080,GCO,Colombia,Colombia,Region Latin America,CEX,Compact Excavators,,6<10T,Shantui,SBM,Y,P,PIN,12,0,0,,,0,0,0,0
1081,GCO,Colombia,Colombia,Region Latin America,CEX,Compact Excavators,,6<10T,XCMG,XCM,Y,P,PIN,2,0,0,,,0,0,0,0
1082,GCO,Colombia,Colombia,Region Latin America,CEX,Compact Excavators,,6<10T,Zoomlion,ZOO,Y,P,PIN,4,0,0,,,0,0,0,0
1083,GCO,Colombia,Colombia,Region Latin America,CEX,Compact Excavators,,<6T,Bobcat,BOB,Y,P,OHR,5,0,0,,,0,0,0,0
1084,GCO,Colombia,Colombia,Region Latin America,CEX,Compact Excavators,,<6T,Case,CAS,Y,P,PIN,1,0,0,,,0,0,0,0
1085,GCO,Colombia,Colombia,Region Latin America,CEX,Compact Excavators,,<6T,Caterpillar Inc,,Y,P,OHR,50,0,0,,,0,0,0,0
1086,GCO,Colombia,Colombia,Region Latin America,CEX,Compact Excavators,,<6T,Develon,DOO,Y,P,OHR,15,0,0,,,0,0,0,0
1087,GCO,Colombia,Colombia,Region Latin America,CEX,Compact Excavators,,<6T,Foton Lovol,FOL,Y,P,PIN,53,0,0,,,0,0,0,0
1088,GCO,Colombia,Colombia,Region Latin America,CEX,Compact Excavators,,<6T,Hitachi,HIT,Y,P,OHR,20,0,0,,,0,0,0,0
1089,GCO,Colombia,Colombia,Region Latin America,CEX,Compact Excavators,,<6T,Hyundai,HYU,Y,P,OHR,30,0,0,,,0,0,0,0
1090,GCO,Colombia,Colombia,Region Latin America,CEX,Compact Excavators,,<6T,Kobelco,KOB,Y,P,OHR,5,0,0,,,0,0,0,0
1091,GCO,Colombia,Colombia,Region Latin America,CEX,Compact Excavators,,<6T,Komatsu,KOM,Y,P,OHR,10,0,0,,,0,0,0,0
1092,GCO,Colombia,Colombia,Region Latin America,CEX,Compact Excavators,,<6T,Kubota,KUB,Y,P,OHR,20,0,0,,,0,0,0,0
1093,GCO,Colombia,Colombia,Region Latin America,CEX,Compact Excavators,,<6T,Lonking,LON,,P,OHR,5,0,0,,,1,1,1,1
1094,GCO,Colombia,Colombia,Region Latin America,CEX,Compact Excavators,,<6T,OCN,OCN,,P,PIN,24,0,0,,,1,1,1,1
1095,GCO,Colombia,Colombia,Region Latin America,CEX,Compact Excavators,,<6T,OTN,OTN,,P,OHR,2,0,0,,,1,1,1,1
1096,GCO,Colombia,Colombia,Region Latin America,CEX,Compact Excavators,,<6T,Rippa China,CRM,,P,PIN,4,0,0,,,1,1,1,1
1097,GCO,Colombia,Colombia,Region Latin America,CEX,Compact Excavators,,<6T,Sany,SNY,Y,P,OHR,25,0,0,,,0,0,0,0
1098,GCO,Colombia,Colombia,Region Latin America,CEX,Compact Excavators,,<6T,SDLG,LIN,Y,P,PIN,10,0,0,,,0,0,0,0
1099,GCO,Colombia,Colombia,Region Latin America,CEX,Compact Excavators,,<6T,Shandong Rhinoceros,SRH,,P,PIN,17,0,0,,,1,1,1,1
1100,GCO,Colombia,Colombia,Region Latin America,CEX,Compact Excavators,,<6T,Sunward,SUN,Y,P,OHR,5,0,0,,,0,0,0,0
1101,GCO,Colombia,Colombia,Region Latin America,CEX,Compact Excavators,,<6T,Volvo,VCE,Y,P,OHR,1,0,0,,,0,0,0,0
1102,GCO,Colombia,Colombia,Region Latin America,CEX,Compact Excavators,,<6T,Wacker Neuson,WAN,Y,P,OHR,2,0,0,,,0,0,0,0
1103,GCO,Colombia,Colombia,Region Latin America,CEX,Compact Excavators,,<6T,XCMG,XCM,Y,P,PIN,2,0,0,,,0,0,0,0
1104,GCO,Colombia,Colombia,Region Latin America,CEX,Compact Excavators,,<6T,Yanmar,YAN,Y,P,OHR,15,0,0,,,0,0,0,0
1105,GCO,Colombia,Colombia,Region Latin America,CEX,Compact Excavators,,<6T,Yuchai,YUC,,P,OHR,5,0,0,,,1,1,1,1
1106,GCO,Colombia,Colombia,Region Latin America,CEX,Compact Excavators,,<6T,Zoomlion,ZOO,Y,P,PIN,4,0,0,,,0,0,0,0
1107,GCO,Colombia,Colombia,Region Latin America,GEC,Crawler Excavators,,>10T,Canmax,CAN,,P,PIN,1,0,0,,,0,0,1,1
1108,GCO,Colombia,Colombia,Region Latin America,GEC,GPE Excavators Crawled,,>10T,Foton Lovol,FOL,Y,P,PIN,14,0,0,,,0,0,0,0
1109,GCO,Colombia,Colombia,Region Latin America,GEC,Crawler Excavators,,>10T,JCM,JCM,,P,PIN,1,0,0,,,0,0,1,1
1110,GCO,Colombia,Colombia,Region Latin America,GEC,GPE Excavators Crawled,,>10T,New Holland,NEW,Y,P,PIN,28,0,0,,,0,0,0,0
1111,GCO,Colombia,Colombia,Region Latin America,GEC,Crawler Excavators,,>10T,OCN,OCN,,P,PIN,2,0,0,,,0,0,1,1
1112,GCO,Colombia,Colombia,Region Latin America,GEC,Crawler Excavators,,>10T,Rippa China,CRM,,P,PIN,2,0,0,,,0,0,1,1
1113,GCO,Colombia,Colombia,Region Latin America,GEC,Crawler Excavators,,>10T,Sinomach,SIM,,P,PIN,13,0,0,,,0,0,1,1
1114,GCO,Colombia,Colombia,Region Latin America,GEC,GPE Excavators Crawled,,>6T,Case,CAS,Y,P,OHR,25,0,0,,,0,0,0,0
1115,GCO,Colombia,Colombia,Region Latin America,GEC,GPE Excavators Crawled,,>6T,Caterpillar Inc,,Y,P,OHR,280,0,0,,,0,0,0,0
1116,GCO,Colombia,Colombia,Region Latin America,GEC,GPE Excavators Crawled,,>6T,Deere,JOH,Y,P,OHR,15,0,0,,,0,0,0,0
1117,GCO,Colombia,Colombia,Region Latin America,GEC,GPE Excavators Crawled,,>6T,Develon,DOO,Y,P,OHR,65,0,0,,,0,0,0,0
1118,GCO,Colombia,Colombia,Region Latin America,GEC,GPE Excavators Crawled,,>6T,Hidromek,HID,Y,P,OHR,5,0,0,,,0,0,0,0
1119,GCO,Colombia,Colombia,Region Latin America,GEC,GPE Excavators Crawled,,>6T,Hitachi,HIT,Y,P,OHR,160,0,0,,,0,0,0,0
1120,GCO,Colombia,Colombia,Region Latin America,GEC,GPE Excavators Crawled,,>6T,Hyundai,HYU,Y,P,OHR,120,0,0,,,0,0,0,0
1121,GCO,Colombia,Colombia,Region Latin America,GEC,GPE Excavators Crawled,,>6T,JCB,JCB,Y,P,OHR,3,0,0,,,0,0,0,0
1122,GCO,Colombia,Colombia,Region Latin America,GEC,GPE Excavators Crawled,,>6T,Kobelco,KOB,Y,P,OHR,10,0,0,,,0,0,0,0
1123,GCO,Colombia,Colombia,Region Latin America,GEC,GPE Excavators Crawled,,>6T,Komatsu,KOM,Y,P,OHR,60,0,0,,,0,0,0,0
1124,GCO,Colombia,Colombia,Region Latin America,GEC,GPE Excavators Crawled,,>6T,Linkbelt,,Y,P,OHR,15,0,0,,,0,0,0,0
1125,GCO,Colombia,Colombia,Region Latin America,GEC,GPE Excavators Crawled,,>6T,Liugong,LIU,Y,P,OHR,80,0,0,,,0,0,0,0
1126,GCO,Colombia,Colombia,Region Latin America,GEC,Crawler Excavators,,>6T,Lonking,LON,,P,OHR,15,0,0,,,0,0,1,1
1127,GCO,Colombia,Colombia,Region Latin America,GEC,Crawler Excavators,,>6T,OTN,OTN,,P,OHR,25,0,0,,,0,0,1,1
1128,GCO,Colombia,Colombia,Region Latin America,GEC,GPE Excavators Crawled,,>6T,Sany,SNY,Y,P,OHR,70,0,0,,,0,0,0,0
1129,GCO,Colombia,Colombia,Region Latin America,GEC,GPE Excavators Crawled,,>6T,SDLG,LIN,Y,P,OHR,15,0,0,,,0,0,0,0
1130,GCO,Colombia,Colombia,Region Latin America,GEC,GPE Excavators Crawled,,>6T,Shantui,SBM,Y,P,OHR,40,0,0,,,0,0,0,0
1131,GCO,Colombia,Colombia,Region Latin America,GEC,GPE Excavators Crawled,,>6T,Sunward,SUN,Y,P,OHR,10,0,0,,,0,0,0,0
1132,GCO,Colombia,Colombia,Region Latin America,GEC,GPE Excavators Crawled,,>6T,Volvo,VCE,Y,P,OHR,17,0,0,,,0,0,0,0
1133,GCO,Colombia,Colombia,Region Latin America,GEC,GPE Excavators Crawled,,>6T,XCMG,XCM,Y,P,OHR,5,0,0,,,0,0,0,0
1134,GCO,Colombia,Colombia,Region Latin America,GEC,GPE Excavators Crawled,,>6T,Yanmar,YAN,Y,P,OHR,10,0,0,,,0,0,0,0
1135,GCO,Colombia,Colombia,Region Latin America,GEC,GPE Excavators Crawled,,>6T,Zoomlion,ZOO,Y,P,OHR,45,0,0,,,0,0,0,0
1136,GCO,Colombia,Colombia,Region Latin America,GEW,GPE Excavators Wheeled,,>11T,Caterpillar Inc,,Y,P,PIN,1,0,0,,,0,0,0,0
1137,GCO,Colombia,Colombia,Region Latin America,GEW,GPE Excavators Wheeled,,>11T,Develon,DOO,Y,P,PIN,7,0,0,,,0,0,0,0
1138,GCO,Colombia,Colombia,Region Latin America,GEW,GPE Excavators Wheeled,,>11T,Hyundai,HYU,Y,P,PIN,1,0,0,,,0,0,0,0
1139,GCO,Colombia,Colombia,Region Latin America,GEW,GPE Excavators Wheeled,,>6T,Caterpillar Inc,,Y,P,OHR,7,0,0,,,0,0,0,0
1140,GCO,Colombia,Colombia,Region Latin America,GEW,GPE Excavators Wheeled,,>6T,Develon,DOO,Y,P,OHR,3,0,0,,,0,0,0,0
1141,GCO,Colombia,Colombia,Region Latin America,WLO,Wheel Loaders,,10<12,Liugong,LIU,Y,P,PIN,2,0,0,,,0,0,0,0
1142,GCO,Colombia,Colombia,Region Latin America,WLO,Wheel Loaders,,10<12,Lonking,LON,,P,PIN,2,0,0,,,0,0,0,0
1143,GCO,Colombia,Colombia,Region Latin America,WLO,Wheel Loaders,,10<12,OCN,OCN,,P,PIN,2,0,0,,,0,0,0,0
1144,GCO,Colombia,Colombia,Region Latin America,WLO,Wheel Loaders,,10<12,SEM,SEM,Y,P,PIN,13,0,0,,,0,0,0,0
1145,GCO,Colombia,Colombia,Region Latin America,WLO,Wheel Loaders,,7<10,Michigan,MGN,,P,PIN,2,0,0,,,0,0,0,0
1146,GCO,Colombia,Colombia,Region Latin America,WLO,Wheel Loaders,,7<10,OCN,OCN,,P,PIN,4,0,0,,,0,0,0,0
1147,GCO,Colombia,Colombia,Region Latin America,WLO,Wheel Loaders,,<10,Komatsu,KOM,Y,P,OHR,2,0,0,,,0,0,0,0
1148,GCO,Colombia,Colombia,Region Latin America,WLO,Wheel Loaders,,<10,SDLG,LIN,Y,P,OHR,2,0,0,,,0,0,0,0
1149,GCO,Colombia,Colombia,Region Latin America,WLO,Wheel Loaders,,<10,XCMG,XCM,Y,P,OHR,6,0,0,,,0,0,0,0
1150,GCO,Colombia,Colombia,Region Latin America,WLO,Wheel Loaders,,<7,Everun,EVR,,P,PIN,6,0,0,,,0,0,0,0
1151,GCO,Colombia,Colombia,Region Latin America,WLO,Wheel Loaders,,<7,OCN,OCN,,P,PIN,1,0,0,,,0,0,0,0
1152,GCO,Colombia,Colombia,Region Latin America,WLO,Wheel Loaders,,>10,Caterpillar Inc,,Y,P,OHR,80,0,0,,,0,0,0,0
1153,GCO,Colombia,Colombia,Region Latin America,WLO,Wheel Loaders,,>10,Deere,JOH,Y,P,OHR,5,0,0,,,0,0,0,0
1154,GCO,Colombia,Colombia,Region Latin America,WLO,Wheel Loaders,,>10,Develon,DOO,Y,P,OHR,30,0,0,,,0,0,0,0
1155,GCO,Colombia,Colombia,Region Latin America,WLO,Wheel Loaders,,>10,Hyundai,HYU,Y,P,OHR,30,0,0,,,0,0,0,0
1156,GCO,Colombia,Colombia,Region Latin America,WLO,Wheel Loaders,,>10,Komatsu,KOM,Y,P,OHR,35,0,0,,,0,0,0,0
1157,GCO,Colombia,Colombia,Region Latin America,WLO,Wheel Loaders,,>10,Liugong,LIU,Y,P,OHR,40,0,0,,,0,0,0,0
1158,GCO,Colombia,Colombia,Region Latin America,WLO,Wheel Loaders,,>10,Lonking,LON,,P,OHR,20,0,0,,,0,0,1,1
1159,GCO,Colombia,Colombia,Region Latin America,WLO,Wheel Loaders,,>10,New Holland,NEW,Y,P,OHR,2,0,0,,,0,0,0,0
1160,GCO,Colombia,Colombia,Region Latin America,WLO,Wheel Loaders,,>10,OTN,OTN,,P,OHR,32,0,0,,,0,0,1,1
1161,GCO,Colombia,Colombia,Region Latin America,WLO,Wheel Loaders,,>10,Sany,SNY,Y,P,OHR,20,0,0,,,0,0,0,0
1162,GCO,Colombia,Colombia,Region Latin America,WLO,Wheel Loaders,,>10,SDLG,LIN,Y,P,OHR,44,0,0,,,0,0,0,0
1163,GCO,Colombia,Colombia,Region Latin America,WLO,Wheel Loaders,,>10,Volvo,VCE,Y,P,OHR,2,0,0,,,0,0,0,0
1164,GCO,Colombia,Colombia,Region Latin America,WLO,Wheel Loaders,,>10,XCMG,XCM,Y,P,OHR,30,0,0,,,0,0,0,0
1165,GCO,Colombia,Colombia,Region Latin America,WLO,Wheel Loaders,,>10,Zoomlion,ZOO,,P,OHR,5,0,0,,,0,0,1,1
1166,GCO,Colombia,Colombia,Region Latin America,WLO,Wheel Loaders,,>12,Everun,EVR,,P,PIN,2,0,0,,,0,0,1,1
1167,GCO,Colombia,Colombia,Region Latin America,WLO,Wheel Loaders,,>12,Foton Lovol,FOL,Y,P,PIN,63,0,0,,,0,0,0,0
1168,GCO,Colombia,Colombia,Region Latin America,WLO,Wheel Loaders,,>12,JCB,JCB,Y,P,PIN,1,0,0,,,0,0,0,0
1169,GCO,Colombia,Colombia,Region Latin America,WLO,Wheel Loaders,,>12,Lugong,LGG,,P,PIN,1,0,0,,,0,0,1,1
1170,GCO,Colombia,Colombia,Region Latin America,WLO,Wheel Loaders,,>12,Michigan,MGN,,P,PIN,2,0,0,,,0,0,1,1
1171,GCO,Colombia,Colombia,Region Latin America,WLO,Wheel Loaders,,>12,SEM,SEM,Y,P,PIN,34,0,0,,,0,0,0,0
1172,GCO,Colombia,Colombia,Region Latin America,WLO,Wheel Loaders,,>12,Shantui,SBM,Y,P,PIN,10,0,0,,,0,0,0,0
1173,GCO,Colombia,Colombia,Region Latin America,WLO,Wheel Loaders,,>12,Sinomach,SIM,,P,PIN,1,0,0,,,0,0,1,1
1174,GCR,Costa Rica,Costa Rica,Region Latin America,330,Articulated Haulers,,#,Volvo,VCE,Y,P,PIN,1,0,0,,,0,0,0,0
1175,GCR,Costa Rica,Costa Rica,Region Latin America,CEX,Compact Excavators,,6<10T,ACE,ACE,,P,PIN,2,0,0,,,1,1,1,1
1176,GCR,Costa Rica,Costa Rica,Region Latin America,CEX,Compact Excavators,,6<10T,Caterpillar Inc,,Y,P,PIN,7,0,0,,,0,0,0,0
1177,GCR,Costa Rica,Costa Rica,Region Latin America,CEX,Compact Excavators,,6<10T,Develon,DOO,Y,P,PIN,2,0,0,,,0,0,0,0
1178,GCR,Costa Rica,Costa Rica,Region Latin America,CEX,Compact Excavators,,6<10T,OCN,OCN,,P,PIN,1,0,0,,,1,1,1,1
1179,GCR,Costa Rica,Costa Rica,Region Latin America,CEX,Compact Excavators,,6<10T,Rippa China,CRM,,P,PIN,2,0,0,,,1,1,1,1
1180,GCR,Costa Rica,Costa Rica,Region Latin America,CEX,Compact Excavators,,6<10T,Sany,SNY,Y,P,PIN,4,0,0,,,0,0,0,0
1181,GCR,Costa Rica,Costa Rica,Region Latin America,CEX,Compact Excavators,,6<10T,Shantui,SBM,Y,P,PIN,1,0,0,,,0,0,0,0
1182,GCR,Costa Rica,Costa Rica,Region Latin America,CEX,Compact Excavators,,6<10T,Wacker Neuson,WAN,Y,P,PIN,1,0,0,,,0,0,0,0
1183,GCR,Costa Rica,Costa Rica,Region Latin America,CEX,Compact Excavators,,<6T,Caterpillar Inc,,Y,P,PIN,12,0,0,,,0,0,0,0
1184,GCR,Costa Rica,Costa Rica,Region Latin America,CEX,Compact Excavators,,<6T,Deere,JOH,Y,P,PIN,6,0,0,,,0,0,0,0
1185,GCR,Costa Rica,Costa Rica,Region Latin America,CEX,Compact Excavators,,<6T,Develon,DOO,Y,P,PIN,5,0,0,,,0,0,0,0
1186,GCR,Costa Rica,Costa Rica,Region Latin America,CEX,Compact Excavators,,<6T,Everun,EVR,,P,PIN,1,0,0,,,1,1,1,1
1187,GCR,Costa Rica,Costa Rica,Region Latin America,CEX,Compact Excavators,,<6T,Hyundai,HYU,Y,P,PIN,8,0,0,,,0,0,0,0
1188,GCR,Costa Rica,Costa Rica,Region Latin America,CEX,Compact Excavators,,<6T,JCB,JCB,Y,P,PIN,1,0,0,,,0,0,0,0
1189,GCR,Costa Rica,Costa Rica,Region Latin America,CEX,Compact Excavators,,<6T,Kobelco,KOB,Y,P,PIN,9,0,0,,,0,0,0,0
1190,GCR,Costa Rica,Costa Rica,Region Latin America,CEX,Compact Excavators,,<6T,OCN,OCN,,P,PIN,20,0,0,,,1,1,1,2
1191,GCR,Costa Rica,Costa Rica,Region Latin America,CEX,Compact Excavators,,<6T,Sany,SNY,Y,P,PIN,11,0,0,,,0,0,0,0
1192,GCR,Costa Rica,Costa Rica,Region Latin America,CEX,Compact Excavators,,<6T,Volvo,VCE,Y,P,PIN,3,0,0,,,0,0,0,0
1193,GCR,Costa Rica,Costa Rica,Region Latin America,CEX,Compact Excavators,,<6T,Wacker Neuson,WAN,Y,P,PIN,1,0,0,,,0,0,0,0
1194,GCR,Costa Rica,Costa Rica,Region Latin America,CEX,Compact Excavators,,<6T,XCMG,XCM,Y,P,PIN,15,0,0,,,0,0,0,0
1195,GCR,Costa Rica,Costa Rica,Region Latin America,CEX,Compact Excavators,,<6T,Yanmar,YAN,Y,P,PIN,6,0,0,,,0,0,0,0
1196,GCR,Costa Rica,Costa Rica,Region Latin America,CEX,Compact Excavators,,<6T,Zoomlion,ZOO,Y,P,PIN,6,0,0,,,0,0,0,0
1197,GCR,Costa Rica,Costa Rica,Region Latin America,GEC,GPE Excavators Crawled,,>10T,Caterpillar Inc,,Y,P,PIN,32,0,0,,,0,0,0,0
1198,GCR,Costa Rica,Costa Rica,Region Latin America,GEC,GPE Excavators Crawled,,>10T,Deere,JOH,Y,P,PIN,11,0,0,,,0,0,0,0
1199,GCR,Costa Rica,Costa Rica,Region Latin America,GEC,GPE Excavators Crawled,,>10T,Develon,DOO,Y,P,PIN,13,0,0,,,0,0,0,0
1200,GCR,Costa Rica,Costa Rica,Region Latin America,GEC,GPE Excavators Crawled,,>10T,Hidromek,HID,Y,P,PIN,7,0,0,,,0,0,0,0
1201,GCR,Costa Rica,Costa Rica,Region Latin America,GEC,GPE Excavators Crawled,,>10T,Hyundai,HYU,Y,P,PIN,8,0,0,,,0,0,0,0
1202,GCR,Costa Rica,Costa Rica,Region Latin America,GEC,GPE Excavators Crawled,,>10T,JCB,JCB,Y,P,PIN,10,0,0,,,0,0,0,0
1203,GCR,Costa Rica,Costa Rica,Region Latin America,GEC,GPE Excavators Crawled,,>10T,Kobelco,KOB,Y,P,PIN,1,0,0,,,0,0,0,0
1204,GCR,Costa Rica,Costa Rica,Region Latin America,GEC,GPE Excavators Crawled,,>10T,Komatsu,KOM,Y,P,PIN,2,0,0,,,0,0,0,0
1205,GCR,Costa Rica,Costa Rica,Region Latin America,GEC,GPE Excavators Crawled,,>10T,Linkbelt,,Y,P,PIN,7,0,0,,,0,0,0,0
1206,GCR,Costa Rica,Costa Rica,Region Latin America,GEC,Crawler Excavators,,>10T,Lonking,LON,,P,PIN,3,0,0,,,0,0,1,1
1207,GCR,Costa Rica,Costa Rica,Region Latin America,GEC,GPE Excavators Crawled,,>10T,New Holland,NEW,Y,P,PIN,1,0,0,,,0,0,0,0
1208,GCR,Costa Rica,Costa Rica,Region Latin America,GEC,GPE Excavators Crawled,,>10T,Sany,SNY,Y,P,PIN,10,0,0,,,0,0,0,0
1209,GCR,Costa Rica,Costa Rica,Region Latin America,GEC,GPE Excavators Crawled,,>10T,SDLG,LIN,Y,P,PIN,1,0,0,,,0,0,0,0
1210,GCR,Costa Rica,Costa Rica,Region Latin America,GEC,GPE Excavators Crawled,,>10T,Shantui,SBM,Y,P,PIN,1,0,0,,,0,0,0,0
1211,GCR,Costa Rica,Costa Rica,Region Latin America,GEC,GPE Excavators Crawled,,>10T,Volvo,VCE,Y,P,PIN,6,0,0,,,0,0,0,0
1212,GCR,Costa Rica,Costa Rica,Region Latin America,GEC,GPE Excavators Crawled,,>10T,XCMG,XCM,Y,P,PIN,3,0,0,,,0,0,0,0
1213,GCR,Costa Rica,Costa Rica,Region Latin America,GEC,GPE Excavators Crawled,,>10T,Zoomlion,ZOO,Y,P,PIN,4,0,0,,,0,0,0,0
1214,GCR,Costa Rica,Costa Rica,Region Latin America,GEW,GPE Excavators Wheeled,,>11T,JCB,JCB,Y,P,PIN,1,0,0,,,0,0,0,0
1215,GCR,Costa Rica,Costa Rica,Region Latin America,GEW,GPE Excavators Wheeled,,>11T,Volvo,VCE,Y,P,PIN,1,0,0,,,0,0,0,0
1216,GCR,Costa Rica,Costa Rica,Region Latin America,WLO,Wheel Loaders,,10<12,Deere,JOH,Y,P,PIN,1,0,0,,,0,0,0,0
1217,GCR,Costa Rica,Costa Rica,Region Latin America,WLO,Wheel Loaders,,10<12,Develon,DOO,Y,P,PIN,1,0,0,,,0,0,0,0
1218,GCR,Costa Rica,Costa Rica,Region Latin America,WLO,Wheel Loaders,,10<12,Komatsu,KOM,Y,P,PIN,1,0,0,,,0,0,0,0
1219,GCR,Costa Rica,Costa Rica,Region Latin America,WLO,Wheel Loaders,,10<12,Michigan,MGN,,P,PIN,2,0,0,,,0,0,0,0
1220,GCR,Costa Rica,Costa Rica,Region Latin America,WLO,Wheel Loaders,,10<12,OCN,OCN,,P,PIN,2,0,0,,,0,0,0,0
1221,GCR,Costa Rica,Costa Rica,Region Latin America,WLO,Wheel Loaders,,10<12,XCMG,XCM,Y,P,PIN,1,0,0,,,0,0,0,0
1222,GCR,Costa Rica,Costa Rica,Region Latin America,WLO,Wheel Loaders,,7<10,OCN,OCN,,P,PIN,2,0,0,,,0,0,0,0
1223,GCR,Costa Rica,Costa Rica,Region Latin America,WLO,Wheel Loaders,,7<10,SDLG,LIN,Y,P,PIN,1,0,0,,,0,0,0,0
1224,GCR,Costa Rica,Costa Rica,Region Latin America,WLO,Wheel Loaders,,<7,Everun,EVR,,P,PIN,1,0,0,,,0,0,0,0
1225,GCR,Costa Rica,Costa Rica,Region Latin America,WLO,Wheel Loaders,,<7,JCB,JCB,Y,P,PIN,2,0,0,,,0,0,0,0
1226,GCR,Costa Rica,Costa Rica,Region Latin America,WLO,Wheel Loaders,,<7,OCN,OCN,,P,PIN,2,0,0,,,0,0,0,0
1227,GCR,Costa Rica,Costa Rica,Region Latin America,WLO,Wheel Loaders,,>12,Caterpillar Inc,,Y,P,PIN,2,0,0,,,0,0,0,0
1228,GCR,Costa Rica,Costa Rica,Region Latin America,WLO,Wheel Loaders,,>12,Deere,JOH,Y,P,PIN,2,0,0,,,0,0,0,0
1229,GCR,Costa Rica,Costa Rica,Region Latin America,WLO,Wheel Loaders,,>12,Develon,DOO,Y,P,PIN,3,0,0,,,0,0,0,0
1230,GCR,Costa Rica,Costa Rica,Region Latin America,WLO,Wheel Loaders,,>12,JCB,JCB,Y,P,PIN,2,0,0,,,0,0,0,0
1231,GCR,Costa Rica,Costa Rica,Region Latin America,WLO,Wheel Loaders,,>12,Komatsu,KOM,Y,P,PIN,3,0,0,,,0,0,0,0
1232,GCR,Costa Rica,Costa Rica,Region Latin America,WLO,Wheel Loaders,,>12,Liugong,LIU,Y,P,PIN,1,0,0,,,0,0,0,0
1233,GCR,Costa Rica,Costa Rica,Region Latin America,WLO,Wheel Loaders,,>12,Lonking,LON,,P,PIN,1,0,0,,,0,0,1,1
1234,GCR,Costa Rica,Costa Rica,Region Latin America,WLO,Wheel Loaders,,>12,OCN,OCN,,P,PIN,1,0,0,,,0,0,1,1
1235,GCR,Costa Rica,Costa Rica,Region Latin America,WLO,Wheel Loaders,,>12,Sany,SNY,Y,P,PIN,5,0,0,,,0,0,0,0
1236,GCR,Costa Rica,Costa Rica,Region Latin America,WLO,Wheel Loaders,,>12,SDLG,LIN,Y,P,PIN,3,0,0,,,0,0,0,0
1237,GCR,Costa Rica,Costa Rica,Region Latin America,WLO,Wheel Loaders,,>12,SEM,SEM,Y,P,PIN,2,0,0,,,0,0,0,0
1238,GCR,Costa Rica,Costa Rica,Region Latin America,WLO,Wheel Loaders,,>12,Volvo,VCE,Y,P,PIN,4,0,0,,,0,0,0,0
1239,GCR,Costa Rica,Costa Rica,Region Latin America,WLO,Wheel Loaders,,>12,XCMG,XCM,Y,P,PIN,3,0,0,,,0,0,0,0
1240,GCR,Costa Rica,Costa Rica,Region Latin America,WLO,Wheel Loaders,,>12,Zoomlion,ZOO,,P,PIN,1,0,0,,,0,0,1,1
1241,GCZ,Czech Republic,Czech Republic,Region Europe,330,Articulated Haulers,,#,Caterpillar Inc,,Y,P,OHR,4,0,0,,,0,0,0,0
1242,GCZ,Czech Republic,Czech Republic,Region Europe,330,Articulated Haulers,,#,Develon,DOO,Y,P,OHR,5,0,0,,,0,0,0,0
1243,GCZ,Czech Republic,Czech Republic,Region Europe,330,Articulated Haulers,,#,Komatsu,KOM,Y,P,OHR,2,0,0,,,0,0,0,0
1244,GCZ,Czech Republic,Czech Republic,Region Europe,330,Articulated Haulers,,#,Rokbak,,Y,P,OHR,1,0,0,,,0,0,0,0
1245,GCZ,Czech Republic,Czech Republic,Region Europe,330,Articulated Haulers,,#,Volvo,VCE,Y,P,OHR,3,0,0,,,0,0,0,0
1246,GCZ,Czech Republic,Czech Republic,Region Europe,340,Rigid Haulers,,#,Caterpillar Inc,,Y,P,OHR,1,0,0,,,0,0,0,0
1247,GCZ,Czech Republic,Czech Republic,Region Europe,380,Motor Graders,,#,Case,CAS,Y,P,OHR,2,0,0,,,0,0,0,0
1248,GCZ,Czech Republic,Czech Republic,Region Europe,410,Backhoe Loaders,,,Case,CAS,,P,OHR,12,0,0,,,0,0,1,1
1249,GCZ,Czech Republic,Czech Republic,Region Europe,410,Backhoe Loaders,,,Caterpillar Inc,CAT,,P,OHR,26,0,0,,,0,0,1,1
1250,GCZ,Czech Republic,Czech Republic,Region Europe,410,Backhoe Loaders,,,Hidromek,HID,,P,OHR,10,0,0,,,0,0,1,1
1251,GCZ,Czech Republic,Czech Republic,Region Europe,410,Backhoe Loaders,,,JCB,JCB,,P,OHR,52,0,0,,,0,0,1,1
1252,GCZ,Czech Republic,Czech Republic,Region Europe,410,Backhoe Loaders,,,Komatsu,KOM,,P,OHR,16,0,0,,,0,0,1,1
1253,GCZ,Czech Republic,Czech Republic,Region Europe,410,Backhoe Loaders,,,Mecalac,MEC,,P,OHR,5,0,0,,,0,0,1,1
1254,GCZ,Czech Republic,Czech Republic,Region Europe,410,Backhoe Loaders,,,New Holland,NEW,,P,OHR,8,0,0,,,0,0,1,1
1255,GCZ,Czech Republic,Czech Republic,Region Europe,CEX,Compact Excavators,,<6T,Bobcat,BOB,Y,P,OHR,158,0,0,,,0,0,0,0
1256,GCZ,Czech Republic,Czech Republic,Region Europe,CEX,Compact Excavators,,<6T,Case,CAS,Y,P,OHR,15,0,0,,,0,0,0,0
1257,GCZ,Czech Republic,Czech Republic,Region Europe,CEX,Compact Excavators,,<6T,Caterpillar Inc,,Y,P,OHR,100,0,0,,,0,0,0,0
1258,GCZ,Czech Republic,Czech Republic,Region Europe,CEX,Compact Excavators,,<6T,Develon,DOO,Y,P,OHR,71,0,0,,,0,0,0,0
1259,GCZ,Czech Republic,Czech Republic,Region Europe,CEX,Compact Excavators,,<6T,Hitachi,HIT,Y,P,OHR,30,0,0,,,0,0,0,0
1260,GCZ,Czech Republic,Czech Republic,Region Europe,CEX,Compact Excavators,,<6T,Hyundai,HYU,Y,P,OHR,10,0,0,,,0,0,0,0
1261,GCZ,Czech Republic,Czech Republic,Region Europe,CEX,Compact Excavators,,<6T,JCB,JCB,Y,P,OHR,54,0,0,,,0,0,0,0
1262,GCZ,Czech Republic,Czech Republic,Region Europe,CEX,Compact Excavators,,<6T,Kobelco,KOB,Y,P,OHR,3,0,0,,,0,0,0,0
1263,GCZ,Czech Republic,Czech Republic,Region Europe,CEX,Compact Excavators,,<6T,Komatsu,KOM,Y,P,OHR,70,0,0,,,0,0,0,0
1264,GCZ,Czech Republic,Czech Republic,Region Europe,CEX,Compact Excavators,,<6T,Kubota,KUB,Y,P,OHR,243,0,0,,,0,0,0,0
1265,GCZ,Czech Republic,Czech Republic,Region Europe,CEX,Compact Excavators,,<6T,Liugong,LIU,Y,P,OHR,25,0,0,,,0,0,0,0
1266,GCZ,Czech Republic,Czech Republic,Region Europe,CEX,Compact Excavators,,<6T,New Holland,NEW,Y,P,OHR,8,0,0,,,0,0,0,0
1267,GCZ,Czech Republic,Czech Republic,Region Europe,CEX,Compact Excavators,,<6T,Sunward,SUN,Y,P,OHR,18,0,0,,,0,0,0,0
1268,GCZ,Czech Republic,Czech Republic,Region Europe,CEX,Compact Excavators,,<6T,Takeuchi,TAK,,P,OHR,80,0,0,,,1,1,1,1
1269,GCZ,Czech Republic,Czech Republic,Region Europe,CEX,Compact Excavators,,<6T,Volvo,VCE,Y,P,OHR,15,0,0,,,0,0,0,0
1270,GCZ,Czech Republic,Czech Republic,Region Europe,CEX,Compact Excavators,,<6T,Wacker Neuson,WAN,Y,P,OHR,100,0,0,,,0,0,0,0
1271,GCZ,Czech Republic,Czech Republic,Region Europe,CEX,Compact Excavators,,<6T,XCMG,XCM,,P,OHR,40,0,0,,,1,1,1,1
1272,GCZ,Czech Republic,Czech Republic,Region Europe,CEX,Compact Excavators,,<6T,Yanmar,YAN,Y,P,OHR,80,0,0,,,0,0,0,0
1273,GCZ,Czech Republic,Czech Republic,Region Europe,GEC,GPE Excavators Crawled,,>6T,Bobcat,BOB,Y,P,OHR,1,0,0,,,0,0,0,0
1274,GCZ,Czech Republic,Czech Republic,Region Europe,GEC,GPE Excavators Crawled,,>6T,Case,CAS,Y,P,OHR,6,0,0,,,0,0,0,0
1275,GCZ,Czech Republic,Czech Republic,Region Europe,GEC,GPE Excavators Crawled,,>6T,Caterpillar Inc,,Y,P,OHR,60,0,0,,,0,0,0,0
1276,GCZ,Czech Republic,Czech Republic,Region Europe,GEC,GPE Excavators Crawled,,>6T,Develon,DOO,Y,P,OHR,29,0,0,,,0,0,0,0
1277,GCZ,Czech Republic,Czech Republic,Region Europe,GEC,GPE Excavators Crawled,,>6T,Hitachi,HIT,Y,P,OHR,6,0,0,,,0,0,0,0
1278,GCZ,Czech Republic,Czech Republic,Region Europe,GEC,GPE Excavators Crawled,,>6T,Hyundai,HYU,Y,P,OHR,3,0,0,,,0,0,0,0
1279,GCZ,Czech Republic,Czech Republic,Region Europe,GEC,GPE Excavators Crawled,,>6T,JCB,JCB,Y,P,OHR,26,0,0,,,0,0,0,0
1280,GCZ,Czech Republic,Czech Republic,Region Europe,GEC,GPE Excavators Crawled,,>6T,Kobelco,KOB,Y,P,OHR,17,0,0,,,0,0,0,0
1281,GCZ,Czech Republic,Czech Republic,Region Europe,GEC,GPE Excavators Crawled,,>6T,Komatsu,KOM,Y,P,OHR,60,0,0,,,0,0,0,0
1282,GCZ,Czech Republic,Czech Republic,Region Europe,GEC,GPE Excavators Crawled,,>6T,Kubota,KUB,Y,P,OHR,22,0,0,,,0,0,0,0
1283,GCZ,Czech Republic,Czech Republic,Region Europe,GEC,GPE Excavators Crawled,,>6T,Liebherr,LIE,Y,P,OHR,1,0,0,,,0,0,0,0
1284,GCZ,Czech Republic,Czech Republic,Region Europe,GEC,GPE Excavators Crawled,,>6T,Liugong,LIU,Y,P,OHR,10,0,0,,,0,0,0,0
1285,GCZ,Czech Republic,Czech Republic,Region Europe,GEC,GPE Excavators Crawled,,>6T,Mecalac,MEC,Y,P,OHR,10,0,0,,,0,0,0,0
1286,GCZ,Czech Republic,Czech Republic,Region Europe,GEC,GPE Excavators Crawled,,>6T,Sunward,SUN,Y,P,OHR,7,0,0,,,0,0,0,0
1287,GCZ,Czech Republic,Czech Republic,Region Europe,GEC,Crawler Excavators,,>6T,Takeuchi,TAK,,P,OHR,6,0,0,,,0,0,1,1
1288,GCZ,Czech Republic,Czech Republic,Region Europe,GEC,GPE Excavators Crawled,,>6T,Volvo,VCE,Y,P,OHR,18,0,0,,,0,0,0,0
1289,GCZ,Czech Republic,Czech Republic,Region Europe,GEC,GPE Excavators Crawled,,>6T,Wacker Neuson,WAN,Y,P,OHR,20,0,0,,,0,0,0,0
1290,GCZ,Czech Republic,Czech Republic,Region Europe,GEC,Crawler Excavators,,>6T,XCMG,XCM,,P,OHR,3,0,0,,,0,0,1,1
1291,GCZ,Czech Republic,Czech Republic,Region Europe,GEC,GPE Excavators Crawled,,>6T,Yanmar,YAN,Y,P,OHR,3,0,0,,,0,0,0,0
1292,GCZ,Czech Republic,Czech Republic,Region Europe,GEW,Wheeled Excavators,,>6T,Atlas,ATL,,P,OHR,2,0,0,,,0,0,1,1
1293,GCZ,Czech Republic,Czech Republic,Region Europe,GEW,GPE Excavators Wheeled,,>6T,Caterpillar Inc,,Y,P,OHR,23,0,0,,,0,0,0,0
1294,GCZ,Czech Republic,Czech Republic,Region Europe,GEW,GPE Excavators Wheeled,,>6T,Develon,DOO,Y,P,OHR,16,0,0,,,0,0,0,0
1295,GCZ,Czech Republic,Czech Republic,Region Europe,GEW,GPE Excavators Wheeled,,>6T,Hitachi,HIT,Y,P,OHR,5,0,0,,,0,0,0,0
1296,GCZ,Czech Republic,Czech Republic,Region Europe,GEW,GPE Excavators Wheeled,,>6T,Hyundai,HYU,Y,P,OHR,1,0,0,,,0,0,0,0
1297,GCZ,Czech Republic,Czech Republic,Region Europe,GEW,GPE Excavators Wheeled,,>6T,JCB,JCB,Y,P,OHR,7,0,0,,,0,0,0,0
1298,GCZ,Czech Republic,Czech Republic,Region Europe,GEW,GPE Excavators Wheeled,,>6T,Komatsu,KOM,Y,P,OHR,32,0,0,,,0,0,0,0
1299,GCZ,Czech Republic,Czech Republic,Region Europe,GEW,GPE Excavators Wheeled,,>6T,Liebherr,LIE,Y,P,OHR,28,0,0,,,0,0,0,0
1300,GCZ,Czech Republic,Czech Republic,Region Europe,GEW,GPE Excavators Wheeled,,>6T,Mecalac,MEC,Y,P,OHR,14,0,0,,,0,0,0,0
1301,GCZ,Czech Republic,Czech Republic,Region Europe,GEW,GPE Excavators Wheeled,,>6T,Sany,SNY,Y,P,OHR,1,0,0,,,0,0,0,0
1302,GCZ,Czech Republic,Czech Republic,Region Europe,GEW,Wheeled Excavators,,>6T,Takeuchi,TAK,,P,OHR,1,0,0,,,0,0,1,1
1303,GCZ,Czech Republic,Czech Republic,Region Europe,GEW,GPE Excavators Wheeled,,>6T,Volvo,VCE,Y,P,OHR,16,0,0,,,0,0,0,0
1304,GCZ,Czech Republic,Czech Republic,Region Europe,GEW,GPE Excavators Wheeled,,>6T,Wacker Neuson,WAN,Y,P,OHR,5,0,0,,,0,0,0,0
1305,GCZ,Czech Republic,Czech Republic,Region Europe,GEW,GPE Excavators Wheeled,,>6T,Yanmar,YAN,Y,P,OHR,3,0,0,,,0,0,0,0
1306,GCZ,Czech Republic,Czech Republic,Region Europe,WLO,Wheel Loaders,,<10,Atlas Weyhausen,ATW,Y,P,OHR,1,0,0,,,0,0,0,0
1307,GCZ,Czech Republic,Czech Republic,Region Europe,WLO,Wheel Loaders,,<10,Bobcat,BOB,Y,P,OHR,7,0,0,,,0,0,0,0
1308,GCZ,Czech Republic,Czech Republic,Region Europe,WLO,Wheel Loaders,,<10,Caterpillar Inc,,Y,P,OHR,20,0,0,,,0,0,0,0
1309,GCZ,Czech Republic,Czech Republic,Region Europe,WLO,Wheel Loaders,,<10,Claas,,Y,P,OHR,2,0,0,,,0,0,0,0
1310,GCZ,Czech Republic,Czech Republic,Region Europe,WLO,Wheel Loaders,,<10,Develon,DOO,Y,P,OHR,13,0,0,,,0,0,0,0
1311,GCZ,Czech Republic,Czech Republic,Region Europe,WLO,Wheel Loaders,,<10,JCB,JCB,Y,P,OHR,9,0,0,,,0,0,0,0
1312,GCZ,Czech Republic,Czech Republic,Region Europe,WLO,Wheel Loaders,,<10,Komatsu,KOM,Y,P,OHR,15,0,0,,,0,0,0,0
1313,GCZ,Czech Republic,Czech Republic,Region Europe,WLO,Wheel Loaders,,<10,Kramer,KRA,Y,P,OHR,60,0,0,,,0,0,0,0
1314,GCZ,Czech Republic,Czech Republic,Region Europe,WLO,Wheel Loaders,,<10,Kubota,KUB,Y,P,OHR,15,0,0,,,0,0,0,0
1315,GCZ,Czech Republic,Czech Republic,Region Europe,WLO,Wheel Loaders,,<10,Liebherr,LIE,Y,P,OHR,2,0,0,,,0,0,0,0
1316,GCZ,Czech Republic,Czech Republic,Region Europe,WLO,Wheel Loaders,,<10,Manitou,MTU,Y,P,OHR,3,0,0,,,0,0,0,0
1317,GCZ,Czech Republic,Czech Republic,Region Europe,WLO,Wheel Loaders,,<10,Mecalac,MEC,Y,P,OHR,8,0,0,,,0,0,0,0
1318,GCZ,Czech Republic,Czech Republic,Region Europe,WLO,Wheel Loaders,,<10,New Holland,NEW,Y,P,OHR,2,0,0,,,0,0,0,0
1319,GCZ,Czech Republic,Czech Republic,Region Europe,WLO,Wheel Loaders,,<10,Venieri,VEN,Y,P,OHR,2,0,0,,,0,0,0,0
1320,GCZ,Czech Republic,Czech Republic,Region Europe,WLO,Wheel Loaders,,<10,Volvo,VCE,Y,P,OHR,5,0,0,,,0,0,0,0
1321,GCZ,Czech Republic,Czech Republic,Region Europe,WLO,Wheel Loaders,,<10,Wacker Neuson,WAN,Y,P,OHR,35,0,0,,,0,0,0,0
1322,GCZ,Czech Republic,Czech Republic,Region Europe,WLO,Wheel Loaders,,<10,Weidemann,WEI,,P,OHR,18,0,0,,,0,0,0,0
1323,GCZ,Czech Republic,Czech Republic,Region Europe,WLO,Wheel Loaders,,<10,Yanmar,YAN,Y,P,OHR,10,0,0,,,0,0,0,0
1324,GCZ,Czech Republic,Czech Republic,Region Europe,WLO,Wheel Loaders,,>10,Case,CAS,Y,P,OHR,5,0,0,,,0,0,0,0
1325,GCZ,Czech Republic,Czech Republic,Region Europe,WLO,Wheel Loaders,,>10,Caterpillar Inc,,Y,P,OHR,22,0,0,,,0,0,0,0
1326,GCZ,Czech Republic,Czech Republic,Region Europe,WLO,Wheel Loaders,,>10,Claas,,Y,P,OHR,1,0,0,,,0,0,0,0
1327,GCZ,Czech Republic,Czech Republic,Region Europe,WLO,Wheel Loaders,,>10,Develon,DOO,Y,P,OHR,13,0,0,,,0,0,0,0
1328,GCZ,Czech Republic,Czech Republic,Region Europe,WLO,Wheel Loaders,,>10,Hitachi,HIT,Y,P,OHR,5,0,0,,,0,0,0,0
1329,GCZ,Czech Republic,Czech Republic,Region Europe,WLO,Wheel Loaders,,>10,Hyundai,HYU,Y,P,OHR,8,0,0,,,0,0,0,0
1330,GCZ,Czech Republic,Czech Republic,Region Europe,WLO,Wheel Loaders,,>10,JCB,JCB,Y,P,OHR,8,0,0,,,0,0,0,0
1331,GCZ,Czech Republic,Czech Republic,Region Europe,WLO,Wheel Loaders,,>10,Komatsu,KOM,Y,P,OHR,28,0,0,,,0,0,0,0
1332,GCZ,Czech Republic,Czech Republic,Region Europe,WLO,Wheel Loaders,,>10,Kramer,KRA,Y,P,OHR,5,0,0,,,0,0,0,0
1333,GCZ,Czech Republic,Czech Republic,Region Europe,WLO,Wheel Loaders,,>10,Liebherr,LIE,Y,P,OHR,15,0,0,,,0,0,0,0
1334,GCZ,Czech Republic,Czech Republic,Region Europe,WLO,Wheel Loaders,,>10,Liugong,LIU,Y,P,OHR,5,0,0,,,0,0,0,0
1335,GCZ,Czech Republic,Czech Republic,Region Europe,WLO,Wheel Loaders,,>10,Volvo,VCE,Y,P,OHR,37,0,0,,,0,0,0,0
1336,GCZ,Czech Republic,Czech Republic,Region Europe,WLO,Wheel Loaders,,>10,Wacker Neuson,WAN,Y,P,OHR,5,0,0,,,0,0,0,0
1337,GCZ,Czech Republic,Czech Republic,Region Europe,WLO,Wheel Loaders,,>10,XCMG,XCM,,P,OHR,25,0,0,,,0,0,1,1
1338,GDE,Germany,Germany,Region Europe,330,Articulated Haulers,,,Bell,BEL,,P,OHR,60,0,0,,,0,0,1,1
1339,GDE,Germany,Germany,Region Europe,330,Articulated Haulers,,#,Caterpillar Inc,,Y,P,OHR,9,0,0,,,0,0,0,0
1340,GDE,Germany,Germany,Region Europe,330,Articulated Haulers,,#,Develon,DOO,Y,P,OHR,1,0,0,,,0,0,0,0
1341,GDE,Germany,Germany,Region Europe,330,Articulated Haulers,,,Hydrema,HYD,,P,OHR,5,0,0,,,0,0,1,1
1342,GDE,Germany,Germany,Region Europe,330,Articulated Haulers,,#,Komatsu,KOM,Y,P,OHR,13,0,0,,,0,0,0,0
1343,GDE,Germany,Germany,Region Europe,330,Articulated Haulers,,#,Liebherr,LIE,Y,P,OHR,3,0,0,,,0,0,0,0
1344,GDE,Germany,Germany,Region Europe,330,Articulated Haulers,,#,Rokbak,,Y,P,OHR,1,0,0,,,0,0,0,0
1345,GDE,Germany,Germany,Region Europe,330,Articulated Haulers,,#,Volvo,VCE,Y,P,OHR,105,0,0,,,0,0,0,0
1346,GDE,Germany,Germany,Region Europe,340,Rigid Haulers,,#,Caterpillar Inc,,Y,P,OHR,24,0,0,,,0,0,0,0
1347,GDE,Germany,Germany,Region Europe,340,Rigid Haulers,,#,Komatsu,KOM,Y,P,OHR,15,0,0,,,0,0,0,0
1348,GDE,Germany,Germany,Region Europe,380,Motor Graders,,,HBM,HBM,,P,OHR,8,0,0,,,0,0,1,1
1349,GDE,Germany,Germany,Region Europe,380,Motor Graders,,#,Case,CAS,Y,P,OHR,14,0,0,,,0,0,0,0
1350,GDE,Germany,Germany,Region Europe,380,Motor Graders,,#,Caterpillar Inc,,Y,P,OHR,4,0,0,,,0,0,0,0
1351,GDE,Germany,Germany,Region Europe,410,Backhoe Loaders,,,Case,CAS,,P,OHR,2,0,0,,,0,0,1,1
1352,GDE,Germany,Germany,Region Europe,410,Backhoe Loaders,,,Caterpillar Inc,CAT,,P,OHR,3,0,0,,,0,0,1,1
1353,GDE,Germany,Germany,Region Europe,410,Backhoe Loaders,,,Hidromek,HID,,P,OHR,8,0,0,,,0,0,1,1
1354,GDE,Germany,Germany,Region Europe,410,Backhoe Loaders,,,Hydrema,HYD,,P,OHR,6,0,0,,,0,0,1,1
1355,GDE,Germany,Germany,Region Europe,410,Backhoe Loaders,,,JCB,JCB,,P,OHR,17,0,0,,,0,0,1,1
1356,GDE,Germany,Germany,Region Europe,410,Backhoe Loaders,,,Komatsu,KOM,,P,OHR,3,0,0,,,0,0,1,1
1357,GDE,Germany,Germany,Region Europe,CEX,Compact Excavators,,<6T,Atlas,ATL,,P,OHR,145,0,0,,,1,1,1,1
1358,GDE,Germany,Germany,Region Europe,CEX,Compact Excavators,,<6T,Bobcat,BOB,Y,P,OHR,745,0,0,,,0,0,0,0
1359,GDE,Germany,Germany,Region Europe,CEX,Compact Excavators,,<6T,Case,CAS,Y,P,OHR,75,0,0,,,0,0,0,0
1360,GDE,Germany,Germany,Region Europe,CEX,Compact Excavators,,<6T,Caterpillar Inc,,Y,P,OHR,1138,0,0,,,0,0,0,0
1361,GDE,Germany,Germany,Region Europe,CEX,Compact Excavators,,<6T,Develon,DOO,Y,P,OHR,83,0,0,,,0,0,0,0
1362,GDE,Germany,Germany,Region Europe,CEX,Compact Excavators,,<6T,Eurocomach,EUR,Y,P,OHR,250,0,0,,,0,0,0,0
1363,GDE,Germany,Germany,Region Europe,CEX,Compact Excavators,,<6T,Hitachi,HIT,Y,P,OHR,538,0,0,,,0,0,0,0
1364,GDE,Germany,Germany,Region Europe,CEX,Compact Excavators,,<6T,Hyundai,HYU,Y,P,OHR,150,0,0,,,0,0,0,0
1365,GDE,Germany,Germany,Region Europe,CEX,Compact Excavators,,<6T,JCB,JCB,Y,P,OHR,371,0,0,,,0,0,0,0
1366,GDE,Germany,Germany,Region Europe,CEX,Compact Excavators,,<6T,Kato Imer,KAT,Y,P,OHR,15,0,0,,,0,0,0,0
1367,GDE,Germany,Germany,Region Europe,CEX,Compact Excavators,,<6T,Kobelco,KOB,Y,P,OHR,188,0,0,,,0,0,0,0
1368,GDE,Germany,Germany,Region Europe,CEX,Compact Excavators,,<6T,Komatsu,KOM,Y,P,OHR,600,0,0,,,0,0,0,0
1369,GDE,Germany,Germany,Region Europe,CEX,Compact Excavators,,<6T,Kubota,KUB,Y,P,OHR,3145,0,0,,,0,0,0,0
1370,GDE,Germany,Germany,Region Europe,CEX,Compact Excavators,,<6T,Liugong,LIU,Y,P,OHR,83,0,0,,,0,0,0,0
1371,GDE,Germany,Germany,Region Europe,CEX,Compact Excavators,,<6T,New Holland,NEW,Y,P,OHR,18,0,0,,,0,0,0,0
1372,GDE,Germany,Germany,Region Europe,CEX,Compact Excavators,,<6T,Sany,SNY,Y,P,OHR,463,0,0,,,0,0,0,0
1373,GDE,Germany,Germany,Region Europe,CEX,Compact Excavators,,<6T,Sunward,SUN,Y,P,OHR,445,0,0,,,0,0,0,0
1374,GDE,Germany,Germany,Region Europe,CEX,Compact Excavators,,<6T,Takeuchi,TAK,,P,OHR,1739,0,0,,,1,1,1,1
1375,GDE,Germany,Germany,Region Europe,CEX,Compact Excavators,,<6T,Volvo,VCE,Y,P,OHR,290,0,0,,,0,0,0,0
1376,GDE,Germany,Germany,Region Europe,CEX,Compact Excavators,,<6T,Wacker Neuson,WAN,Y,P,OHR,2400,0,0,,,0,0,0,0
1377,GDE,Germany,Germany,Region Europe,CEX,Compact Excavators,,<6T,XCMG,XCM,,P,OHR,212,0,0,,,1,1,1,1
1378,GDE,Germany,Germany,Region Europe,CEX,Compact Excavators,,<6T,Yanmar,YAN,Y,P,OHR,1250,0,0,,,0,0,0,0
1379,GDE,Germany,Germany,Region Europe,GEC,Crawler Excavators,,>6T,Atlas,ATL,,P,OHR,10,0,0,,,0,0,1,1
1380,GDE,Germany,Germany,Region Europe,GEC,GPE Excavators Crawled,,>6T,Bobcat,BOB,Y,P,OHR,19,0,0,,,0,0,0,0
1381,GDE,Germany,Germany,Region Europe,GEC,GPE Excavators Crawled,,>6T,Case,CAS,Y,P,OHR,65,0,0,,,0,0,0,0
1382,GDE,Germany,Germany,Region Europe,GEC,GPE Excavators Crawled,,>6T,Caterpillar Inc,,Y,P,OHR,665,0,0,,,0,0,0,0
1383,GDE,Germany,Germany,Region Europe,GEC,GPE Excavators Crawled,,>6T,Develon,DOO,Y,P,OHR,103,0,0,,,0,0,0,0
1384,GDE,Germany,Germany,Region Europe,GEC,GPE Excavators Crawled,,>6T,Eurocomach,EUR,Y,P,OHR,40,0,0,,,0,0,0,0
1385,GDE,Germany,Germany,Region Europe,GEC,GPE Excavators Crawled,,>6T,Hidromek,HID,Y,P,OHR,5,0,0,,,0,0,0,0
1386,GDE,Germany,Germany,Region Europe,GEC,GPE Excavators Crawled,,>6T,Hitachi,HIT,Y,P,OHR,444,0,0,,,0,0,0,0
1387,GDE,Germany,Germany,Region Europe,GEC,GPE Excavators Crawled,,>6T,Hyundai,HYU,Y,P,OHR,83,0,0,,,0,0,0,0
1388,GDE,Germany,Germany,Region Europe,GEC,GPE Excavators Crawled,,>6T,JCB,JCB,Y,P,OHR,85,0,0,,,0,0,0,0
1389,GDE,Germany,Germany,Region Europe,GEC,GPE Excavators Crawled,,>6T,Kato Imer,KAT,Y,P,OHR,5,0,0,,,0,0,0,0
1390,GDE,Germany,Germany,Region Europe,GEC,GPE Excavators Crawled,,>6T,Kobelco,KOB,Y,P,OHR,161,0,0,,,0,0,0,0
1391,GDE,Germany,Germany,Region Europe,GEC,GPE Excavators Crawled,,>6T,Komatsu,KOM,Y,P,OHR,240,0,0,,,0,0,0,0
1392,GDE,Germany,Germany,Region Europe,GEC,GPE Excavators Crawled,,>6T,Kubota,KUB,Y,P,OHR,365,0,0,,,0,0,0,0
1393,GDE,Germany,Germany,Region Europe,GEC,GPE Excavators Crawled,,>6T,Liebherr,LIE,Y,P,OHR,320,0,0,,,0,0,0,0
1394,GDE,Germany,Germany,Region Europe,GEC,GPE Excavators Crawled,,>6T,Liugong,LIU,Y,P,OHR,13,0,0,,,0,0,0,0
1395,GDE,Germany,Germany,Region Europe,GEC,GPE Excavators Crawled,,>6T,Mecalac,MEC,Y,P,OHR,20,0,0,,,0,0,0,0
1396,GDE,Germany,Germany,Region Europe,GEC,GPE Excavators Crawled,,>6T,Sany,SNY,Y,P,OHR,70,0,0,,,0,0,0,0
1397,GDE,Germany,Germany,Region Europe,GEC,GPE Excavators Crawled,,>6T,Sunward,SUN,Y,P,OHR,44,0,0,,,0,0,0,0
1398,GDE,Germany,Germany,Region Europe,GEC,Crawler Excavators,,>6T,Takeuchi,TAK,,P,OHR,272,0,0,,,0,0,1,1
1399,GDE,Germany,Germany,Region Europe,GEC,GPE Excavators Crawled,,>6T,Volvo,VCE,Y,P,OHR,295,0,0,,,0,0,0,0
1400,GDE,Germany,Germany,Region Europe,GEC,GPE Excavators Crawled,,>6T,Wacker Neuson,WAN,Y,P,OHR,500,0,0,,,0,0,0,0
1401,GDE,Germany,Germany,Region Europe,GEC,Crawler Excavators,,>6T,XCMG,XCM,,P,OHR,37,0,0,,,0,0,1,1
1402,GDE,Germany,Germany,Region Europe,GEC,GPE Excavators Crawled,,>6T,Yanmar,YAN,Y,P,OHR,115,0,0,,,0,0,0,0
1403,GDE,Germany,Germany,Region Europe,GEW,Wheeled Excavators,,>6T,Atlas,ATL,,P,OHR,300,0,0,,,0,0,1,1
1404,GDE,Germany,Germany,Region Europe,GEW,GPE Excavators Wheeled,,>6T,Bobcat,BOB,Y,P,OHR,0,0,0,,,0,0,0,0
1405,GDE,Germany,Germany,Region Europe,GEW,GPE Excavators Wheeled,,>6T,Caterpillar Inc,,Y,P,OHR,513,0,0,,,0,0,0,0
1406,GDE,Germany,Germany,Region Europe,GEW,GPE Excavators Wheeled,,>6T,Develon,DOO,Y,P,OHR,55,0,0,,,0,0,0,0
1407,GDE,Germany,Germany,Region Europe,GEW,GPE Excavators Wheeled,,>6T,Hidromek,HID,Y,P,OHR,1,0,0,,,0,0,0,0
1408,GDE,Germany,Germany,Region Europe,GEW,GPE Excavators Wheeled,,>6T,Hitachi,HIT,Y,P,OHR,228,0,0,,,0,0,0,0
1409,GDE,Germany,Germany,Region Europe,GEW,Wheeled Excavators,,>6T,Hydrema,HYD,,P,OHR,12,0,0,,,0,0,1,1
1410,GDE,Germany,Germany,Region Europe,GEW,GPE Excavators Wheeled,,>6T,Hyundai,HYU,Y,P,OHR,60,0,0,,,0,0,0,0
1411,GDE,Germany,Germany,Region Europe,GEW,GPE Excavators Wheeled,,>6T,JCB,JCB,Y,P,OHR,81,0,0,,,0,0,0,0
1412,GDE,Germany,Germany,Region Europe,GEW,GPE Excavators Wheeled,,>6T,Komatsu,KOM,Y,P,OHR,100,0,0,,,0,0,0,0
1413,GDE,Germany,Germany,Region Europe,GEW,GPE Excavators Wheeled,,>6T,Liebherr,LIE,Y,P,OHR,400,0,0,,,0,0,0,0
1414,GDE,Germany,Germany,Region Europe,GEW,GPE Excavators Wheeled,,>6T,Mecalac,MEC,Y,P,OHR,15,0,0,,,0,0,0,0
1415,GDE,Germany,Germany,Region Europe,GEW,GPE Excavators Wheeled,,>6T,Sany,SNY,Y,P,OHR,7,0,0,,,0,0,0,0
1416,GDE,Germany,Germany,Region Europe,GEW,Wheeled Excavators,,>6T,Takeuchi,TAK,,P,OHR,90,0,0,,,0,0,1,1
1417,GDE,Germany,Germany,Region Europe,GEW,GPE Excavators Wheeled,,>6T,Volvo,VCE,Y,P,OHR,200,0,0,,,0,0,0,0
1418,GDE,Germany,Germany,Region Europe,GEW,GPE Excavators Wheeled,,>6T,Wacker Neuson,WAN,Y,P,OHR,350,0,0,,,0,0,0,0
1419,GDE,Germany,Germany,Region Europe,GEW,Wheeled Excavators,,>6T,XCMG,XCM,,P,OHR,2,0,0,,,0,0,1,1
1420,GDE,Germany,Germany,Region Europe,GEW,GPE Excavators Wheeled,,>6T,Yanmar,YAN,Y,P,OHR,125,0,0,,,0,0,0,0
1421,GDE,Germany,Germany,Region Europe,WLO,Wheel Loaders,,<10,Atlas Weyhausen,ATW,Y,P,OHR,656,0,0,,,0,0,0,0
1422,GDE,Germany,Germany,Region Europe,WLO,Wheel Loaders,,<10,Bobcat,BOB,Y,P,OHR,112,0,0,,,0,0,0,0
1423,GDE,Germany,Germany,Region Europe,WLO,Wheel Loaders,,<10,Case,CAS,Y,P,OHR,60,0,0,,,0,0,0,0
1424,GDE,Germany,Germany,Region Europe,WLO,Wheel Loaders,,<10,Caterpillar Inc,,Y,P,OHR,1522,0,0,,,0,0,0,0
1425,GDE,Germany,Germany,Region Europe,WLO,Wheel Loaders,,<10,Claas,,Y,P,OHR,200,0,0,,,0,0,0,0
1426,GDE,Germany,Germany,Region Europe,WLO,Wheel Loaders,,<10,Develon,DOO,Y,P,OHR,11,0,0,,,0,0,0,0
1427,GDE,Germany,Germany,Region Europe,WLO,Wheel Loaders,,<10,Gehl,GEH,Y,P,OHR,15,0,0,,,0,0,0,0
1428,GDE,Germany,Germany,Region Europe,WLO,Wheel Loaders,,<10,Hitachi,HIT,Y,P,OHR,96,0,0,,,0,0,0,0
1429,GDE,Germany,Germany,Region Europe,WLO,Wheel Loaders,,<10,JCB,JCB,Y,P,OHR,607,0,0,,,0,0,0,0
1430,GDE,Germany,Germany,Region Europe,WLO,Wheel Loaders,,<10,Komatsu,KOM,Y,P,OHR,350,0,0,,,0,0,0,0
1431,GDE,Germany,Germany,Region Europe,WLO,Wheel Loaders,,<10,Kramer,KRA,Y,P,OHR,1700,0,0,,,0,0,0,0
1432,GDE,Germany,Germany,Region Europe,WLO,Wheel Loaders,,<10,Kubota,KUB,Y,P,OHR,387,0,0,,,0,0,0,0
1433,GDE,Germany,Germany,Region Europe,WLO,Wheel Loaders,,<10,Liebherr,LIE,Y,P,OHR,690,0,0,,,0,0,0,0
1434,GDE,Germany,Germany,Region Europe,WLO,Wheel Loaders,,<10,Manitou,MTU,Y,P,OHR,43,0,0,,,0,0,0,0
1435,GDE,Germany,Germany,Region Europe,WLO,Wheel Loaders,,<10,Mecalac,MEC,Y,P,OHR,150,0,0,,,0,0,0,0
1436,GDE,Germany,Germany,Region Europe,WLO,Wheel Loaders,,<10,New Holland,NEW,Y,P,OHR,28,0,0,,,0,0,0,0
1437,GDE,Germany,Germany,Region Europe,WLO,Wheel Loaders,,<10,Paus,,Y,P,OHR,40,0,0,,,0,0,0,0
1438,GDE,Germany,Germany,Region Europe,WLO,Wheel Loaders,,<10,Volvo,VCE,Y,P,OHR,520,0,0,,,0,0,0,0
1439,GDE,Germany,Germany,Region Europe,WLO,Wheel Loaders,,<10,Wacker Neuson,WAN,Y,P,OHR,850,0,0,,,0,0,0,0
1440,GDE,Germany,Germany,Region Europe,WLO,Wheel Loaders,,<10,Yanmar,YAN,Y,P,OHR,387,0,0,,,0,0,0,0
1441,GDE,Germany,Germany,Region Europe,WLO,Wheel Loaders,,>10,Atlas Weyhausen,ATW,Y,P,OHR,8,0,0,,,0,0,0,0
1442,GDE,Germany,Germany,Region Europe,WLO,Wheel Loaders,,>10,Case,CAS,Y,P,OHR,22,0,0,,,0,0,0,0
1443,GDE,Germany,Germany,Region Europe,WLO,Wheel Loaders,,>10,Caterpillar Inc,,Y,P,OHR,447,0,0,,,0,0,0,0
1444,GDE,Germany,Germany,Region Europe,WLO,Wheel Loaders,,>10,Claas,,Y,P,OHR,60,0,0,,,0,0,0,0
1445,GDE,Germany,Germany,Region Europe,WLO,Wheel Loaders,,>10,Develon,DOO,Y,P,OHR,75,0,0,,,0,0,0,0
1446,GDE,Germany,Germany,Region Europe,WLO,Wheel Loaders,,>10,Hidromek,HID,Y,P,OHR,1,0,0,,,0,0,0,0
1447,GDE,Germany,Germany,Region Europe,WLO,Wheel Loaders,,>10,Hitachi,HIT,Y,P,OHR,147,0,0,,,0,0,0,0
1448,GDE,Germany,Germany,Region Europe,WLO,Wheel Loaders,,>10,Hyundai,HYU,Y,P,OHR,46,0,0,,,0,0,0,0
1449,GDE,Germany,Germany,Region Europe,WLO,Wheel Loaders,,>10,JCB,JCB,Y,P,OHR,121,0,0,,,0,0,0,0
1450,GDE,Germany,Germany,Region Europe,WLO,Wheel Loaders,,>10,Komatsu,KOM,Y,P,OHR,230,0,0,,,0,0,0,0
1451,GDE,Germany,Germany,Region Europe,WLO,Wheel Loaders,,>10,Kramer,KRA,Y,P,OHR,200,0,0,,,0,0,0,0
1452,GDE,Germany,Germany,Region Europe,WLO,Wheel Loaders,,>10,Liebherr,LIE,Y,P,OHR,445,0,0,,,0,0,0,0
1453,GDE,Germany,Germany,Region Europe,WLO,Wheel Loaders,,>10,Liugong,LIU,Y,P,OHR,5,0,0,,,0,0,0,0
1454,GDE,Germany,Germany,Region Europe,WLO,Wheel Loaders,,>10,Mecalac,MEC,Y,P,OHR,10,0,0,,,0,0,0,0
1455,GDE,Germany,Germany,Region Europe,WLO,Wheel Loaders,,>10,New Holland,NEW,Y,P,OHR,24,0,0,,,0,0,0,0
1456,GDE,Germany,Germany,Region Europe,WLO,Wheel Loaders,,>10,Sany,SNY,Y,P,OHR,4,0,0,,,0,0,0,0
1457,GDE,Germany,Germany,Region Europe,WLO,Wheel Loaders,,>10,Volvo,VCE,Y,P,OHR,570,0,0,,,0,0,0,0
1458,GDE,Germany,Germany,Region Europe,WLO,Wheel Loaders,,>10,Wacker Neuson,WAN,Y,P,OHR,80,0,0,,,0,0,0,0
1459,GDK,Denmark,Denmark,Region Europe,330,Articulated Haulers,,,Bell,BEL,,P,OHR,1,0,0,,,0,0,1,1
1460,GDK,Denmark,Denmark,Region Europe,330,Articulated Haulers,,#,Caterpillar Inc,,Y,P,OHR,1,0,0,,,0,0,0,0
1461,GDK,Denmark,Denmark,Region Europe,330,Articulated Haulers,,,Hydrema,HYD,,P,OHR,7,0,0,,,0,0,1,1
1462,GDK,Denmark,Denmark,Region Europe,330,Articulated Haulers,,#,Komatsu,KOM,Y,P,OHR,1,0,0,,,0,0,0,0
1463,GDK,Denmark,Denmark,Region Europe,330,Articulated Haulers,,#,Liebherr,LIE,Y,P,OHR,2,0,0,,,0,0,0,0
1464,GDK,Denmark,Denmark,Region Europe,330,Articulated Haulers,,#,Volvo,VCE,Y,P,OHR,14,0,0,,,0,0,0,0
1465,GDK,Denmark,Denmark,Region Europe,380,Motor Graders,,,HBM,HBM,,P,OHR,1,0,0,,,0,0,1,1
1466,GDK,Denmark,Denmark,Region Europe,380,Motor Graders,,#,Case,CAS,Y,P,OHR,1,0,0,,,0,0,0,0
1467,GDK,Denmark,Denmark,Region Europe,380,Motor Graders,,,Veekmas,VEE,,P,OHR,1,0,0,,,0,0,1,1
1468,GDK,Denmark,Denmark,Region Europe,410,Backhoe Loaders,,,Case,CAS,,P,OHR,15,0,0,,,0,0,1,1
1469,GDK,Denmark,Denmark,Region Europe,410,Backhoe Loaders,,,Huddig,HUD,,P,OHR,2,0,0,,,0,0,1,1
1470,GDK,Denmark,Denmark,Region Europe,410,Backhoe Loaders,,,Hydrema,HYD,,P,OHR,5,0,0,,,0,0,1,1
1471,GDK,Denmark,Denmark,Region Europe,410,Backhoe Loaders,,,JCB,JCB,,P,OHR,18,0,0,,,0,0,1,1
1472,GDK,Denmark,Denmark,Region Europe,410,Backhoe Loaders,,,Komatsu,KOM,,P,OHR,1,0,0,,,0,0,1,1
1473,GDK,Denmark,Denmark,Region Europe,410,Backhoe Loaders,,,Lannen,LAN,,P,OHR,1,0,0,,,0,0,1,1
1474,GDK,Denmark,Denmark,Region Europe,410,Backhoe Loaders,,,New Holland,NEW,,P,OHR,40,0,0,,,0,0,1,1
1475,GDK,Denmark,Denmark,Region Europe,410,Backhoe Loaders,,,OTN,OTN,,P,OHR,8,0,0,,,0,0,1,1
1476,GDK,Denmark,Denmark,Region Europe,CEX,Compact Excavators,,<6T,Bobcat,BOB,Y,P,OHR,60,0,0,,,0,0,0,0
1477,GDK,Denmark,Denmark,Region Europe,CEX,Compact Excavators,,<6T,Case,CAS,Y,P,OHR,75,0,0,,,0,0,0,0
1478,GDK,Denmark,Denmark,Region Europe,CEX,Compact Excavators,,<6T,Caterpillar Inc,,Y,P,OHR,110,0,0,,,0,0,0,0
1479,GDK,Denmark,Denmark,Region Europe,CEX,Compact Excavators,,<6T,Develon,DOO,Y,P,OHR,7,0,0,,,0,0,0,0
1480,GDK,Denmark,Denmark,Region Europe,CEX,Compact Excavators,,<6T,Eurocomach,EUR,Y,P,OHR,55,0,0,,,0,0,0,0
1481,GDK,Denmark,Denmark,Region Europe,CEX,Compact Excavators,,<6T,Hitachi,HIT,Y,P,OHR,76,0,0,,,0,0,0,0
1482,GDK,Denmark,Denmark,Region Europe,CEX,Compact Excavators,,<6T,Hyundai,HYU,Y,P,OHR,22,0,0,,,0,0,0,0
1483,GDK,Denmark,Denmark,Region Europe,CEX,Compact Excavators,,<6T,JCB,JCB,Y,P,OHR,17,0,0,,,0,0,0,0
1484,GDK,Denmark,Denmark,Region Europe,CEX,Compact Excavators,,<6T,Kato Imer,KAT,Y,P,OHR,4,0,0,,,0,0,0,0
1485,GDK,Denmark,Denmark,Region Europe,CEX,Compact Excavators,,<6T,Kobelco,KOB,Y,P,OHR,36,0,0,,,0,0,0,0
1486,GDK,Denmark,Denmark,Region Europe,CEX,Compact Excavators,,<6T,Komatsu,KOM,Y,P,OHR,56,0,0,,,0,0,0,0
1487,GDK,Denmark,Denmark,Region Europe,CEX,Compact Excavators,,<6T,Kubota,KUB,Y,P,OHR,180,0,0,,,0,0,0,0
1488,GDK,Denmark,Denmark,Region Europe,CEX,Compact Excavators,,<6T,Liugong,LIU,Y,P,OHR,8,0,0,,,0,0,0,0
1489,GDK,Denmark,Denmark,Region Europe,CEX,Compact Excavators,,<6T,New Holland,NEW,Y,P,OHR,48,0,0,,,0,0,0,0
1490,GDK,Denmark,Denmark,Region Europe,CEX,Compact Excavators,,<6T,OTN,OTN,,P,OHR,32,0,0,,,1,1,1,1
1491,GDK,Denmark,Denmark,Region Europe,CEX,Compact Excavators,,<6T,Sany,SNY,Y,P,OHR,20,0,0,,,0,0,0,0
1492,GDK,Denmark,Denmark,Region Europe,CEX,Compact Excavators,,<6T,Sunward,SUN,Y,P,OHR,24,0,0,,,0,0,0,0
1493,GDK,Denmark,Denmark,Region Europe,CEX,Compact Excavators,,<6T,Takeuchi,TAK,,P,OHR,135,0,0,,,1,1,1,1
1494,GDK,Denmark,Denmark,Region Europe,CEX,Compact Excavators,,<6T,Volvo,VCE,Y,P,OHR,53,0,0,,,0,0,0,0
1495,GDK,Denmark,Denmark,Region Europe,CEX,Compact Excavators,,<6T,Wacker Neuson,WAN,Y,P,OHR,76,0,0,,,0,0,0,0
1496,GDK,Denmark,Denmark,Region Europe,CEX,Compact Excavators,,<6T,XCMG,XCM,,P,OHR,1,0,0,,,1,1,1,1
1497,GDK,Denmark,Denmark,Region Europe,CEX,Compact Excavators,,<6T,Yanmar,YAN,Y,P,OHR,135,0,0,,,0,0,0,0
1498,GDK,Denmark,Denmark,Region Europe,GEC,GPE Excavators Crawled,,>6T,Bobcat,BOB,Y,P,OHR,3,0,0,,,0,0,0,0
1499,GDK,Denmark,Denmark,Region Europe,GEC,GPE Excavators Crawled,,>6T,Case,CAS,Y,P,OHR,35,0,0,,,0,0,0,0
1500,GDK,Denmark,Denmark,Region Europe,GEC,GPE Excavators Crawled,,>6T,Caterpillar Inc,,Y,P,OHR,110,0,0,,,0,0,0,0
1501,GDK,Denmark,Denmark,Region Europe,GEC,GPE Excavators Crawled,,>6T,Develon,DOO,Y,P,OHR,15,0,0,,,0,0,0,0
1502,GDK,Denmark,Denmark,Region Europe,GEC,GPE Excavators Crawled,,>6T,Hidromek,HID,Y,P,OHR,4,0,0,,,0,0,0,0
1503,GDK,Denmark,Denmark,Region Europe,GEC,GPE Excavators Crawled,,>6T,Hitachi,HIT,Y,P,OHR,58,0,0,,,0,0,0,0
1504,GDK,Denmark,Denmark,Region Europe,GEC,GPE Excavators Crawled,,>6T,JCB,JCB,Y,P,OHR,6,0,0,,,0,0,0,0
1505,GDK,Denmark,Denmark,Region Europe,GEC,GPE Excavators Crawled,,>6T,Komatsu,KOM,Y,P,OHR,49,0,0,,,0,0,0,0
1506,GDK,Denmark,Denmark,Region Europe,GEC,GPE Excavators Crawled,,>6T,Kubota,KUB,Y,P,OHR,13,0,0,,,0,0,0,0
1507,GDK,Denmark,Denmark,Region Europe,GEC,GPE Excavators Crawled,,>6T,Liebherr,LIE,Y,P,OHR,40,0,0,,,0,0,0,0
1508,GDK,Denmark,Denmark,Region Europe,GEC,GPE Excavators Crawled,,>6T,Liugong,LIU,Y,P,OHR,1,0,0,,,0,0,0,0
1509,GDK,Denmark,Denmark,Region Europe,GEC,GPE Excavators Crawled,,>6T,Mecalac,MEC,Y,P,OHR,5,0,0,,,0,0,0,0
1510,GDK,Denmark,Denmark,Region Europe,GEC,Crawler Excavators,,>6T,OTN,OTN,,P,OHR,26,0,0,,,0,0,1,1
1511,GDK,Denmark,Denmark,Region Europe,GEC,GPE Excavators Crawled,,>6T,Sany,SNY,Y,P,OHR,6,0,0,,,0,0,0,0
1512,GDK,Denmark,Denmark,Region Europe,GEC,Crawler Excavators,,>6T,Takeuchi,TAK,,P,OHR,45,0,0,,,0,0,1,1
1513,GDK,Denmark,Denmark,Region Europe,GEC,GPE Excavators Crawled,,>6T,Volvo,VCE,Y,P,OHR,42,0,0,,,0,0,0,0
1514,GDK,Denmark,Denmark,Region Europe,GEC,GPE Excavators Crawled,,>6T,Wacker Neuson,WAN,Y,P,OHR,25,0,0,,,0,0,0,0
1515,GDK,Denmark,Denmark,Region Europe,GEC,Crawler Excavators,,>6T,XCMG,XCM,,P,OHR,2,0,0,,,0,0,1,1
1516,GDK,Denmark,Denmark,Region Europe,GEC,GPE Excavators Crawled,,>6T,Yanmar,YAN,Y,P,OHR,10,0,0,,,0,0,0,0
1517,GDK,Denmark,Denmark,Region Europe,GEW,GPE Excavators Wheeled,,>6T,Case,CAS,Y,P,OHR,6,0,0,,,0,0,0,0
1518,GDK,Denmark,Denmark,Region Europe,GEW,GPE Excavators Wheeled,,>6T,Caterpillar Inc,,Y,P,OHR,6,0,0,,,0,0,0,0
1519,GDK,Denmark,Denmark,Region Europe,GEW,GPE Excavators Wheeled,,>6T,Develon,DOO,Y,P,OHR,1,0,0,,,0,0,0,0
1520,GDK,Denmark,Denmark,Region Europe,GEW,GPE Excavators Wheeled,,>6T,Hitachi,HIT,Y,P,OHR,4,0,0,,,0,0,0,0
1521,GDK,Denmark,Denmark,Region Europe,GEW,Wheeled Excavators,,>6T,Hydrema,HYD,,P,OHR,8,0,0,,,0,0,1,1
1522,GDK,Denmark,Denmark,Region Europe,GEW,GPE Excavators Wheeled,,>6T,Hyundai,HYU,Y,P,OHR,1,0,0,,,0,0,0,0
1523,GDK,Denmark,Denmark,Region Europe,GEW,GPE Excavators Wheeled,,>6T,JCB,JCB,Y,P,OHR,4,0,0,,,0,0,0,0
1524,GDK,Denmark,Denmark,Region Europe,GEW,GPE Excavators Wheeled,,>6T,Komatsu,KOM,Y,P,OHR,7,0,0,,,0,0,0,0
1525,GDK,Denmark,Denmark,Region Europe,GEW,GPE Excavators Wheeled,,>6T,Liebherr,LIE,Y,P,OHR,30,0,0,,,0,0,0,0
1526,GDK,Denmark,Denmark,Region Europe,GEW,GPE Excavators Wheeled,,>6T,Mecalac,MEC,Y,P,OHR,2,0,0,,,0,0,0,0
1527,GDK,Denmark,Denmark,Region Europe,GEW,GPE Excavators Wheeled,,>6T,Volvo,VCE,Y,P,OHR,15,0,0,,,0,0,0,0
1528,GDK,Denmark,Denmark,Region Europe,GEW,GPE Excavators Wheeled,,>6T,Wacker Neuson,WAN,Y,P,OHR,5,0,0,,,0,0,0,0
1529,GDK,Denmark,Denmark,Region Europe,GEW,GPE Excavators Wheeled,,>6T,Yanmar,YAN,Y,P,OHR,1,0,0,,,0,0,0,0
1530,GDK,Denmark,Denmark,Region Europe,WLO,Wheel Loaders,,<10,SHA,SHA,,P,OHR,60,0,0,,,0,0,0,0
1531,GDK,Denmark,Denmark,Region Europe,WLO,Wheel Loaders,,<10,Atlas Weyhausen,SHA,Y,P,OHR,26,0,0,,,0,0,0,0
1532,GDK,Denmark,Denmark,Region Europe,WLO,Wheel Loaders,,<10,Bobcat,BOB,Y,P,OHR,6,0,0,,,0,0,0,0
1533,GDK,Denmark,Denmark,Region Europe,WLO,Wheel Loaders,,<10,Case,CAS,Y,P,OHR,12,0,0,,,0,0,0,0
1534,GDK,Denmark,Denmark,Region Europe,WLO,Wheel Loaders,,<10,Caterpillar Inc,,Y,P,OHR,40,0,0,,,0,0,0,0
1535,GDK,Denmark,Denmark,Region Europe,WLO,Wheel Loaders,,<10,Claas,,Y,P,OHR,8,0,0,,,0,0,0,0
1536,GDK,Denmark,Denmark,Region Europe,WLO,Wheel Loaders,,<10,Develon,DOO,Y,P,OHR,1,0,0,,,0,0,0,0
1537,GDK,Denmark,Denmark,Region Europe,WLO,Wheel Loaders,,<10,Hitachi,HIT,Y,P,OHR,2,0,0,,,0,0,0,0
1538,GDK,Denmark,Denmark,Region Europe,WLO,Wheel Loaders,,<10,JCB,JCB,Y,P,OHR,48,0,0,,,0,0,0,0
1539,GDK,Denmark,Denmark,Region Europe,WLO,Wheel Loaders,,<10,Komatsu,KOM,Y,P,OHR,14,0,0,,,0,0,0,0
1540,GDK,Denmark,Denmark,Region Europe,WLO,Wheel Loaders,,<10,Kramer,KRA,Y,P,OHR,30,0,0,,,0,0,0,0
1541,GDK,Denmark,Denmark,Region Europe,WLO,Wheel Loaders,,<10,Kubota,KUB,Y,P,OHR,75,0,0,,,0,0,0,0
1542,GDK,Denmark,Denmark,Region Europe,WLO,Wheel Loaders,,<10,Liebherr,LIE,Y,P,OHR,87,0,0,,,0,0,0,0
1543,GDK,Denmark,Denmark,Region Europe,WLO,Wheel Loaders,,<10,Manitou,MTU,Y,P,OHR,37,0,0,,,0,0,0,0
1544,GDK,Denmark,Denmark,Region Europe,WLO,Wheel Loaders,,<10,Mecalac,MEC,Y,P,OHR,15,0,0,,,0,0,0,0
1545,GDK,Denmark,Denmark,Region Europe,WLO,Wheel Loaders,,<10,New Holland,NEW,Y,P,OHR,15,0,0,,,0,0,0,0
1546,GDK,Denmark,Denmark,Region Europe,WLO,Wheel Loaders,,<10,OTN,OTN,,P,OHR,15,0,0,,,0,0,0,0
1547,GDK,Denmark,Denmark,Region Europe,WLO,Wheel Loaders,,<10,Tobroco Machines,TOB,,P,OHR,60,0,0,,,0,0,0,0
1548,GDK,Denmark,Denmark,Region Europe,WLO,Wheel Loaders,,<10,Volvo,VCE,Y,P,OHR,3,0,0,,,0,0,0,0
1549,GDK,Denmark,Denmark,Region Europe,WLO,Wheel Loaders,,<10,Wacker Neuson,WAN,Y,P,OHR,46,0,0,,,0,0,0,0
1550,GDK,Denmark,Denmark,Region Europe,WLO,Wheel Loaders,,<10,Weidemann,WEI,,P,OHR,195,0,0,,,0,0,0,0
1551,GDK,Denmark,Denmark,Region Europe,WLO,Wheel Loaders,,<10,Yanmar,YAN,Y,P,OHR,57,0,0,,,0,0,0,0
1552,GDK,Denmark,Denmark,Region Europe,WLO,Wheel Loaders,,>10,Case,CAS,Y,P,OHR,22,0,0,,,0,0,0,0
1553,GDK,Denmark,Denmark,Region Europe,WLO,Wheel Loaders,,>10,Caterpillar Inc,,Y,P,OHR,20,0,0,,,0,0,0,0
1554,GDK,Denmark,Denmark,Region Europe,WLO,Wheel Loaders,,>10,Claas,,Y,P,OHR,10,0,0,,,0,0,0,0
1555,GDK,Denmark,Denmark,Region Europe,WLO,Wheel Loaders,,>10,Hidromek,HID,Y,P,OHR,1,0,0,,,0,0,0,0
1556,GDK,Denmark,Denmark,Region Europe,WLO,Wheel Loaders,,>10,Hitachi,HIT,Y,P,OHR,6,0,0,,,0,0,0,0
1557,GDK,Denmark,Denmark,Region Europe,WLO,Wheel Loaders,,>10,Hyundai,HYU,Y,P,OHR,1,0,0,,,0,0,0,0
1558,GDK,Denmark,Denmark,Region Europe,WLO,Wheel Loaders,,>10,JCB,JCB,Y,P,OHR,9,0,0,,,0,0,0,0
1559,GDK,Denmark,Denmark,Region Europe,WLO,Wheel Loaders,,>10,Komatsu,KOM,Y,P,OHR,16,0,0,,,0,0,0,0
1560,GDK,Denmark,Denmark,Region Europe,WLO,Wheel Loaders,,>10,Kramer,KRA,Y,P,OHR,5,0,0,,,0,0,0,0
1561,GDK,Denmark,Denmark,Region Europe,WLO,Wheel Loaders,,>10,Liebherr,LIE,Y,P,OHR,26,0,0,,,0,0,0,0
1562,GDK,Denmark,Denmark,Region Europe,WLO,Wheel Loaders,,>10,Ljungby Maskin,LJU,,P,OHR,20,0,0,,,0,0,1,1
1563,GDK,Denmark,Denmark,Region Europe,WLO,Wheel Loaders,,>10,New Holland,NEW,Y,P,OHR,25,0,0,,,0,0,0,0
1564,GDK,Denmark,Denmark,Region Europe,WLO,Wheel Loaders,,>10,OTN,OTN,,P,OHR,6,0,0,,,0,0,1,1
1565,GDK,Denmark,Denmark,Region Europe,WLO,Wheel Loaders,,>10,Sany,SNY,Y,P,OHR,2,0,0,,,0,0,0,0
1566,GDK,Denmark,Denmark,Region Europe,WLO,Wheel Loaders,,>10,Volvo,VCE,Y,P,OHR,46,0,0,,,0,0,0,0
1567,GDK,Denmark,Denmark,Region Europe,WLO,Wheel Loaders,,>10,Wacker Neuson,WAN,Y,P,OHR,2,0,0,,,0,0,0,0
1568,GDK,Denmark,Denmark,Region Europe,WLO,Wheel Loaders,,>10,Weidemann,WEI,,P,OHR,1,0,0,,,0,0,1,1
1569,GEC,Ecuador,Ecuador,Region Latin America,340,Rigid Haulers,,#,XCMG,XCM,Y,P,PIN,25,0,0,,,0,0,0,0
1570,GEC,Ecuador,Ecuador,Region Latin America,CEX,Compact Excavators,,6<10T,Kobelco,KOB,Y,P,PIN,1,0,0,,,0,0,0,0
1571,GEC,Ecuador,Ecuador,Region Latin America,CEX,Compact Excavators,,6<10T,OCN,OCN,,P,PIN,3,0,0,,,1,1,1,1
1572,GEC,Ecuador,Ecuador,Region Latin America,CEX,Compact Excavators,,6<10T,Rippa China,CRM,,P,PIN,2,0,0,,,1,1,1,1
1573,GEC,Ecuador,Ecuador,Region Latin America,CEX,Compact Excavators,,6<10T,Sinomach,SIM,,P,PIN,8,0,0,,,1,1,1,1
1574,GEC,Ecuador,Ecuador,Region Latin America,CEX,Compact Excavators,,6<11T,Jinggong,JIG,,P,PIN,1,0,0,,,1,1,1,1
1575,GEC,Ecuador,Ecuador,Region Latin America,CEX,Compact Excavators,,6<11T,OCN,OCN,,P,PIN,2,0,0,,,1,1,1,1
1576,GEC,Ecuador,Ecuador,Region Latin America,CEX,Compact Excavators,,6<11T,World,WOG,,P,PIN,1,0,0,,,1,1,1,1
1577,GEC,Ecuador,Ecuador,Region Latin America,CEX,Compact Excavators,,<6T,Bobcat,BOB,Y,P,PIN,3,0,0,,,0,0,0,0
1578,GEC,Ecuador,Ecuador,Region Latin America,CEX,Compact Excavators,,<6T,Caterpillar Inc,,Y,P,PIN,4,0,0,,,0,0,0,0
1579,GEC,Ecuador,Ecuador,Region Latin America,CEX,Compact Excavators,,<6T,Develon,DOO,Y,P,PIN,4,0,0,,,0,0,0,0
1580,GEC,Ecuador,Ecuador,Region Latin America,CEX,Compact Excavators,,<6T,Hyundai,HYU,Y,P,PIN,3,0,0,,,0,0,0,0
1581,GEC,Ecuador,Ecuador,Region Latin America,CEX,Compact Excavators,,<6T,Kobelco,KOB,Y,P,PIN,12,0,0,,,0,0,0,0
1582,GEC,Ecuador,Ecuador,Region Latin America,CEX,Compact Excavators,,<6T,Kubota,KUB,Y,P,PIN,1,0,0,,,0,0,0,0
1583,GEC,Ecuador,Ecuador,Region Latin America,CEX,Compact Excavators,,<6T,OCN,OCN,,P,PIN,18,0,0,,,1,1,1,1
1584,GEC,Ecuador,Ecuador,Region Latin America,CEX,Compact Excavators,,<6T,Rhino,RHI,,P,PIN,1,0,0,,,1,1,1,1
1585,GEC,Ecuador,Ecuador,Region Latin America,CEX,Compact Excavators,,<6T,Rippa China,CRM,,P,PIN,18,0,0,,,1,1,1,1
1586,GEC,Ecuador,Ecuador,Region Latin America,CEX,Compact Excavators,,<6T,Sany,SNY,Y,P,PIN,10,0,0,,,0,0,0,0
1587,GEC,Ecuador,Ecuador,Region Latin America,CEX,Compact Excavators,,<6T,Shantui,SBM,Y,P,PIN,2,0,0,,,0,0,0,0
1588,GEC,Ecuador,Ecuador,Region Latin America,CEX,Compact Excavators,,<6T,Sinomach,SIM,,P,PIN,4,0,0,,,1,1,1,1
1589,GEC,Ecuador,Ecuador,Region Latin America,CEX,Compact Excavators,,<6T,Sunward,SUN,Y,P,PIN,4,0,0,,,0,0,0,0
1590,GEC,Ecuador,Ecuador,Region Latin America,CEX,Compact Excavators,,<6T,Volvo,VCE,Y,P,PIN,20,0,0,,,0,0,0,0
1591,GEC,Ecuador,Ecuador,Region Latin America,CEX,Compact Excavators,,<6T,Wacker Neuson,WAN,Y,P,PIN,1,0,0,,,0,0,0,0
1592,GEC,Ecuador,Ecuador,Region Latin America,CEX,Compact Excavators,,<6T,World,WOG,,P,PIN,1,0,0,,,1,1,1,1
1593,GEC,Ecuador,Ecuador,Region Latin America,CEX,Compact Excavators,,<6T,XCMG,XCM,Y,P,PIN,13,0,0,,,0,0,0,0
1594,GEC,Ecuador,Ecuador,Region Latin America,CEX,Compact Excavators,,<6T,Yuchai,YUC,,P,PIN,1,0,0,,,1,1,1,1
1595,GEC,Ecuador,Ecuador,Region Latin America,GEC,GPE Excavators Crawled,,>10T,Case,CAS,Y,P,PIN,1,0,0,,,0,0,0,0
1596,GEC,Ecuador,Ecuador,Region Latin America,GEC,GPE Excavators Crawled,,>10T,Caterpillar Inc,,Y,P,PIN,16,0,0,,,0,0,0,0
1597,GEC,Ecuador,Ecuador,Region Latin America,GEC,GPE Excavators Crawled,,>10T,Deere,JOH,Y,P,PIN,11,0,0,,,0,0,0,0
1598,GEC,Ecuador,Ecuador,Region Latin America,GEC,GPE Excavators Crawled,,>10T,Develon,DOO,Y,P,PIN,56,0,0,,,0,0,0,0
1599,GEC,Ecuador,Ecuador,Region Latin America,GEC,GPE Excavators Crawled,,>10T,Foton Lovol,FOL,Y,P,PIN,16,0,0,,,0,0,0,0
1600,GEC,Ecuador,Ecuador,Region Latin America,GEC,GPE Excavators Crawled,,>10T,Hyundai,HYU,Y,P,PIN,105,0,0,,,0,0,0,0
1601,GEC,Ecuador,Ecuador,Region Latin America,GEC,GPE Excavators Crawled,,>10T,JCB,JCB,Y,P,PIN,4,0,0,,,0,0,0,0
1602,GEC,Ecuador,Ecuador,Region Latin America,GEC,GPE Excavators Crawled,,>10T,Kobelco,KOB,Y,P,PIN,2,0,0,,,0,0,0,0
1603,GEC,Ecuador,Ecuador,Region Latin America,GEC,GPE Excavators Crawled,,>10T,Komatsu,KOM,Y,P,PIN,52,0,0,,,0,0,0,0
1604,GEC,Ecuador,Ecuador,Region Latin America,GEC,GPE Excavators Crawled,,>10T,Liebherr,LIE,Y,P,PIN,2,0,0,,,0,0,0,0
1605,GEC,Ecuador,Ecuador,Region Latin America,GEC,GPE Excavators Crawled,,>10T,Liugong,LIU,Y,P,PIN,10,0,0,,,0,0,0,0
1606,GEC,Ecuador,Ecuador,Region Latin America,GEC,Crawler Excavators,,>10T,Lonking,LON,,P,PIN,17,0,0,,,0,0,1,1
1607,GEC,Ecuador,Ecuador,Region Latin America,GEC,GPE Excavators Crawled,,>10T,New Holland,NEW,Y,P,PIN,2,0,0,,,0,0,0,0
1608,GEC,Ecuador,Ecuador,Region Latin America,GEC,Crawler Excavators,,>10T,OCN,OCN,,P,PIN,55,0,0,,,0,0,1,1
1609,GEC,Ecuador,Ecuador,Region Latin America,GEC,GPE Excavators Crawled,,>10T,Sany,SNY,Y,P,PIN,104,0,0,,,0,0,0,0
1610,GEC,Ecuador,Ecuador,Region Latin America,GEC,GPE Excavators Crawled,,>10T,SDLG,LIN,Y,P,PIN,8,0,0,,,0,0,0,0
1611,GEC,Ecuador,Ecuador,Region Latin America,GEC,GPE Excavators Crawled,,>10T,Shantui,SBM,Y,P,PIN,87,0,0,,,0,0,0,0
1612,GEC,Ecuador,Ecuador,Region Latin America,GEC,Crawler Excavators,,>10T,Sinomach,SIM,,P,PIN,59,0,0,,,0,0,1,1
1613,GEC,Ecuador,Ecuador,Region Latin America,GEC,GPE Excavators Crawled,,>10T,Sunward,SUN,Y,P,PIN,38,0,0,,,0,0,0,0
1614,GEC,Ecuador,Ecuador,Region Latin America,GEC,GPE Excavators Crawled,,>10T,Volvo,VCE,Y,P,PIN,20,0,0,,,0,0,0,0
1615,GEC,Ecuador,Ecuador,Region Latin America,GEC,GPE Excavators Crawled,,>10T,XCMG,XCM,Y,P,PIN,58,0,0,,,0,0,0,0
1616,GEC,Ecuador,Ecuador,Region Latin America,GEC,Crawler Excavators,,>10T,Yuchai,YUC,,P,PIN,3,0,0,,,0,0,1,1
1617,GEC,Ecuador,Ecuador,Region Latin America,GEW,GPE Excavators Wheeled,,>11T,Caterpillar Inc,,Y,P,PIN,2,0,0,,,0,0,0,0
1618,GEC,Ecuador,Ecuador,Region Latin America,GEW,GPE Excavators Wheeled,,>11T,Develon,DOO,Y,P,PIN,2,0,0,,,0,0,0,0
1619,GEC,Ecuador,Ecuador,Region Latin America,GEW,GPE Excavators Wheeled,,>11T,Sany,SNY,Y,P,PIN,1,0,0,,,0,0,0,0
1620,GEC,Ecuador,Ecuador,Region Latin America,WLO,Wheel Loaders,,10<12,Canmax,CAN,,P,PIN,5,0,0,,,0,0,0,0
1621,GEC,Ecuador,Ecuador,Region Latin America,WLO,Wheel Loaders,,10<12,Komatsu,KOM,Y,P,PIN,3,0,0,,,0,0,0,0
1622,GEC,Ecuador,Ecuador,Region Latin America,WLO,Wheel Loaders,,10<12,Liugong,LIU,Y,P,PIN,5,0,0,,,0,0,0,0
1623,GEC,Ecuador,Ecuador,Region Latin America,WLO,Wheel Loaders,,10<12,OCN,OCN,,P,PIN,1,0,0,,,0,0,0,0
1624,GEC,Ecuador,Ecuador,Region Latin America,WLO,Wheel Loaders,,10<12,SEM,SEM,Y,P,PIN,2,0,0,,,0,0,0,0
1625,GEC,Ecuador,Ecuador,Region Latin America,WLO,Wheel Loaders,,10<12,Sinoway,SAY,,P,PIN,2,0,0,,,0,0,0,0
1626,GEC,Ecuador,Ecuador,Region Latin America,WLO,Wheel Loaders,,7<10,SDLG,LIN,Y,P,PIN,4,0,0,,,0,0,0,0
1627,GEC,Ecuador,Ecuador,Region Latin America,WLO,Wheel Loaders,,<7,Luyu,LUU,,P,PIN,1,0,0,,,0,0,0,0
1628,GEC,Ecuador,Ecuador,Region Latin America,WLO,Wheel Loaders,,<7,OCN,OCN,,P,PIN,4,0,0,,,0,0,0,0
1629,GEC,Ecuador,Ecuador,Region Latin America,WLO,Wheel Loaders,,>12,Canmax,CAN,,P,PIN,1,0,0,,,0,0,1,1
1630,GEC,Ecuador,Ecuador,Region Latin America,WLO,Wheel Loaders,,>12,Caterpillar Inc,,Y,P,PIN,1,0,0,,,0,0,0,0
1631,GEC,Ecuador,Ecuador,Region Latin America,WLO,Wheel Loaders,,>12,Develon,DOO,Y,P,PIN,5,0,0,,,0,0,0,0
1632,GEC,Ecuador,Ecuador,Region Latin America,WLO,Wheel Loaders,,>12,Hyundai,HYU,Y,P,PIN,4,0,0,,,0,0,0,0
1633,GEC,Ecuador,Ecuador,Region Latin America,WLO,Wheel Loaders,,>12,Komatsu,KOM,Y,P,PIN,5,0,0,,,0,0,0,0
1634,GEC,Ecuador,Ecuador,Region Latin America,WLO,Wheel Loaders,,>12,Laigong,LAG,,P,PIN,1,0,0,,,0,0,1,1
1635,GEC,Ecuador,Ecuador,Region Latin America,WLO,Wheel Loaders,,>12,Liebherr,LIE,Y,P,PIN,2,0,0,,,0,0,0,0
1636,GEC,Ecuador,Ecuador,Region Latin America,WLO,Wheel Loaders,,>12,Liugong,LIU,Y,P,PIN,9,0,0,,,0,0,0,0
1637,GEC,Ecuador,Ecuador,Region Latin America,WLO,Wheel Loaders,,>12,Lugong,LGG,,P,PIN,4,0,0,,,0,0,1,1
1638,GEC,Ecuador,Ecuador,Region Latin America,WLO,Wheel Loaders,,>12,Luyu,LUU,,P,PIN,1,0,0,,,0,0,1,1
1639,GEC,Ecuador,Ecuador,Region Latin America,WLO,Wheel Loaders,,>12,New Holland,NEW,Y,P,PIN,2,0,0,,,0,0,0,0
1640,GEC,Ecuador,Ecuador,Region Latin America,WLO,Wheel Loaders,,>12,Sany,SNY,Y,P,PIN,7,0,0,,,0,0,0,0
1641,GEC,Ecuador,Ecuador,Region Latin America,WLO,Wheel Loaders,,>12,SDLG,LIN,Y,P,PIN,3,0,0,,,0,0,0,0
1642,GEC,Ecuador,Ecuador,Region Latin America,WLO,Wheel Loaders,,>12,SEM,SEM,Y,P,PIN,5,0,0,,,0,0,0,0
1643,GEC,Ecuador,Ecuador,Region Latin America,WLO,Wheel Loaders,,>12,Sinomach,SIM,,P,PIN,3,0,0,,,0,0,1,1
1644,GEC,Ecuador,Ecuador,Region Latin America,WLO,Wheel Loaders,,>12,Sinoway,SAY,,P,PIN,1,0,0,,,0,0,1,1
1645,GEC,Ecuador,Ecuador,Region Latin America,WLO,Wheel Loaders,,>12,Sunward,SUN,,P,PIN,9,0,0,,,0,0,1,1
1646,GEC,Ecuador,Ecuador,Region Latin America,WLO,Wheel Loaders,,>12,Volvo,VCE,Y,P,PIN,1,0,0,,,0,0,0,0
1647,GES,Spain,Spain,Region Europe,330,Articulated Haulers,,#,Caterpillar Inc,,Y,P,OHR,7,0,0,,,0,0,0,0
1648,GES,Spain,Spain,Region Europe,330,Articulated Haulers,,#,Komatsu,KOM,Y,P,OHR,12,0,0,,,0,0,0,0
1649,GES,Spain,Spain,Region Europe,330,Articulated Haulers,,#,Liebherr,LIE,Y,P,OHR,2,0,0,,,0,0,0,0
1650,GES,Spain,Spain,Region Europe,330,Articulated Haulers,,#,Volvo,VCE,Y,P,OHR,19,0,0,,,0,0,0,0
1651,GES,Spain,Spain,Region Europe,340,Rigid Haulers,,#,Caterpillar Inc,,Y,P,OHR,29,0,0,,,0,0,0,0
1652,GES,Spain,Spain,Region Europe,340,Rigid Haulers,,#,Komatsu,KOM,Y,P,OHR,57,0,0,,,0,0,0,0
1653,GES,Spain,Spain,Region Europe,340,Rigid Haulers,,#,Volvo,VCE,Y,P,OHR,1,0,0,,,0,0,0,0
1654,GES,Spain,Spain,Region Europe,380,Motor Graders,,#,Case,CAS,Y,P,OHR,2,0,0,,,0,0,0,0
1655,GES,Spain,Spain,Region Europe,380,Motor Graders,,#,Caterpillar Inc,,Y,P,OHR,25,0,0,,,0,0,0,0
1656,GES,Spain,Spain,Region Europe,380,Motor Graders,,,Deere,JOH,,P,OHR,4,0,0,,,0,0,1,1
1657,GES,Spain,Spain,Region Europe,380,Motor Graders,,#,Hidromek,HID,Y,P,OHR,7,0,0,,,0,0,0,0
1658,GES,Spain,Spain,Region Europe,380,Motor Graders,,#,Komatsu,KOM,Y,P,OHR,3,0,0,,,0,0,0,0
1659,GES,Spain,Spain,Region Europe,410,Backhoe Loaders,,,Case,CAS,,P,OHR,82,0,0,,,0,0,1,1
1660,GES,Spain,Spain,Region Europe,410,Backhoe Loaders,,,Caterpillar Inc,CAT,,P,OHR,30,0,0,,,0,0,1,1
1661,GES,Spain,Spain,Region Europe,410,Backhoe Loaders,,,Hidromek,HID,,P,OHR,182,0,0,,,0,0,1,1
1662,GES,Spain,Spain,Region Europe,410,Backhoe Loaders,,,JCB,JCB,,P,OHR,282,0,0,,,0,0,1,1
1663,GES,Spain,Spain,Region Europe,410,Backhoe Loaders,,,Komatsu,KOM,,P,OHR,33,0,0,,,0,0,1,1
1664,GES,Spain,Spain,Region Europe,410,Backhoe Loaders,,,New Holland,NEW,,P,OHR,15,0,0,,,0,0,1,1
1665,GES,Spain,Spain,Region Europe,CEX,Compact Excavators,,<6T,Bobcat,BOB,Y,P,OHR,198,0,0,,,0,0,0,0
1666,GES,Spain,Spain,Region Europe,CEX,Compact Excavators,,<6T,Case,CAS,Y,P,OHR,71,0,0,,,0,0,0,0
1667,GES,Spain,Spain,Region Europe,CEX,Compact Excavators,,<6T,Caterpillar Inc,,Y,P,OHR,65,0,0,,,0,0,0,0
1668,GES,Spain,Spain,Region Europe,CEX,Compact Excavators,,<6T,Develon,DOO,Y,P,OHR,33,0,0,,,0,0,0,0
1669,GES,Spain,Spain,Region Europe,CEX,Compact Excavators,,<6T,Hitachi,HIT,Y,P,OHR,107,0,0,,,0,0,0,0
1670,GES,Spain,Spain,Region Europe,CEX,Compact Excavators,,<6T,Hyundai,HYU,Y,P,OHR,17,0,0,,,0,0,0,0
1671,GES,Spain,Spain,Region Europe,CEX,Compact Excavators,,<6T,JCB,JCB,Y,P,OHR,83,0,0,,,0,0,0,0
1672,GES,Spain,Spain,Region Europe,CEX,Compact Excavators,,<6T,Kato Imer,KAT,Y,P,OHR,10,0,0,,,0,0,0,0
1673,GES,Spain,Spain,Region Europe,CEX,Compact Excavators,,<6T,Kobelco,KOB,Y,P,OHR,88,0,0,,,0,0,0,0
1674,GES,Spain,Spain,Region Europe,CEX,Compact Excavators,,<6T,Komatsu,KOM,Y,P,OHR,34,0,0,,,0,0,0,0
1675,GES,Spain,Spain,Region Europe,CEX,Compact Excavators,,<6T,Kubota,KUB,Y,P,OHR,278,0,0,,,0,0,0,0
1676,GES,Spain,Spain,Region Europe,CEX,Compact Excavators,,<6T,Liugong,LIU,Y,P,OHR,45,0,0,,,0,0,0,0
1677,GES,Spain,Spain,Region Europe,CEX,Compact Excavators,,<6T,New Holland,NEW,Y,P,OHR,2,0,0,,,0,0,0,0
1678,GES,Spain,Spain,Region Europe,CEX,Compact Excavators,,<6T,Rhino,RHI,,P,OHR,1,0,0,,,1,1,1,1
1679,GES,Spain,Spain,Region Europe,CEX,Compact Excavators,,<6T,Sany,SNY,Y,P,OHR,45,0,0,,,0,0,0,0
1680,GES,Spain,Spain,Region Europe,CEX,Compact Excavators,,<6T,Sunward,SUN,Y,P,OHR,74,0,0,,,0,0,0,0
1681,GES,Spain,Spain,Region Europe,CEX,Compact Excavators,,<6T,Takeuchi,TAK,,P,OHR,79,0,0,,,1,1,1,1
1682,GES,Spain,Spain,Region Europe,CEX,Compact Excavators,,<6T,Volvo,VCE,Y,P,OHR,28,0,0,,,0,0,0,0
1683,GES,Spain,Spain,Region Europe,CEX,Compact Excavators,,<6T,Wacker Neuson,WAN,Y,P,OHR,170,0,0,,,0,0,0,0
1684,GES,Spain,Spain,Region Europe,CEX,Compact Excavators,,<6T,XCMG,XCM,,P,OHR,23,0,0,,,1,1,1,1
1685,GES,Spain,Spain,Region Europe,CEX,Compact Excavators,,<6T,Yanmar,YAN,Y,P,OHR,145,0,0,,,0,0,0,0
1686,GES,Spain,Spain,Region Europe,GEC,GPE Excavators Crawled,,>6T,Bobcat,BOB,Y,P,OHR,6,0,0,,,0,0,0,0
1687,GES,Spain,Spain,Region Europe,GEC,GPE Excavators Crawled,,>6T,Case,CAS,Y,P,OHR,21,0,0,,,0,0,0,0
1688,GES,Spain,Spain,Region Europe,GEC,GPE Excavators Crawled,,>6T,Caterpillar Inc,,Y,P,OHR,70,0,0,,,0,0,0,0
1689,GES,Spain,Spain,Region Europe,GEC,GPE Excavators Crawled,,>6T,Develon,DOO,Y,P,OHR,86,0,0,,,0,0,0,0
1690,GES,Spain,Spain,Region Europe,GEC,GPE Excavators Crawled,,>6T,Eurocomach,EUR,Y,P,OHR,4,0,0,,,0,0,0,0
1691,GES,Spain,Spain,Region Europe,GEC,GPE Excavators Crawled,,>6T,Hidromek,HID,Y,P,OHR,45,0,0,,,0,0,0,0
1692,GES,Spain,Spain,Region Europe,GEC,GPE Excavators Crawled,,>6T,Hitachi,HIT,Y,P,OHR,88,0,0,,,0,0,0,0
1693,GES,Spain,Spain,Region Europe,GEC,GPE Excavators Crawled,,>6T,Hyundai,HYU,Y,P,OHR,10,0,0,,,0,0,0,0
1694,GES,Spain,Spain,Region Europe,GEC,GPE Excavators Crawled,,>6T,JCB,JCB,Y,P,OHR,50,0,0,,,0,0,0,0
1695,GES,Spain,Spain,Region Europe,GEC,GPE Excavators Crawled,,>6T,Kato Imer,KAT,Y,P,OHR,1,0,0,,,0,0,0,0
1696,GES,Spain,Spain,Region Europe,GEC,GPE Excavators Crawled,,>6T,Kobelco,KOB,Y,P,OHR,57,0,0,,,0,0,0,0
1697,GES,Spain,Spain,Region Europe,GEC,GPE Excavators Crawled,,>6T,Komatsu,KOM,Y,P,OHR,63,0,0,,,0,0,0,0
1698,GES,Spain,Spain,Region Europe,GEC,GPE Excavators Crawled,,>6T,Kubota,KUB,Y,P,OHR,57,0,0,,,0,0,0,0
1699,GES,Spain,Spain,Region Europe,GEC,GPE Excavators Crawled,,>6T,Liebherr,LIE,Y,P,OHR,10,0,0,,,0,0,0,0
1700,GES,Spain,Spain,Region Europe,GEC,GPE Excavators Crawled,,>6T,Liugong,LIU,Y,P,OHR,25,0,0,,,0,0,0,0
1701,GES,Spain,Spain,Region Europe,GEC,GPE Excavators Crawled,,>6T,Mecalac,MEC,Y,P,OHR,2,0,0,,,0,0,0,0
1702,GES,Spain,Spain,Region Europe,GEC,GPE Excavators Crawled,,>6T,Sany,SNY,Y,P,OHR,28,0,0,,,0,0,0,0
1703,GES,Spain,Spain,Region Europe,GEC,GPE Excavators Crawled,,>6T,Sunward,SUN,Y,P,OHR,62,0,0,,,0,0,0,0
1704,GES,Spain,Spain,Region Europe,GEC,Crawler Excavators,,>6T,Takeuchi,TAK,,P,OHR,50,0,0,,,0,0,1,1
1705,GES,Spain,Spain,Region Europe,GEC,GPE Excavators Crawled,,>6T,Volvo,VCE,Y,P,OHR,86,0,0,,,0,0,0,0
1706,GES,Spain,Spain,Region Europe,GEC,GPE Excavators Crawled,,>6T,Wacker Neuson,WAN,Y,P,OHR,45,0,0,,,0,0,0,0
1707,GES,Spain,Spain,Region Europe,GEC,Crawler Excavators,,>6T,XCMG,XCM,,P,OHR,3,0,0,,,0,0,1,1
1708,GES,Spain,Spain,Region Europe,GEC,GPE Excavators Crawled,,>6T,Yanmar,YAN,Y,P,OHR,25,0,0,,,0,0,0,0
1709,GES,Spain,Spain,Region Europe,GEW,GPE Excavators Wheeled,,>6T,Bobcat,BOB,Y,P,OHR,0,0,0,,,0,0,0,0
1710,GES,Spain,Spain,Region Europe,GEW,GPE Excavators Wheeled,,>6T,Case,CAS,Y,P,OHR,3,0,0,,,0,0,0,0
1711,GES,Spain,Spain,Region Europe,GEW,GPE Excavators Wheeled,,>6T,Caterpillar Inc,,Y,P,OHR,22,0,0,,,0,0,0,0
1712,GES,Spain,Spain,Region Europe,GEW,GPE Excavators Wheeled,,>6T,Develon,DOO,Y,P,OHR,35,0,0,,,0,0,0,0
1713,GES,Spain,Spain,Region Europe,GEW,GPE Excavators Wheeled,,>6T,Hidromek,HID,Y,P,OHR,37,0,0,,,0,0,0,0
1714,GES,Spain,Spain,Region Europe,GEW,GPE Excavators Wheeled,,>6T,Hitachi,HIT,Y,P,OHR,17,0,0,,,0,0,0,0
1715,GES,Spain,Spain,Region Europe,GEW,GPE Excavators Wheeled,,>6T,Hyundai,HYU,Y,P,OHR,6,0,0,,,0,0,0,0
1716,GES,Spain,Spain,Region Europe,GEW,GPE Excavators Wheeled,,>6T,JCB,JCB,Y,P,OHR,17,0,0,,,0,0,0,0
1717,GES,Spain,Spain,Region Europe,GEW,GPE Excavators Wheeled,,>6T,Komatsu,KOM,Y,P,OHR,12,0,0,,,0,0,0,0
1718,GES,Spain,Spain,Region Europe,GEW,GPE Excavators Wheeled,,>6T,Liebherr,LIE,Y,P,OHR,60,0,0,,,0,0,0,0
1719,GES,Spain,Spain,Region Europe,GEW,GPE Excavators Wheeled,,>6T,Mecalac,MEC,Y,P,OHR,5,0,0,,,0,0,0,0
1720,GES,Spain,Spain,Region Europe,GEW,GPE Excavators Wheeled,,>6T,Sany,SNY,Y,P,OHR,6,0,0,,,0,0,0,0
1721,GES,Spain,Spain,Region Europe,GEW,Wheeled Excavators,,>6T,Takeuchi,TAK,,P,OHR,20,0,0,,,0,0,1,1
1722,GES,Spain,Spain,Region Europe,GEW,GPE Excavators Wheeled,,>6T,Volvo,VCE,Y,P,OHR,11,0,0,,,0,0,0,0
1723,GES,Spain,Spain,Region Europe,GEW,GPE Excavators Wheeled,,>6T,Wacker Neuson,WAN,Y,P,OHR,10,0,0,,,0,0,0,0
1724,GES,Spain,Spain,Region Europe,GEW,GPE Excavators Wheeled,,>6T,Yanmar,YAN,Y,P,OHR,3,0,0,,,0,0,0,0
1725,GES,Spain,Spain,Region Europe,WLO,Wheel Loaders,,<10,SHA,SHA,,P,OHR,5,0,0,,,0,0,0,0
1726,GES,Spain,Spain,Region Europe,WLO,Wheel Loaders,,<10,Bobcat,BOB,Y,P,OHR,3,0,0,,,0,0,0,0
1727,GES,Spain,Spain,Region Europe,WLO,Wheel Loaders,,<10,Case,CAS,Y,P,OHR,2,0,0,,,0,0,0,0
1728,GES,Spain,Spain,Region Europe,WLO,Wheel Loaders,,<10,Caterpillar Inc,,Y,P,OHR,8,0,0,,,0,0,0,0
1729,GES,Spain,Spain,Region Europe,WLO,Wheel Loaders,,<10,Claas,,Y,P,OHR,1,0,0,,,0,0,0,0
1730,GES,Spain,Spain,Region Europe,WLO,Wheel Loaders,,<10,Hitachi,HIT,Y,P,OHR,3,0,0,,,0,0,0,0
1731,GES,Spain,Spain,Region Europe,WLO,Wheel Loaders,,<10,JCB,JCB,Y,P,OHR,22,0,0,,,0,0,0,0
1732,GES,Spain,Spain,Region Europe,WLO,Wheel Loaders,,<10,Komatsu,KOM,Y,P,OHR,9,0,0,,,0,0,0,0
1733,GES,Spain,Spain,Region Europe,WLO,Wheel Loaders,,<10,Kramer,KRA,Y,P,OHR,6,0,0,,,0,0,0,0
1734,GES,Spain,Spain,Region Europe,WLO,Wheel Loaders,,<10,Kubota,KUB,Y,P,OHR,1,0,0,,,0,0,0,0
1735,GES,Spain,Spain,Region Europe,WLO,Wheel Loaders,,<10,Liebherr,LIE,Y,P,OHR,5,0,0,,,0,0,0,0
1736,GES,Spain,Spain,Region Europe,WLO,Wheel Loaders,,<10,Manitou,MTU,Y,P,OHR,5,0,0,,,0,0,0,0
1737,GES,Spain,Spain,Region Europe,WLO,Wheel Loaders,,<10,New Holland,NEW,Y,P,OHR,2,0,0,,,0,0,0,0
1738,GES,Spain,Spain,Region Europe,WLO,Wheel Loaders,,<10,Volvo,VCE,Y,P,OHR,5,0,0,,,0,0,0,0
1739,GES,Spain,Spain,Region Europe,WLO,Wheel Loaders,,<10,Wacker Neuson,WAN,Y,P,OHR,50,0,0,,,0,0,0,0
1740,GES,Spain,Spain,Region Europe,WLO,Wheel Loaders,,<10,Yanmar,YAN,Y,P,OHR,1,0,0,,,0,0,0,0
1741,GES,Spain,Spain,Region Europe,WLO,Wheel Loaders,,>10,SHA,SHA,,P,OHR,1,0,0,,,0,0,1,1
1742,GES,Spain,Spain,Region Europe,WLO,Wheel Loaders,,>10,Case,CAS,Y,P,OHR,22,0,0,,,0,0,0,0
1743,GES,Spain,Spain,Region Europe,WLO,Wheel Loaders,,>10,Caterpillar Inc,,Y,P,OHR,115,0,0,,,0,0,0,0
1744,GES,Spain,Spain,Region Europe,WLO,Wheel Loaders,,>10,Develon,DOO,Y,P,OHR,33,0,0,,,0,0,0,0
1745,GES,Spain,Spain,Region Europe,WLO,Wheel Loaders,,>10,Hidromek,HID,Y,P,OHR,1,0,0,,,0,0,0,0
1746,GES,Spain,Spain,Region Europe,WLO,Wheel Loaders,,>10,Hitachi,HIT,Y,P,OHR,33,0,0,,,0,0,0,0
1747,GES,Spain,Spain,Region Europe,WLO,Wheel Loaders,,>10,Hyundai,HYU,Y,P,OHR,5,0,0,,,0,0,0,0
1748,GES,Spain,Spain,Region Europe,WLO,Wheel Loaders,,>10,JCB,JCB,Y,P,OHR,31,0,0,,,0,0,0,0
1749,GES,Spain,Spain,Region Europe,WLO,Wheel Loaders,,>10,Komatsu,KOM,Y,P,OHR,64,0,0,,,0,0,0,0
1750,GES,Spain,Spain,Region Europe,WLO,Wheel Loaders,,>10,Kramer,KRA,Y,P,OHR,8,0,0,,,0,0,0,0
1751,GES,Spain,Spain,Region Europe,WLO,Wheel Loaders,,>10,Liebherr,LIE,Y,P,OHR,15,0,0,,,0,0,0,0
1752,GES,Spain,Spain,Region Europe,WLO,Wheel Loaders,,>10,Liugong,LIU,Y,P,OHR,21,0,0,,,0,0,0,0
1753,GES,Spain,Spain,Region Europe,WLO,Wheel Loaders,,>10,New Holland,NEW,Y,P,OHR,1,0,0,,,0,0,0,0
1754,GES,Spain,Spain,Region Europe,WLO,Wheel Loaders,,>10,Sany,SNY,Y,P,OHR,5,0,0,,,0,0,0,0
1755,GES,Spain,Spain,Region Europe,WLO,Wheel Loaders,,>10,Volvo,VCE,Y,P,OHR,152,0,0,,,0,0,0,0
1756,GFI,Finland,Finland,Region Europe,330,Articulated Haulers,,,Bell,BEL,,P,OHR,4,0,0,,,0,0,1,1
1757,GFI,Finland,Finland,Region Europe,330,Articulated Haulers,,#,Develon,DOO,Y,P,OHR,1,0,0,,,0,0,0,0
1758,GFI,Finland,Finland,Region Europe,330,Articulated Haulers,,#,Volvo,VCE,Y,P,OHR,1,0,0,,,0,0,0,0
1759,GFI,Finland,Finland,Region Europe,340,Rigid Haulers,,#,Caterpillar Inc,,Y,P,OHR,15,0,0,,,0,0,0,0
1760,GFI,Finland,Finland,Region Europe,340,Rigid Haulers,,#,Komatsu,KOM,Y,P,OHR,5,0,0,,,0,0,0,0
1761,GFI,Finland,Finland,Region Europe,380,Motor Graders,,#,Case,CAS,Y,P,OHR,1,0,0,,,0,0,0,0
1762,GFI,Finland,Finland,Region Europe,380,Motor Graders,,#,Caterpillar Inc,,Y,P,OHR,4,0,0,,,0,0,0,0
1763,GFI,Finland,Finland,Region Europe,380,Motor Graders,,,Veekmas,VEE,,P,OHR,3,0,0,,,0,0,1,1
1764,GFI,Finland,Finland,Region Europe,410,Backhoe Loaders,,,Huddig,HUD,,P,OHR,9,0,0,,,0,0,1,1
1765,GFI,Finland,Finland,Region Europe,410,Backhoe Loaders,,,JCB,JCB,,P,OHR,2,0,0,,,0,0,1,1
1766,GFI,Finland,Finland,Region Europe,410,Backhoe Loaders,,,Lannen,LAN,,P,OHR,18,0,0,,,0,0,1,1
1767,GFI,Finland,Finland,Region Europe,CEX,Compact Excavators,,<6T,Bobcat,BOB,Y,P,OHR,16,0,0,,,0,0,0,0
1768,GFI,Finland,Finland,Region Europe,CEX,Compact Excavators,,<6T,Case,CAS,Y,P,OHR,3,0,0,,,0,0,0,0
1769,GFI,Finland,Finland,Region Europe,CEX,Compact Excavators,,<6T,Caterpillar Inc,,Y,P,OHR,5,0,0,,,0,0,0,0
1770,GFI,Finland,Finland,Region Europe,CEX,Compact Excavators,,<6T,Develon,DOO,Y,P,OHR,5,0,0,,,0,0,0,0
1771,GFI,Finland,Finland,Region Europe,CEX,Compact Excavators,,<6T,Eurocomach,EUR,Y,P,OHR,12,0,0,,,0,0,0,0
1772,GFI,Finland,Finland,Region Europe,CEX,Compact Excavators,,<6T,Hitachi,HIT,Y,P,OHR,15,0,0,,,0,0,0,0
1773,GFI,Finland,Finland,Region Europe,CEX,Compact Excavators,,<6T,Hyundai,HYU,Y,P,OHR,8,0,0,,,0,0,0,0
1774,GFI,Finland,Finland,Region Europe,CEX,Compact Excavators,,<6T,JCB,JCB,Y,P,OHR,13,0,0,,,0,0,0,0
1775,GFI,Finland,Finland,Region Europe,CEX,Compact Excavators,,<6T,Kobelco,KOB,Y,P,OHR,11,0,0,,,0,0,0,0
1776,GFI,Finland,Finland,Region Europe,CEX,Compact Excavators,,<6T,Komatsu,KOM,Y,P,OHR,4,0,0,,,0,0,0,0
1777,GFI,Finland,Finland,Region Europe,CEX,Compact Excavators,,<6T,Kubota,KUB,Y,P,OHR,21,0,0,,,0,0,0,0
1778,GFI,Finland,Finland,Region Europe,CEX,Compact Excavators,,<6T,Liugong,LIU,Y,P,OHR,11,0,0,,,0,0,0,0
1779,GFI,Finland,Finland,Region Europe,CEX,Compact Excavators,,<6T,New Holland,NEW,Y,P,OHR,2,0,0,,,0,0,0,0
1780,GFI,Finland,Finland,Region Europe,CEX,Compact Excavators,,<6T,Sany,SNY,Y,P,OHR,3,0,0,,,0,0,0,0
1781,GFI,Finland,Finland,Region Europe,CEX,Compact Excavators,,<6T,Sunward,SUN,Y,P,OHR,14,0,0,,,0,0,0,0
1782,GFI,Finland,Finland,Region Europe,CEX,Compact Excavators,,<6T,Takeuchi,TAK,,P,OHR,35,0,0,,,1,1,1,1
1783,GFI,Finland,Finland,Region Europe,CEX,Compact Excavators,,<6T,Volvo,VCE,Y,P,OHR,22,0,0,,,0,0,0,0
1784,GFI,Finland,Finland,Region Europe,CEX,Compact Excavators,,<6T,Wacker Neuson,WAN,Y,P,OHR,20,0,0,,,0,0,0,0
1785,GFI,Finland,Finland,Region Europe,CEX,Compact Excavators,,<6T,Yanmar,YAN,Y,P,OHR,60,0,0,,,0,0,0,0
1786,GFI,Finland,Finland,Region Europe,GEC,GPE Excavators Crawled,,>6T,Case,CAS,Y,P,OHR,17,0,0,,,0,0,0,0
1787,GFI,Finland,Finland,Region Europe,GEC,GPE Excavators Crawled,,>6T,Caterpillar Inc,,Y,P,OHR,70,0,0,,,0,0,0,0
1788,GFI,Finland,Finland,Region Europe,GEC,GPE Excavators Crawled,,>6T,Develon,DOO,Y,P,OHR,62,0,0,,,0,0,0,0
1789,GFI,Finland,Finland,Region Europe,GEC,GPE Excavators Crawled,,>6T,Eurocomach,EUR,Y,P,OHR,7,0,0,,,0,0,0,0
1790,GFI,Finland,Finland,Region Europe,GEC,GPE Excavators Crawled,,>6T,Hitachi,HIT,Y,P,OHR,56,0,0,,,0,0,0,0
1791,GFI,Finland,Finland,Region Europe,GEC,GPE Excavators Crawled,,>6T,Hyundai,HYU,Y,P,OHR,16,0,0,,,0,0,0,0
1792,GFI,Finland,Finland,Region Europe,GEC,GPE Excavators Crawled,,>6T,JCB,JCB,Y,P,OHR,11,0,0,,,0,0,0,0
1793,GFI,Finland,Finland,Region Europe,GEC,GPE Excavators Crawled,,>6T,Kobelco,KOB,Y,P,OHR,54,0,0,,,0,0,0,0
1794,GFI,Finland,Finland,Region Europe,GEC,GPE Excavators Crawled,,>6T,Komatsu,KOM,Y,P,OHR,18,0,0,,,0,0,0,0
1795,GFI,Finland,Finland,Region Europe,GEC,GPE Excavators Crawled,,>6T,Kubota,KUB,Y,P,OHR,6,0,0,,,0,0,0,0
1796,GFI,Finland,Finland,Region Europe,GEC,GPE Excavators Crawled,,>6T,Liebherr,LIE,Y,P,OHR,24,0,0,,,0,0,0,0
1797,GFI,Finland,Finland,Region Europe,GEC,GPE Excavators Crawled,,>6T,Liugong,LIU,Y,P,OHR,9,0,0,,,0,0,0,0
1798,GFI,Finland,Finland,Region Europe,GEC,GPE Excavators Crawled,,>6T,Mecalac,MEC,Y,P,OHR,2,0,0,,,0,0,0,0
1799,GFI,Finland,Finland,Region Europe,GEC,GPE Excavators Crawled,,>6T,Sany,SNY,Y,P,OHR,1,0,0,,,0,0,0,0
1800,GFI,Finland,Finland,Region Europe,GEC,GPE Excavators Crawled,,>6T,Sunward,SUN,Y,P,OHR,6,0,0,,,0,0,0,0
1801,GFI,Finland,Finland,Region Europe,GEC,Crawler Excavators,,>6T,Takeuchi,TAK,,P,OHR,9,0,0,,,0,0,1,1
1802,GFI,Finland,Finland,Region Europe,GEC,GPE Excavators Crawled,,>6T,Volvo,VCE,Y,P,OHR,70,0,0,,,0,0,0,0
1803,GFI,Finland,Finland,Region Europe,GEC,GPE Excavators Crawled,,>6T,Wacker Neuson,WAN,Y,P,OHR,15,0,0,,,0,0,0,0
1804,GFI,Finland,Finland,Region Europe,GEC,GPE Excavators Crawled,,>6T,Yanmar,YAN,Y,P,OHR,25,0,0,,,0,0,0,0
1805,GFI,Finland,Finland,Region Europe,GEW,GPE Excavators Wheeled,,>6T,Case,CAS,Y,P,OHR,1,0,0,,,0,0,0,0
1806,GFI,Finland,Finland,Region Europe,GEW,GPE Excavators Wheeled,,>6T,Caterpillar Inc,,Y,P,OHR,22,0,0,,,0,0,0,0
1807,GFI,Finland,Finland,Region Europe,GEW,GPE Excavators Wheeled,,>6T,Develon,DOO,Y,P,OHR,27,0,0,,,0,0,0,0
1808,GFI,Finland,Finland,Region Europe,GEW,GPE Excavators Wheeled,,>6T,Hitachi,HIT,Y,P,OHR,12,0,0,,,0,0,0,0
1809,GFI,Finland,Finland,Region Europe,GEW,GPE Excavators Wheeled,,>6T,Hyundai,HYU,Y,P,OHR,7,0,0,,,0,0,0,0
1810,GFI,Finland,Finland,Region Europe,GEW,GPE Excavators Wheeled,,>6T,JCB,JCB,Y,P,OHR,8,0,0,,,0,0,0,0
1811,GFI,Finland,Finland,Region Europe,GEW,GPE Excavators Wheeled,,>6T,Komatsu,KOM,Y,P,OHR,5,0,0,,,0,0,0,0
1812,GFI,Finland,Finland,Region Europe,GEW,GPE Excavators Wheeled,,>6T,Liebherr,LIE,Y,P,OHR,21,0,0,,,0,0,0,0
1813,GFI,Finland,Finland,Region Europe,GEW,GPE Excavators Wheeled,,>6T,Mecalac,MEC,Y,P,OHR,5,0,0,,,0,0,0,0
1814,GFI,Finland,Finland,Region Europe,GEW,GPE Excavators Wheeled,,>6T,Volvo,VCE,Y,P,OHR,45,0,0,,,0,0,0,0
1815,GFI,Finland,Finland,Region Europe,GEW,GPE Excavators Wheeled,,>6T,Wacker Neuson,WAN,Y,P,OHR,10,0,0,,,0,0,0,0
1816,GFI,Finland,Finland,Region Europe,WLO,Wheel Loaders,,<10,Atlas Weyhausen,ATW,Y,P,OHR,1,0,0,,,0,0,0,0
1817,GFI,Finland,Finland,Region Europe,WLO,Wheel Loaders,,<10,Bobcat,BOB,Y,P,OHR,1,0,0,,,0,0,0,0
1818,GFI,Finland,Finland,Region Europe,WLO,Wheel Loaders,,<10,Case,CAS,Y,P,OHR,6,0,0,,,0,0,0,0
1819,GFI,Finland,Finland,Region Europe,WLO,Wheel Loaders,,<10,Caterpillar Inc,,Y,P,OHR,50,0,0,,,0,0,0,0
1820,GFI,Finland,Finland,Region Europe,WLO,Wheel Loaders,,<10,Claas,,Y,P,OHR,2,0,0,,,0,0,0,0
1821,GFI,Finland,Finland,Region Europe,WLO,Wheel Loaders,,<10,Develon,DOO,Y,P,OHR,4,0,0,,,0,0,0,0
1822,GFI,Finland,Finland,Region Europe,WLO,Wheel Loaders,,<10,Dieci,DIE,,P,OHR,3,0,0,,,0,0,0,0
1823,GFI,Finland,Finland,Region Europe,WLO,Wheel Loaders,,<10,JCB,JCB,Y,P,OHR,38,0,0,,,0,0,0,0
1824,GFI,Finland,Finland,Region Europe,WLO,Wheel Loaders,,<10,Komatsu,KOM,Y,P,OHR,3,0,0,,,0,0,0,0
1825,GFI,Finland,Finland,Region Europe,WLO,Wheel Loaders,,<10,Kramer,KRA,Y,P,OHR,145,0,0,,,0,0,0,0
1826,GFI,Finland,Finland,Region Europe,WLO,Wheel Loaders,,<10,Lai-Mu,LAI,,P,OHR,10,0,0,,,0,0,0,0
1827,GFI,Finland,Finland,Region Europe,WLO,Wheel Loaders,,<10,Liebherr,LIE,Y,P,OHR,2,0,0,,,0,0,0,0
1828,GFI,Finland,Finland,Region Europe,WLO,Wheel Loaders,,<10,Lundberg Hymas,LUN,,P,OHR,12,0,0,,,0,0,0,0
1829,GFI,Finland,Finland,Region Europe,WLO,Wheel Loaders,,<10,Manitou,MTU,Y,P,OHR,5,0,0,,,0,0,0,0
1830,GFI,Finland,Finland,Region Europe,WLO,Wheel Loaders,,<10,Mecalac,MEC,Y,P,OHR,1,0,0,,,0,0,0,0
1831,GFI,Finland,Finland,Region Europe,WLO,Wheel Loaders,,<10,New Holland,NEW,Y,P,OHR,2,0,0,,,0,0,0,0
1832,GFI,Finland,Finland,Region Europe,WLO,Wheel Loaders,,<10,Tobroco Machines,TOB,,P,OHR,5,0,0,,,0,0,0,0
1833,GFI,Finland,Finland,Region Europe,WLO,Wheel Loaders,,<10,Vilakone,VIL,,P,OHR,56,0,0,,,0,0,0,0
1834,GFI,Finland,Finland,Region Europe,WLO,Wheel Loaders,,<10,Volvo,VCE,Y,P,OHR,23,0,0,,,0,0,0,0
1835,GFI,Finland,Finland,Region Europe,WLO,Wheel Loaders,,<10,Wacker Neuson,WAN,Y,P,OHR,10,0,0,,,0,0,0,0
1836,GFI,Finland,Finland,Region Europe,WLO,Wheel Loaders,,<10,Weidemann,WEI,,P,OHR,15,0,0,,,0,0,0,0
1837,GFI,Finland,Finland,Region Europe,WLO,Wheel Loaders,,<10,Yanmar,YAN,Y,P,OHR,3,0,0,,,0,0,0,0
1838,GFI,Finland,Finland,Region Europe,WLO,Wheel Loaders,,>10,Case,CAS,Y,P,OHR,3,0,0,,,0,0,0,0
1839,GFI,Finland,Finland,Region Europe,WLO,Wheel Loaders,,>10,Caterpillar Inc,,Y,P,OHR,25,0,0,,,0,0,0,0
1840,GFI,Finland,Finland,Region Europe,WLO,Wheel Loaders,,>10,Claas,,Y,P,OHR,2,0,0,,,0,0,0,0
1841,GFI,Finland,Finland,Region Europe,WLO,Wheel Loaders,,>10,Develon,DOO,Y,P,OHR,9,0,0,,,0,0,0,0
1842,GFI,Finland,Finland,Region Europe,WLO,Wheel Loaders,,>10,Hitachi,HIT,Y,P,OHR,3,0,0,,,0,0,0,0
1843,GFI,Finland,Finland,Region Europe,WLO,Wheel Loaders,,>10,Hyundai,HYU,Y,P,OHR,5,0,0,,,0,0,0,0
1844,GFI,Finland,Finland,Region Europe,WLO,Wheel Loaders,,>10,JCB,JCB,Y,P,OHR,46,0,0,,,0,0,0,0
1845,GFI,Finland,Finland,Region Europe,WLO,Wheel Loaders,,>10,Komatsu,KOM,Y,P,OHR,8,0,0,,,0,0,0,0
1846,GFI,Finland,Finland,Region Europe,WLO,Wheel Loaders,,>10,Kramer,KRA,Y,P,OHR,55,0,0,,,0,0,0,0
1847,GFI,Finland,Finland,Region Europe,WLO,Wheel Loaders,,>10,Liebherr,LIE,Y,P,OHR,10,0,0,,,0,0,0,0
1848,GFI,Finland,Finland,Region Europe,WLO,Wheel Loaders,,>10,Ljungby Maskin,LJU,,P,OHR,7,0,0,,,0,0,1,1
1849,GFI,Finland,Finland,Region Europe,WLO,Wheel Loaders,,>10,Lundberg Hymas,LUN,,P,OHR,7,0,0,,,0,0,1,1
1850,GFI,Finland,Finland,Region Europe,WLO,Wheel Loaders,,>10,New Holland,NEW,Y,P,OHR,1,0,0,,,0,0,0,0
1851,GFI,Finland,Finland,Region Europe,WLO,Wheel Loaders,,>10,Vilakone,VIL,,P,OHR,45,0,0,,,0,0,1,1
1852,GFI,Finland,Finland,Region Europe,WLO,Wheel Loaders,,>10,Volvo,VCE,Y,P,OHR,102,0,0,,,0,0,0,0
1853,GFI,Finland,Finland,Region Europe,WLO,Wheel Loaders,,>10,Wacker Neuson,WAN,Y,P,OHR,10,0,0,,,0,0,0,0
1854,GFR,France,France,Region Europe,330,Articulated Haulers,,,Bell,BEL,,P,OHR,9,0,0,,,0,0,1,1
1855,GFR,France,France,Region Europe,330,Articulated Haulers,,#,Caterpillar Inc,,Y,P,OHR,38,0,0,,,0,0,0,0
1856,GFR,France,France,Region Europe,330,Articulated Haulers,,#,Komatsu,KOM,Y,P,OHR,11,0,0,,,0,0,0,0
1857,GFR,France,France,Region Europe,330,Articulated Haulers,,#,Liebherr,LIE,Y,P,OHR,14,0,0,,,0,0,0,0
1858,GFR,France,France,Region Europe,330,Articulated Haulers,,,OTN,OTN,,P,OHR,1,0,0,,,0,0,1,1
1859,GFR,France,France,Region Europe,330,Articulated Haulers,,#,Rokbak,,Y,P,OHR,1,0,0,,,0,0,0,0
1860,GFR,France,France,Region Europe,330,Articulated Haulers,,#,Volvo,VCE,Y,P,OHR,106,0,0,,,0,0,0,0
1861,GFR,France,France,Region Europe,340,Rigid Haulers,,#,Caterpillar Inc,,Y,P,OHR,10,0,0,,,0,0,0,0
1862,GFR,France,France,Region Europe,340,Rigid Haulers,,#,Komatsu,KOM,Y,P,OHR,14,0,0,,,0,0,0,0
1863,GFR,France,France,Region Europe,380,Motor Graders,,,HBM,HBM,,P,OHR,2,0,0,,,0,0,1,1
1864,GFR,France,France,Region Europe,380,Motor Graders,,#,Case,CAS,Y,P,OHR,13,0,0,,,0,0,0,0
1865,GFR,France,France,Region Europe,380,Motor Graders,,#,Caterpillar Inc,,Y,P,OHR,31,0,0,,,0,0,0,0
1866,GFR,France,France,Region Europe,410,Backhoe Loaders,,,Case,CAS,,P,OHR,89,0,0,,,0,0,1,1
1867,GFR,France,France,Region Europe,410,Backhoe Loaders,,,Caterpillar Inc,CAT,,P,OHR,30,0,0,,,0,0,1,1
1868,GFR,France,France,Region Europe,410,Backhoe Loaders,,,Hidromek,HID,,P,OHR,9,0,0,,,0,0,1,1
1869,GFR,France,France,Region Europe,410,Backhoe Loaders,,,JCB,JCB,,P,OHR,75,0,0,,,0,0,1,1
1870,GFR,France,France,Region Europe,410,Backhoe Loaders,,,Komatsu,KOM,,P,OHR,13,0,0,,,0,0,1,1
1871,GFR,France,France,Region Europe,410,Backhoe Loaders,,,Mecalac,MEC,,P,OHR,1,0,0,,,0,0,1,1
1872,GFR,France,France,Region Europe,410,Backhoe Loaders,,,New Holland,NEW,,P,OHR,4,0,0,,,0,0,1,1
1873,GFR,France,France,Region Europe,CEX,Compact Excavators,,<6T,Bobcat,BOB,Y,P,OHR,893,0,0,,,0,0,0,0
1874,GFR,France,France,Region Europe,CEX,Compact Excavators,,<6T,Case,CAS,Y,P,OHR,150,0,0,,,0,0,0,0
1875,GFR,France,France,Region Europe,CEX,Compact Excavators,,<6T,Caterpillar Inc,,Y,P,OHR,535,0,0,,,0,0,0,0
1876,GFR,France,France,Region Europe,CEX,Compact Excavators,,<6T,Develon,DOO,Y,P,OHR,201,0,0,,,0,0,0,0
1877,GFR,France,France,Region Europe,CEX,Compact Excavators,,<6T,Eurocomach,EUR,Y,P,OHR,143,0,0,,,0,0,0,0
1878,GFR,France,France,Region Europe,CEX,Compact Excavators,,<6T,Hitachi,HIT,Y,P,OHR,185,0,0,,,0,0,0,0
1879,GFR,France,France,Region Europe,CEX,Compact Excavators,,<6T,Hyundai,HYU,Y,P,OHR,213,0,0,,,0,0,0,0
1880,GFR,France,France,Region Europe,CEX,Compact Excavators,,<6T,JCB,JCB,Y,P,OHR,214,0,0,,,0,0,0,0
1881,GFR,France,France,Region Europe,CEX,Compact Excavators,,<6T,Kato Imer,KAT,Y,P,OHR,210,0,0,,,0,0,0,0
1882,GFR,France,France,Region Europe,CEX,Compact Excavators,,<6T,Kobelco,KOB,Y,P,OHR,640,0,0,,,0,0,0,0
1883,GFR,France,France,Region Europe,CEX,Compact Excavators,,<6T,Komatsu,KOM,Y,P,OHR,349,0,0,,,0,0,0,0
1884,GFR,France,France,Region Europe,CEX,Compact Excavators,,<6T,Kubota,KUB,Y,P,OHR,2262,0,0,,,0,0,0,0
1885,GFR,France,France,Region Europe,CEX,Compact Excavators,,<6T,Liugong,LIU,Y,P,OHR,92,0,0,,,0,0,0,0
1886,GFR,France,France,Region Europe,CEX,Compact Excavators,,<6T,Lonking,LON,,P,OHR,1,0,0,,,1,1,1,1
1887,GFR,France,France,Region Europe,CEX,Compact Excavators,,<6T,New Holland,NEW,Y,P,OHR,20,0,0,,,0,0,0,0
1888,GFR,France,France,Region Europe,CEX,Compact Excavators,,<6T,Rhino,RHI,,P,OHR,305,0,0,,,1,1,1,1
1889,GFR,France,France,Region Europe,CEX,Compact Excavators,,<6T,Sany,SNY,Y,P,OHR,250,0,0,,,0,0,0,0
1890,GFR,France,France,Region Europe,CEX,Compact Excavators,,<6T,Shantui,SBM,Y,P,OHR,1,0,0,,,0,0,0,0
1891,GFR,France,France,Region Europe,CEX,Compact Excavators,,<6T,Sunward,SUN,Y,P,OHR,374,0,0,,,0,0,0,0
1892,GFR,France,France,Region Europe,CEX,Compact Excavators,,<6T,Takeuchi,TAK,Y,P,OHR,721,0,0,,,0,0,0,0
1893,GFR,France,France,Region Europe,CEX,Compact Excavators,,<6T,Volvo,VCE,Y,P,OHR,490,0,0,,,0,0,0,0
1894,GFR,France,France,Region Europe,CEX,Compact Excavators,,<6T,Wacker Neuson,WAN,Y,P,OHR,1000,0,0,,,0,0,0,0
1895,GFR,France,France,Region Europe,CEX,Compact Excavators,,<6T,XCMG,XCM,Y,P,OHR,108,0,0,,,0,0,0,0
1896,GFR,France,France,Region Europe,CEX,Compact Excavators,,<6T,Yanmar,YAN,Y,P,OHR,1350,0,0,,,0,0,0,0
1897,GFR,France,France,Region Europe,CEX,Compact Excavators,,<6T,Zoomlion,ZOO,Y,P,OHR,1,0,0,,,0,0,0,0
1898,GFR,France,France,Region Europe,GEC,GPE Excavators Crawled,,>6T,Bobcat,BOB,Y,P,OHR,6,0,0,,,0,0,0,0
1899,GFR,France,France,Region Europe,GEC,GPE Excavators Crawled,,>6T,Case,CAS,Y,P,OHR,150,0,0,,,0,0,0,0
1900,GFR,France,France,Region Europe,GEC,GPE Excavators Crawled,,>6T,Caterpillar Inc,,Y,P,OHR,491,0,0,,,0,0,0,0
1901,GFR,France,France,Region Europe,GEC,GPE Excavators Crawled,,>6T,Develon,DOO,Y,P,OHR,167,0,0,,,0,0,0,0
1902,GFR,France,France,Region Europe,GEC,GPE Excavators Crawled,,>6T,Eurocomach,EUR,Y,P,OHR,20,0,0,,,0,0,0,0
1903,GFR,France,France,Region Europe,GEC,GPE Excavators Crawled,,>6T,Hidromek,HID,Y,P,OHR,1,0,0,,,0,0,0,0
1904,GFR,France,France,Region Europe,GEC,GPE Excavators Crawled,,>6T,Hitachi,HIT,Y,P,OHR,155,0,0,,,0,0,0,0
1905,GFR,France,France,Region Europe,GEC,GPE Excavators Crawled,,>6T,Hyundai,HYU,Y,P,OHR,84,0,0,,,0,0,0,0
1906,GFR,France,France,Region Europe,GEC,GPE Excavators Crawled,,>6T,JCB,JCB,Y,P,OHR,50,0,0,,,0,0,0,0
1907,GFR,France,France,Region Europe,GEC,GPE Excavators Crawled,,>6T,Kobelco,KOB,Y,P,OHR,479,0,0,,,0,0,0,0
1908,GFR,France,France,Region Europe,GEC,GPE Excavators Crawled,,>6T,Komatsu,KOM,Y,P,OHR,145,0,0,,,0,0,0,0
1909,GFR,France,France,Region Europe,GEC,GPE Excavators Crawled,,>6T,Kubota,KUB,Y,P,OHR,224,0,0,,,0,0,0,0
1910,GFR,France,France,Region Europe,GEC,GPE Excavators Crawled,,>6T,Liebherr,LIE,Y,P,OHR,237,0,0,,,0,0,0,0
1911,GFR,France,France,Region Europe,GEC,GPE Excavators Crawled,,>6T,Liugong,LIU,Y,P,OHR,39,0,0,,,0,0,0,0
1912,GFR,France,France,Region Europe,GEC,GPE Excavators Crawled,,>6T,Mecalac,MEC,Y,P,OHR,95,0,0,,,0,0,0,0
1913,GFR,France,France,Region Europe,GEC,GPE Excavators Crawled,,>6T,Sany,SNY,Y,P,OHR,144,0,0,,,0,0,0,0
1914,GFR,France,France,Region Europe,GEC,GPE Excavators Crawled,,>6T,Sunward,SUN,Y,P,OHR,65,0,0,,,0,0,0,0
1915,GFR,France,France,Region Europe,GEC,GPE Excavators Crawled,,>6T,Takeuchi,TAK,Y,P,OHR,87,0,0,,,0,0,0,0
1916,GFR,France,France,Region Europe,GEC,GPE Excavators Crawled,,>6T,Volvo,VCE,Y,P,OHR,368,0,0,,,0,0,0,0
1917,GFR,France,France,Region Europe,GEC,GPE Excavators Crawled,,>6T,Wacker Neuson,WAN,Y,P,OHR,200,0,0,,,0,0,0,0
1918,GFR,France,France,Region Europe,GEC,GPE Excavators Crawled,,>6T,XCMG,XCM,Y,P,OHR,10,0,0,,,0,0,0,0
1919,GFR,France,France,Region Europe,GEC,GPE Excavators Crawled,,>6T,Yanmar,YAN,Y,P,OHR,130,0,0,,,0,0,0,0
1920,GFR,France,France,Region Europe,GEW,Wheeled Excavators,,>6T,Atlas,ATL,,P,OHR,33,0,0,,,0,0,1,1
1921,GFR,France,France,Region Europe,GEW,GPE Excavators Wheeled,,>6T,Bobcat,BOB,Y,P,OHR,0,0,0,,,0,0,0,0
1922,GFR,France,France,Region Europe,GEW,GPE Excavators Wheeled,,>6T,Case,CAS,Y,P,OHR,8,0,0,,,0,0,0,0
1923,GFR,France,France,Region Europe,GEW,GPE Excavators Wheeled,,>6T,Caterpillar Inc,,Y,P,OHR,180,0,0,,,0,0,0,0
1924,GFR,France,France,Region Europe,GEW,GPE Excavators Wheeled,,>6T,Develon,DOO,Y,P,OHR,97,0,0,,,0,0,0,0
1925,GFR,France,France,Region Europe,GEW,GPE Excavators Wheeled,,>6T,Hidromek,HID,Y,P,OHR,5,0,0,,,0,0,0,0
1926,GFR,France,France,Region Europe,GEW,GPE Excavators Wheeled,,>6T,Hitachi,HIT,Y,P,OHR,66,0,0,,,0,0,0,0
1927,GFR,France,France,Region Europe,GEW,GPE Excavators Wheeled,,>6T,Hyundai,HYU,Y,P,OHR,81,0,0,,,0,0,0,0
1928,GFR,France,France,Region Europe,GEW,GPE Excavators Wheeled,,>6T,JCB,JCB,Y,P,OHR,17,0,0,,,0,0,0,0
1929,GFR,France,France,Region Europe,GEW,GPE Excavators Wheeled,,>6T,Komatsu,KOM,Y,P,OHR,75,0,0,,,0,0,0,0
1930,GFR,France,France,Region Europe,GEW,GPE Excavators Wheeled,,>6T,Liebherr,LIE,Y,P,OHR,505,0,0,,,0,0,0,0
1931,GFR,France,France,Region Europe,GEW,GPE Excavators Wheeled,,>6T,Mecalac,MEC,Y,P,OHR,300,0,0,,,0,0,0,0
1932,GFR,France,France,Region Europe,GEW,GPE Excavators Wheeled,,>6T,Sany,SNY,Y,P,OHR,11,0,0,,,0,0,0,0
1933,GFR,France,France,Region Europe,GEW,Wheeled Excavators,,>6T,Takeuchi,TAK,,P,OHR,62,0,0,,,0,0,1,1
1934,GFR,France,France,Region Europe,GEW,GPE Excavators Wheeled,,>6T,Volvo,VCE,Y,P,OHR,269,0,0,,,0,0,0,0
1935,GFR,France,France,Region Europe,GEW,GPE Excavators Wheeled,,>6T,Wacker Neuson,WAN,Y,P,OHR,170,0,0,,,0,0,0,0
1936,GFR,France,France,Region Europe,GEW,GPE Excavators Wheeled,,>6T,XCMG,XCM,Y,P,OHR,1,0,0,,,0,0,0,0
1937,GFR,France,France,Region Europe,GEW,GPE Excavators Wheeled,,>6T,Yanmar,YAN,Y,P,OHR,25,0,0,,,0,0,0,0
1938,GFR,France,France,Region Europe,WLO,Wheel Loaders,,<10,Atlas Weyhausen,ATW,Y,P,OHR,35,0,0,,,0,0,0,0
1939,GFR,France,France,Region Europe,WLO,Wheel Loaders,,<10,Bobcat,BOB,Y,P,OHR,39,0,0,,,0,0,0,0
1940,GFR,France,France,Region Europe,WLO,Wheel Loaders,,<10,Case,CAS,Y,P,OHR,40,0,0,,,0,0,0,0
1941,GFR,France,France,Region Europe,WLO,Wheel Loaders,,<10,Caterpillar Inc,,Y,P,OHR,105,0,0,,,0,0,0,0
1942,GFR,France,France,Region Europe,WLO,Wheel Loaders,,<10,Claas,,Y,P,OHR,5,0,0,,,0,0,0,0
1943,GFR,France,France,Region Europe,WLO,Wheel Loaders,,<10,Develon,DOO,Y,P,OHR,1,0,0,,,0,0,0,0
1944,GFR,France,France,Region Europe,WLO,Wheel Loaders,,<10,Gehl,GEH,Y,P,OHR,15,0,0,,,0,0,0,0
1945,GFR,France,France,Region Europe,WLO,Wheel Loaders,,<10,Hitachi,HIT,Y,P,OHR,18,0,0,,,0,0,0,0
1946,GFR,France,France,Region Europe,WLO,Wheel Loaders,,<10,JCB,JCB,Y,P,OHR,98,0,0,,,0,0,0,0
1947,GFR,France,France,Region Europe,WLO,Wheel Loaders,,<10,Komatsu,KOM,Y,P,OHR,22,0,0,,,0,0,0,0
1948,GFR,France,France,Region Europe,WLO,Wheel Loaders,,<10,Kramer,KRA,Y,P,OHR,60,0,0,,,0,0,0,0
1949,GFR,France,France,Region Europe,WLO,Wheel Loaders,,<10,Kubota,KUB,Y,P,OHR,96,0,0,,,0,0,0,0
1950,GFR,France,France,Region Europe,WLO,Wheel Loaders,,<10,Liebherr,LIE,Y,P,OHR,157,0,0,,,0,0,0,0
1951,GFR,France,France,Region Europe,WLO,Wheel Loaders,,<10,Manitou,MTU,Y,P,OHR,70,0,0,,,0,0,0,0
1952,GFR,France,France,Region Europe,WLO,Wheel Loaders,,<10,Mecalac,MEC,Y,P,OHR,30,0,0,,,0,0,0,0
1953,GFR,France,France,Region Europe,WLO,Wheel Loaders,,<10,New Holland,NEW,Y,P,OHR,1,0,0,,,0,0,0,0
1954,GFR,France,France,Region Europe,WLO,Wheel Loaders,,<10,OTN,OTN,,P,OHR,245,0,0,,,0,0,0,0
1955,GFR,France,France,Region Europe,WLO,Wheel Loaders,,<10,Sany,SNY,Y,P,OHR,1,0,0,,,0,0,0,0
1956,GFR,France,France,Region Europe,WLO,Wheel Loaders,,<10,Volvo,VCE,Y,P,OHR,172,0,0,,,0,0,0,0
1957,GFR,France,France,Region Europe,WLO,Wheel Loaders,,<10,Wacker Neuson,WAN,Y,P,OHR,125,0,0,,,0,0,0,0
1958,GFR,France,France,Region Europe,WLO,Wheel Loaders,,<10,Yanmar,YAN,Y,P,OHR,240,0,0,,,0,0,0,0
1959,GFR,France,France,Region Europe,WLO,Wheel Loaders,,>10,Case,CAS,Y,P,OHR,55,0,0,,,0,0,0,0
1960,GFR,France,France,Region Europe,WLO,Wheel Loaders,,>10,Caterpillar Inc,,Y,P,OHR,200,0,0,,,0,0,0,0
1961,GFR,France,France,Region Europe,WLO,Wheel Loaders,,>10,Claas,,Y,P,OHR,3,0,0,,,0,0,0,0
1962,GFR,France,France,Region Europe,WLO,Wheel Loaders,,>10,Develon,DOO,Y,P,OHR,53,0,0,,,0,0,0,0
1963,GFR,France,France,Region Europe,WLO,Wheel Loaders,,>10,Hitachi,HIT,Y,P,OHR,24,0,0,,,0,0,0,0
1964,GFR,France,France,Region Europe,WLO,Wheel Loaders,,>10,Hyundai,HYU,Y,P,OHR,32,0,0,,,0,0,0,0
1965,GFR,France,France,Region Europe,WLO,Wheel Loaders,,>10,JCB,JCB,Y,P,OHR,28,0,0,,,0,0,0,0
1966,GFR,France,France,Region Europe,WLO,Wheel Loaders,,>10,Komatsu,KOM,Y,P,OHR,50,0,0,,,0,0,0,0
1967,GFR,France,France,Region Europe,WLO,Wheel Loaders,,>10,Kramer,KRA,Y,P,OHR,7,0,0,,,0,0,0,0
1968,GFR,France,France,Region Europe,WLO,Wheel Loaders,,>10,Liebherr,LIE,Y,P,OHR,256,0,0,,,0,0,0,0
1969,GFR,France,France,Region Europe,WLO,Wheel Loaders,,>10,Liugong,LIU,Y,P,OHR,21,0,0,,,0,0,0,0
1970,GFR,France,France,Region Europe,WLO,Wheel Loaders,,>10,New Holland,NEW,Y,P,OHR,7,0,0,,,0,0,0,0
1971,GFR,France,France,Region Europe,WLO,Wheel Loaders,,>10,Sany,SNY,Y,P,OHR,7,0,0,,,0,0,0,0
1972,GFR,France,France,Region Europe,WLO,Wheel Loaders,,>10,Volvo,VCE,Y,P,OHR,246,0,0,,,0,0,0,0
1973,GFR,France,France,Region Europe,WLO,Wheel Loaders,,>10,Wacker Neuson,WAN,Y,P,OHR,5,0,0,,,0,0,0,0
1974,GGR,Greece,Greece,Region Europe,330,Articulated Haulers,,#,Caterpillar Inc,,Y,P,OHR,0,0,0,,,0,0,0,0
1975,GGR,Greece,Greece,Region Europe,330,Articulated Haulers,,,Caterpillar Inc,CAT,,P,OHR,19,0,0,,,0,0,0,0
1976,GGR,Greece,Greece,Region Europe,330,Articulated Haulers,,#,Volvo,VCE,Y,P,OHR,0,0,0,,,0,0,0,0
1977,GGR,Greece,Greece,Region Europe,330,Articulated Haulers,,,Volvo,VCE,,P,OHR,1,0,0,,,0,0,0,0
1978,GGR,Greece,Greece,Region Europe,340,Rigid Haulers,,#,Caterpillar Inc,,Y,P,OHR,0,0,0,,,0,0,0,0
1979,GGR,Greece,Greece,Region Europe,340,Rigid Haulers,,,Caterpillar Inc,CAT,,P,OHR,4,0,0,,,0,0,0,0
1980,GGR,Greece,Greece,Region Europe,340,Rigid Haulers,,#,Komatsu,KOM,Y,P,OHR,0,0,0,,,0,0,0,0
1981,GGR,Greece,Greece,Region Europe,340,Rigid Haulers,,,Komatsu,KOM,,P,OHR,2,0,0,,,0,0,0,0
1982,GGR,Greece,Greece,Region Europe,380,Motor Graders,,#,Case,CAS,Y,P,OHR,0,0,0,,,0,0,0,0
1983,GGR,Greece,Greece,Region Europe,380,Motor Graders,,,Case,CAS,,P,OHR,2,0,0,,,0,0,0,0
1984,GGR,Greece,Greece,Region Europe,380,Motor Graders,,#,Caterpillar Inc,,Y,P,OHR,0,0,0,,,0,0,0,0
1985,GGR,Greece,Greece,Region Europe,380,Motor Graders,,,Caterpillar Inc,CAT,,P,OHR,7,0,0,,,0,0,0,0
1986,GGR,Greece,Greece,Region Europe,380,Motor Graders,,#,Komatsu,KOM,Y,P,OHR,0,0,0,,,0,0,0,0
1987,GGR,Greece,Greece,Region Europe,380,Motor Graders,,,Komatsu,KOM,,P,OHR,2,0,0,,,0,0,0,0
1988,GGR,Greece,Greece,Region Europe,410,Backhoe Loaders,,,Case,CAS,,P,OHR,16,0,0,,,0,0,1,1
1989,GGR,Greece,Greece,Region Europe,410,Backhoe Loaders,,,Caterpillar Inc,CAT,,P,OHR,24,0,0,,,0,0,1,1
1990,GGR,Greece,Greece,Region Europe,410,Backhoe Loaders,,,JCB,JCB,,P,OHR,47,0,0,,,0,0,1,1
1991,GGR,Greece,Greece,Region Europe,410,Backhoe Loaders,,,New Holland,NEW,,P,OHR,2,0,0,,,0,0,1,1
1992,GGR,Greece,Greece,Region Europe,CEX,Compact Excavators,,<6T,Bobcat,BOB,Y,P,OHR,0,0,0,,,0,0,0,0
1993,GGR,Greece,Greece,Region Europe,CEX,Compact Excavators,,<6T,Bobcat,BOB,,P,OHR,13,0,0,,,0,0,0,0
1994,GGR,Greece,Greece,Region Europe,CEX,Compact Excavators,,<6T,Caterpillar Inc,,Y,P,OHR,0,0,0,,,0,0,0,0
1995,GGR,Greece,Greece,Region Europe,CEX,Compact Excavators,,<6T,Caterpillar Inc,CAT,,P,OHR,32,0,0,,,0,0,0,0
1996,GGR,Greece,Greece,Region Europe,CEX,Compact Excavators,,<6T,Develon,DOO,Y,P,OHR,0,0,0,,,0,0,0,0
1997,GGR,Greece,Greece,Region Europe,CEX,Compact Excavators,,<6T,Develon,DOO,,P,OHR,5,0,0,,,0,0,0,0
1998,GGR,Greece,Greece,Region Europe,CEX,Compact Excavators,,<6T,Hitachi,HIT,Y,P,OHR,0,0,0,,,0,0,0,0
1999,GGR,Greece,Greece,Region Europe,CEX,Compact Excavators,,<6T,Hitachi,HIT,,P,OHR,2,0,0,,,0,0,0,0
2000,GGR,Greece,Greece,Region Europe,CEX,Compact Excavators,,<6T,JCB,JCB,Y,P,OHR,0,0,0,,,0,0,0,0
2001,GGR,Greece,Greece,Region Europe,CEX,Compact Excavators,,<6T,JCB,JCB,,P,OHR,17,0,0,,,0,0,0,0
2002,GGR,Greece,Greece,Region Europe,CEX,Compact Excavators,,<6T,Kobelco,KOB,Y,P,OHR,0,0,0,,,0,0,0,0
2003,GGR,Greece,Greece,Region Europe,CEX,Compact Excavators,,<6T,Kobelco,KOB,,P,OHR,3,0,0,,,0,0,0,0
2004,GGR,Greece,Greece,Region Europe,CEX,Compact Excavators,,<6T,Komatsu,KOM,Y,P,OHR,0,0,0,,,0,0,0,0
2005,GGR,Greece,Greece,Region Europe,CEX,Compact Excavators,,<6T,Komatsu,KOM,,P,OHR,9,0,0,,,0,0,0,0
2006,GGR,Greece,Greece,Region Europe,CEX,Compact Excavators,,<6T,Kubota,KUB,Y,P,OHR,0,0,0,,,0,0,0,0
2007,GGR,Greece,Greece,Region Europe,CEX,Compact Excavators,,<6T,Kubota,KUB,,P,OHR,2,0,0,,,0,0,0,0
2008,GGR,Greece,Greece,Region Europe,CEX,Compact Excavators,,<6T,Liugong,LIU,Y,P,OHR,0,0,0,,,0,0,0,0
2009,GGR,Greece,Greece,Region Europe,CEX,Compact Excavators,,<6T,Liugong,LIU,,P,OHR,9,0,0,,,0,0,0,0
2010,GGR,Greece,Greece,Region Europe,CEX,Compact Excavators,,<6T,Sany,SNY,Y,P,OHR,0,0,0,,,0,0,0,0
2011,GGR,Greece,Greece,Region Europe,CEX,Compact Excavators,,<6T,Sany,SNY,,P,OHR,28,0,0,,,0,0,0,0
2012,GGR,Greece,Greece,Region Europe,CEX,Compact Excavators,,<6T,Sunward,SUN,Y,P,OHR,0,0,0,,,0,0,0,0
2013,GGR,Greece,Greece,Region Europe,CEX,Compact Excavators,,<6T,Sunward,SUN,,P,OHR,12,0,0,,,0,0,0,0
2014,GGR,Greece,Greece,Region Europe,CEX,Compact Excavators,,<6T,Takeuchi,TAK,,P,OHR,65,0,0,,,1,1,1,1
2015,GGR,Greece,Greece,Region Europe,CEX,Compact Excavators,,<6T,XCMG,XCM,,P,OHR,9,0,0,,,1,1,1,1
2016,GGR,Greece,Greece,Region Europe,CEX,Compact Excavators,,<6T,Yanmar,YAN,Y,P,OHR,0,0,0,,,0,0,0,0
2017,GGR,Greece,Greece,Region Europe,CEX,Compact Excavators,,<6T,Yanmar,YAN,,P,OHR,15,0,0,,,0,0,0,0
2018,GGR,Greece,Greece,Region Europe,GEC,GPE Excavators Crawled,,>6T,Case,CAS,Y,P,OHR,0,0,0,,,0,0,0,0
2019,GGR,Greece,Greece,Region Europe,GEC,Crawler Excavators,,>6T,Case,CAS,,P,OHR,3,0,0,,,0,0,0,0
2020,GGR,Greece,Greece,Region Europe,GEC,GPE Excavators Crawled,,>6T,Caterpillar Inc,,Y,P,OHR,0,0,0,,,0,0,0,0
2021,GGR,Greece,Greece,Region Europe,GEC,Crawler Excavators,,>6T,Caterpillar Inc,CAT,,P,OHR,29,0,0,,,0,0,0,0
2022,GGR,Greece,Greece,Region Europe,GEC,GPE Excavators Crawled,,>6T,Develon,DOO,Y,P,OHR,0,0,0,,,0,0,0,0
2023,GGR,Greece,Greece,Region Europe,GEC,Crawler Excavators,,>6T,Develon,DOO,,P,OHR,8,0,0,,,0,0,0,0
2024,GGR,Greece,Greece,Region Europe,GEC,GPE Excavators Crawled,,>6T,Hitachi,HIT,Y,P,OHR,0,0,0,,,0,0,0,0
2025,GGR,Greece,Greece,Region Europe,GEC,Crawler Excavators,,>6T,Hitachi,HIT,,P,OHR,3,0,0,,,0,0,0,0
2026,GGR,Greece,Greece,Region Europe,GEC,GPE Excavators Crawled,,>6T,JCB,JCB,Y,P,OHR,0,0,0,,,0,0,0,0
2027,GGR,Greece,Greece,Region Europe,GEC,Crawler Excavators,,>6T,JCB,JCB,,P,OHR,2,0,0,,,0,0,0,0
2028,GGR,Greece,Greece,Region Europe,GEC,GPE Excavators Crawled,,>6T,Komatsu,KOM,Y,P,OHR,0,0,0,,,0,0,0,0
2029,GGR,Greece,Greece,Region Europe,GEC,Crawler Excavators,,>6T,Komatsu,KOM,,P,OHR,5,0,0,,,0,0,0,0
2030,GGR,Greece,Greece,Region Europe,GEC,GPE Excavators Crawled,,>6T,Liebherr,LIE,Y,P,OHR,0,0,0,,,0,0,0,0
2031,GGR,Greece,Greece,Region Europe,GEC,Crawler Excavators,,>6T,Liebherr,LIE,,P,OHR,2,0,0,,,0,0,0,0
2032,GGR,Greece,Greece,Region Europe,GEC,GPE Excavators Crawled,,>6T,Liugong,LIU,Y,P,OHR,0,0,0,,,0,0,0,0
2033,GGR,Greece,Greece,Region Europe,GEC,Crawler Excavators,,>6T,Liugong,LIU,,P,OHR,1,0,0,,,0,0,0,0
2034,GGR,Greece,Greece,Region Europe,GEC,GPE Excavators Crawled,,>6T,Sany,SNY,Y,P,OHR,0,0,0,,,0,0,0,0
2035,GGR,Greece,Greece,Region Europe,GEC,Crawler Excavators,,>6T,Sany,SNY,,P,OHR,16,0,0,,,0,0,0,0
2036,GGR,Greece,Greece,Region Europe,GEC,GPE Excavators Crawled,,>6T,Sunward,SUN,Y,P,OHR,0,0,0,,,0,0,0,0
2037,GGR,Greece,Greece,Region Europe,GEC,Crawler Excavators,,>6T,Sunward,SUN,,P,OHR,13,0,0,,,0,0,0,0
2038,GGR,Greece,Greece,Region Europe,GEC,Crawler Excavators,,>6T,Takeuchi,TAK,,P,OHR,7,0,0,,,0,0,1,1
2039,GGR,Greece,Greece,Region Europe,GEC,GPE Excavators Crawled,,>6T,Volvo,VCE,Y,P,OHR,0,0,0,,,0,0,0,0
2040,GGR,Greece,Greece,Region Europe,GEC,Crawler Excavators,,>6T,Volvo,VCE,,P,OHR,5,0,0,,,0,0,0,0
2041,GGR,Greece,Greece,Region Europe,GEW,GPE Excavators Wheeled,,>6T,Case,CAS,Y,P,OHR,0,0,0,,,0,0,0,0
2042,GGR,Greece,Greece,Region Europe,GEW,Wheeled Excavators,,>6T,Case,CAS,,P,OHR,3,0,0,,,0,0,0,0
2043,GGR,Greece,Greece,Region Europe,GEW,GPE Excavators Wheeled,,>6T,Caterpillar Inc,,Y,P,OHR,0,0,0,,,0,0,0,0
2044,GGR,Greece,Greece,Region Europe,GEW,Wheeled Excavators,,>6T,Caterpillar Inc,CAT,,P,OHR,2,0,0,,,0,0,0,0
2045,GGR,Greece,Greece,Region Europe,GEW,GPE Excavators Wheeled,,>6T,Develon,DOO,Y,P,OHR,0,0,0,,,0,0,0,0
2046,GGR,Greece,Greece,Region Europe,GEW,Wheeled Excavators,,>6T,Develon,DOO,,P,OHR,2,0,0,,,0,0,0,0
2047,GGR,Greece,Greece,Region Europe,GEW,GPE Excavators Wheeled,,>6T,Liebherr,LIE,Y,P,OHR,0,0,0,,,0,0,0,0
2048,GGR,Greece,Greece,Region Europe,GEW,Wheeled Excavators,,>6T,Liebherr,LIE,,P,OHR,3,0,0,,,0,0,0,0
2049,GGR,Greece,Greece,Region Europe,GEW,GPE Excavators Wheeled,,>6T,Volvo,VCE,Y,P,OHR,0,0,0,,,0,0,0,0
2050,GGR,Greece,Greece,Region Europe,GEW,Wheeled Excavators,,>6T,Volvo,VCE,,P,OHR,1,0,0,,,0,0,0,0
2051,GGR,Greece,Greece,Region Europe,GEW,GPE Excavators Wheeled,,>6T,Yanmar,YAN,Y,P,OHR,0,0,0,,,0,0,0,0
2052,GGR,Greece,Greece,Region Europe,GEW,Wheeled Excavators,,>6T,Yanmar,YAN,,P,OHR,1,0,0,,,0,0,0,0
2053,GGR,Greece,Greece,Region Europe,WLO,Wheel Loaders,,<10,Caterpillar Inc,,Y,P,OHR,0,0,0,,,0,0,0,0
2054,GGR,Greece,Greece,Region Europe,WLO,Wheel Loaders,,<10,Caterpillar Inc,CAT,,P,OHR,4,0,0,,,0,0,0,0
2055,GGR,Greece,Greece,Region Europe,WLO,Wheel Loaders,,<10,Komatsu,KOM,Y,P,OHR,0,0,0,,,0,0,0,0
2056,GGR,Greece,Greece,Region Europe,WLO,Wheel Loaders,,<10,Komatsu,KOM,,P,OHR,2,0,0,,,0,0,0,0
2057,GGR,Greece,Greece,Region Europe,WLO,Wheel Loaders,,<10,Liebherr,LIE,Y,P,OHR,0,0,0,,,0,0,0,0
2058,GGR,Greece,Greece,Region Europe,WLO,Wheel Loaders,,<10,Liebherr,LIE,,P,OHR,2,0,0,,,0,0,0,0
2059,GGR,Greece,Greece,Region Europe,WLO,Wheel Loaders,,<10,New Holland,NEW,Y,P,OHR,0,0,0,,,0,0,0,0
2060,GGR,Greece,Greece,Region Europe,WLO,Wheel Loaders,,<10,New Holland,NEW,,P,OHR,1,0,0,,,0,0,0,0
2061,GGR,Greece,Greece,Region Europe,WLO,Wheel Loaders,,<10,Volvo,VCE,Y,P,OHR,0,0,0,,,0,0,0,0
2062,GGR,Greece,Greece,Region Europe,WLO,Wheel Loaders,,<10,Volvo,VCE,,P,OHR,2,0,0,,,0,0,0,0
2063,GGR,Greece,Greece,Region Europe,WLO,Wheel Loaders,,<10,Yanmar,YAN,Y,P,OHR,0,0,0,,,0,0,0,0
2064,GGR,Greece,Greece,Region Europe,WLO,Wheel Loaders,,<10,Yanmar,YAN,,P,OHR,1,0,0,,,0,0,0,0
2065,GGR,Greece,Greece,Region Europe,WLO,Wheel Loaders,,>10,Caterpillar Inc,,Y,P,OHR,0,0,0,,,0,0,0,0
2066,GGR,Greece,Greece,Region Europe,WLO,Wheel Loaders,,>10,Caterpillar Inc,CAT,,P,OHR,5,0,0,,,0,0,0,0
2067,GGR,Greece,Greece,Region Europe,WLO,Wheel Loaders,,>10,Develon,DOO,Y,P,OHR,0,0,0,,,0,0,0,0
2068,GGR,Greece,Greece,Region Europe,WLO,Wheel Loaders,,>10,Develon,DOO,,P,OHR,2,0,0,,,0,0,0,0
2069,GGR,Greece,Greece,Region Europe,WLO,Wheel Loaders,,>10,JCB,JCB,Y,P,OHR,0,0,0,,,0,0,0,0
2070,GGR,Greece,Greece,Region Europe,WLO,Wheel Loaders,,>10,JCB,JCB,,P,OHR,1,0,0,,,0,0,0,0
2071,GGR,Greece,Greece,Region Europe,WLO,Wheel Loaders,,>10,Komatsu,KOM,Y,P,OHR,0,0,0,,,0,0,0,0
2072,GGR,Greece,Greece,Region Europe,WLO,Wheel Loaders,,>10,Komatsu,KOM,,P,OHR,5,0,0,,,0,0,0,0
2073,GGR,Greece,Greece,Region Europe,WLO,Wheel Loaders,,>10,Liebherr,LIE,Y,P,OHR,0,0,0,,,0,0,0,0
2074,GGR,Greece,Greece,Region Europe,WLO,Wheel Loaders,,>10,Liebherr,LIE,,P,OHR,2,0,0,,,0,0,0,0
2075,GGR,Greece,Greece,Region Europe,WLO,Wheel Loaders,,>10,Liugong,LIU,Y,P,OHR,0,0,0,,,0,0,0,0
2076,GGR,Greece,Greece,Region Europe,WLO,Wheel Loaders,,>10,Liugong,LIU,,P,OHR,1,0,0,,,0,0,0,0
2077,GGT,Guatemala,Guatemala,Region Latin America,330,Articulated Haulers,,#,Komatsu,KOM,Y,P,PIN,1,0,0,,,0,0,0,0
2078,GGT,Guatemala,Guatemala,Region Latin America,330,Articulated Haulers,,#,XCMG,XCM,Y,P,PIN,3,0,0,,,0,0,0,0
2079,GGT,Guatemala,Guatemala,Region Latin America,CEX,Compact Excavators,,6<10T,Caterpillar Inc,,Y,P,PIN,3,0,0,,,0,0,0,0
2080,GGT,Guatemala,Guatemala,Region Latin America,CEX,Compact Excavators,,6<10T,Sany,SNY,Y,P,PIN,6,0,0,,,0,0,0,0
2081,GGT,Guatemala,Guatemala,Region Latin America,CEX,Compact Excavators,,6<10T,XCMG,XCM,Y,P,PIN,1,0,0,,,0,0,0,0
2082,GGT,Guatemala,Guatemala,Region Latin America,CEX,Compact Excavators,,6<10T,Zoomlion,ZOO,Y,P,PIN,3,0,0,,,0,0,0,0
2083,GGT,Guatemala,Guatemala,Region Latin America,CEX,Compact Excavators,,<6T,Bobcat,BOB,Y,P,PIN,3,0,0,,,0,0,0,0
2084,GGT,Guatemala,Guatemala,Region Latin America,CEX,Compact Excavators,,<6T,Caterpillar Inc,,Y,P,PIN,7,0,0,,,0,0,0,0
2085,GGT,Guatemala,Guatemala,Region Latin America,CEX,Compact Excavators,,<6T,Deere,JOH,Y,P,PIN,18,0,0,,,0,0,0,0
2086,GGT,Guatemala,Guatemala,Region Latin America,CEX,Compact Excavators,,<6T,Develon,DOO,Y,P,PIN,5,0,0,,,0,0,0,0
2087,GGT,Guatemala,Guatemala,Region Latin America,CEX,Compact Excavators,,<6T,Foton Lovol,FOL,Y,P,PIN,3,0,0,,,0,0,0,0
2088,GGT,Guatemala,Guatemala,Region Latin America,CEX,Compact Excavators,,<6T,Hyundai,HYU,Y,P,PIN,4,0,0,,,0,0,0,0
2089,GGT,Guatemala,Guatemala,Region Latin America,CEX,Compact Excavators,,<6T,Kobelco,KOB,Y,P,PIN,10,0,0,,,0,0,0,0
2090,GGT,Guatemala,Guatemala,Region Latin America,CEX,Compact Excavators,,<6T,OCN,OCN,,P,PIN,12,0,0,,,1,1,1,1
2091,GGT,Guatemala,Guatemala,Region Latin America,CEX,Compact Excavators,,<6T,Rippa China,CRM,,P,PIN,6,0,0,,,1,1,1,1
2092,GGT,Guatemala,Guatemala,Region Latin America,CEX,Compact Excavators,,<6T,Sany,SNY,Y,P,PIN,15,0,0,,,0,0,0,0
2093,GGT,Guatemala,Guatemala,Region Latin America,CEX,Compact Excavators,,<6T,Wacker Neuson,WAN,Y,P,PIN,40,0,0,,,0,0,0,0
2094,GGT,Guatemala,Guatemala,Region Latin America,CEX,Compact Excavators,,<6T,XCMG,XCM,Y,P,PIN,6,0,0,,,0,0,0,0
2095,GGT,Guatemala,Guatemala,Region Latin America,CEX,Compact Excavators,,<6T,Zoomlion,ZOO,Y,P,PIN,1,0,0,,,0,0,0,0
2096,GGT,Guatemala,Guatemala,Region Latin America,GEC,GPE Excavators Crawled,,>10T,Case,CAS,Y,P,PIN,2,0,0,,,0,0,0,0
2097,GGT,Guatemala,Guatemala,Region Latin America,GEC,GPE Excavators Crawled,,>10T,Caterpillar Inc,,Y,P,PIN,100,0,0,,,0,0,0,0
2098,GGT,Guatemala,Guatemala,Region Latin America,GEC,GPE Excavators Crawled,,>10T,Deere,JOH,Y,P,PIN,14,0,0,,,0,0,0,0
2099,GGT,Guatemala,Guatemala,Region Latin America,GEC,GPE Excavators Crawled,,>10T,Develon,DOO,Y,P,PIN,18,0,0,,,0,0,0,0
2100,GGT,Guatemala,Guatemala,Region Latin America,GEC,GPE Excavators Crawled,,>10T,Foton Lovol,FOL,Y,P,PIN,14,0,0,,,0,0,0,0
2101,GGT,Guatemala,Guatemala,Region Latin America,GEC,GPE Excavators Crawled,,>10T,Hyundai,HYU,Y,P,PIN,99,0,0,,,0,0,0,0
2102,GGT,Guatemala,Guatemala,Region Latin America,GEC,GPE Excavators Crawled,,>10T,JCB,JCB,Y,P,PIN,18,0,0,,,0,0,0,0
2103,GGT,Guatemala,Guatemala,Region Latin America,GEC,GPE Excavators Crawled,,>10T,Kobelco,KOB,Y,P,PIN,5,0,0,,,0,0,0,0
2104,GGT,Guatemala,Guatemala,Region Latin America,GEC,GPE Excavators Crawled,,>10T,Komatsu,KOM,Y,P,PIN,32,0,0,,,0,0,0,0
2105,GGT,Guatemala,Guatemala,Region Latin America,GEC,GPE Excavators Crawled,,>10T,Linkbelt,,Y,P,PIN,15,0,0,,,0,0,0,0
2106,GGT,Guatemala,Guatemala,Region Latin America,GEC,GPE Excavators Crawled,,>10T,Liugong,LIU,Y,P,PIN,3,0,0,,,0,0,0,0
2107,GGT,Guatemala,Guatemala,Region Latin America,GEC,Crawler Excavators,,>10T,Lonking,LON,,P,PIN,1,0,0,,,0,0,1,1
2108,GGT,Guatemala,Guatemala,Region Latin America,GEC,Crawler Excavators,,>10T,OCN,OCN,,P,PIN,8,0,0,,,0,0,1,1
2109,GGT,Guatemala,Guatemala,Region Latin America,GEC,Crawler Excavators,,>10T,Powerplus,PLU,,P,PIN,1,0,0,,,0,0,1,1
2110,GGT,Guatemala,Guatemala,Region Latin America,GEC,Crawler Excavators,,>10T,Rippa China,CRM,,P,PIN,3,0,0,,,0,0,1,1
2111,GGT,Guatemala,Guatemala,Region Latin America,GEC,GPE Excavators Crawled,,>10T,Sany,SNY,Y,P,PIN,57,0,0,,,0,0,0,0
2112,GGT,Guatemala,Guatemala,Region Latin America,GEC,GPE Excavators Crawled,,>10T,Shantui,SBM,Y,P,PIN,10,0,0,,,0,0,0,0
2113,GGT,Guatemala,Guatemala,Region Latin America,GEC,Crawler Excavators,,>10T,Sinomach,SIM,,P,PIN,1,0,0,,,0,0,1,1
2114,GGT,Guatemala,Guatemala,Region Latin America,GEC,GPE Excavators Crawled,,>10T,Volvo,VCE,Y,P,PIN,8,0,0,,,0,0,0,0
2115,GGT,Guatemala,Guatemala,Region Latin America,GEC,Crawler Excavators,,>10T,World,WOG,,P,PIN,2,0,0,,,0,0,1,1
2116,GGT,Guatemala,Guatemala,Region Latin America,GEC,GPE Excavators Crawled,,>10T,XCMG,XCM,Y,P,PIN,17,0,0,,,0,0,0,0
2117,GGT,Guatemala,Guatemala,Region Latin America,GEC,GPE Excavators Crawled,,>10T,Zoomlion,ZOO,Y,P,PIN,6,0,0,,,0,0,0,0
2118,GGT,Guatemala,Guatemala,Region Latin America,GEW,Wheeled Excavators,,>11T,OCN,OCN,,P,PIN,1,0,0,,,0,0,1,1
2119,GGT,Guatemala,Guatemala,Region Latin America,WLO,Wheel Loaders,,10<12,Caterpillar Inc,,Y,P,PIN,1,0,0,,,0,0,0,0
2120,GGT,Guatemala,Guatemala,Region Latin America,WLO,Wheel Loaders,,7<10,OCN,OCN,,P,PIN,1,0,0,,,0,0,0,0
2121,GGT,Guatemala,Guatemala,Region Latin America,WLO,Wheel Loaders,,7<10,SDLG,LIN,Y,P,PIN,1,0,0,,,0,0,0,0
2122,GGT,Guatemala,Guatemala,Region Latin America,WLO,Wheel Loaders,,>12,Aimix,AMX,,P,PIN,1,0,0,,,0,0,1,1
2123,GGT,Guatemala,Guatemala,Region Latin America,WLO,Wheel Loaders,,>12,Caterpillar Inc,,Y,P,PIN,11,0,0,,,0,0,0,0
2124,GGT,Guatemala,Guatemala,Region Latin America,WLO,Wheel Loaders,,>12,Deere,JOH,Y,P,PIN,6,0,0,,,0,0,0,0
2125,GGT,Guatemala,Guatemala,Region Latin America,WLO,Wheel Loaders,,>12,Develon,DOO,Y,P,PIN,1,0,0,,,0,0,0,0
2126,GGT,Guatemala,Guatemala,Region Latin America,WLO,Wheel Loaders,,>12,Hyundai,HYU,Y,P,PIN,8,0,0,,,0,0,0,0
2127,GGT,Guatemala,Guatemala,Region Latin America,WLO,Wheel Loaders,,>12,Komatsu,KOM,Y,P,PIN,2,0,0,,,0,0,0,0
2128,GGT,Guatemala,Guatemala,Region Latin America,WLO,Wheel Loaders,,>12,Liugong,LIU,Y,P,PIN,1,0,0,,,0,0,0,0
2129,GGT,Guatemala,Guatemala,Region Latin America,WLO,Wheel Loaders,,>12,Lugong,LGG,,P,PIN,2,0,0,,,0,0,1,1
2130,GGT,Guatemala,Guatemala,Region Latin America,WLO,Wheel Loaders,,>12,OCN,OCN,,P,PIN,1,0,0,,,0,0,1,1
2131,GGT,Guatemala,Guatemala,Region Latin America,WLO,Wheel Loaders,,>12,Sany,SNY,Y,P,PIN,9,0,0,,,0,0,0,0
2132,GGT,Guatemala,Guatemala,Region Latin America,WLO,Wheel Loaders,,>12,SDLG,LIN,Y,P,PIN,3,0,0,,,0,0,0,0
2133,GGT,Guatemala,Guatemala,Region Latin America,WLO,Wheel Loaders,,>12,SEM,SEM,Y,P,PIN,1,0,0,,,0,0,0,0
2134,GGT,Guatemala,Guatemala,Region Latin America,WLO,Wheel Loaders,,>12,Volvo,VCE,Y,P,PIN,1,0,0,,,0,0,0,0
2135,GGT,Guatemala,Guatemala,Region Latin America,WLO,Wheel Loaders,,>12,XCMG,XCM,Y,P,PIN,10,0,0,,,0,0,0,0
2136,GGT,Guatemala,Guatemala,Region Latin America,WLO,Wheel Loaders,,>12,Xiagong XGMA Machine,XEM,,P,PIN,2,0,0,,,0,0,1,1
2137,GID,Indonesia,Indonesia,Region Asia,330,Articulated Haulers,,#,Bell,BEL,Y,P,DES,0,0,0,,,0,0,0,0
2138,GID,Indonesia,Indonesia,Region Asia,330,Articulated Haulers,,,Bell,BEL,,P,DES,20,0,0,,,0,0,0,0
2139,GID,Indonesia,Indonesia,Region Asia,330,Articulated Haulers,,#,Caterpillar Inc,,Y,P,DES,0,0,0,,,0,0,0,0
2140,GID,Indonesia,Indonesia,Region Asia,330,Articulated Haulers,,,Caterpillar Inc,CAT,,P,DES,85,0,0,,,0,0,0,0
2141,GID,Indonesia,Indonesia,Region Asia,330,Articulated Haulers,,#,Develon,DOO,Y,P,DES,0,0,0,,,0,0,0,0
2142,GID,Indonesia,Indonesia,Region Asia,330,Articulated Haulers,,,Develon,DOO,,P,DES,17,0,0,,,0,0,0,0
2143,GID,Indonesia,Indonesia,Region Asia,330,Articulated Haulers,,#,Komatsu,KOM,Y,P,DES,0,0,0,,,0,0,0,0
2144,GID,Indonesia,Indonesia,Region Asia,330,Articulated Haulers,,,Komatsu,KOM,,P,DES,110,0,0,,,0,0,0,0
2145,GID,Indonesia,Indonesia,Region Asia,330,Articulated Haulers,,#,Volvo,VCE,Y,P,DES,0,0,0,,,0,0,0,0
2146,GID,Indonesia,Indonesia,Region Asia,330,Articulated Haulers,,,Volvo,VCE,,P,DES,306,0,0,,,0,0,0,0
2147,GID,Indonesia,Indonesia,Region Asia,340,Rigid Haulers,,#,Caterpillar Inc,,Y,P,DES,139,0,0,,,0,0,0,0
2148,GID,Indonesia,Indonesia,Region Asia,340,Rigid Haulers,,,Develon,DOO,,P,DES,30,0,0,,,0,0,1,1
2149,GID,Indonesia,Indonesia,Region Asia,340,Rigid Haulers,,#,Komatsu,KOM,Y,P,DES,825,0,0,,,0,0,0,0
2150,GID,Indonesia,Indonesia,Region Asia,390,Compaction Machines,,,Caterpillar Inc,CAT,,P,DES,151,0,0,,,0,0,1,1
2151,GID,Indonesia,Indonesia,Region Asia,390,Compaction Machines,,,Hitachi,HIT,,P,DES,145,0,0,,,0,0,1,1
2152,GID,Indonesia,Indonesia,Region Asia,390,Compaction Machines,,,Kobelco,KOB,,P,DES,95,0,0,,,0,0,1,1
2153,GID,Indonesia,Indonesia,Region Asia,390,Compaction Machines,,,Komatsu,KOM,,P,DES,120,0,0,,,0,0,1,1
2154,GID,Indonesia,Indonesia,Region Asia,390,Compaction Machines,,,Kubota,KUB,,P,DES,90,0,0,,,0,0,1,1
2155,GID,Indonesia,Indonesia,Region Asia,390,Compaction Machines,,,Sakai,SAK,,P,DES,90,0,0,,,0,0,1,1
2156,GID,Indonesia,Indonesia,Region Asia,390,Compaction Machines,,,Sany,SNY,,P,DES,250,0,0,,,0,0,1,1
2157,GID,Indonesia,Indonesia,Region Asia,390,Compaction Machines,,,SDLG,LIN,,P,DES,12,0,0,,,0,0,1,1
2158,GID,Indonesia,Indonesia,Region Asia,390,Compaction Machines,,,Volvo,VCE,,P,DES,18,0,0,,,0,0,1,1
2159,GID,Indonesia,Indonesia,Region Asia,CEX,Compact Excavators,,<10T,Caterpillar Inc,,Y,P,DES,0,0,0,,,0,0,0,0
2160,GID,Indonesia,Indonesia,Region Asia,CEX,Compact Excavators,,<10T,Caterpillar Inc,CAT,,P,DES,200,0,0,,,0,0,0,0
2161,GID,Indonesia,Indonesia,Region Asia,CEX,Compact Excavators,,<10T,Develon,DOO,Y,P,DES,0,0,0,,,0,0,0,0
2162,GID,Indonesia,Indonesia,Region Asia,CEX,Compact Excavators,,<10T,Develon,DOO,,P,DES,33,0,0,,,0,0,0,0
2163,GID,Indonesia,Indonesia,Region Asia,CEX,Compact Excavators,,<10T,Hitachi,HIT,Y,P,DES,0,0,0,,,0,0,0,0
2164,GID,Indonesia,Indonesia,Region Asia,CEX,Compact Excavators,,<10T,Hitachi,HIT,,P,DES,350,0,0,,,0,0,0,0
2165,GID,Indonesia,Indonesia,Region Asia,CEX,Compact Excavators,,<10T,Hyundai,HYU,Y,P,DES,0,0,0,,,0,0,0,0
2166,GID,Indonesia,Indonesia,Region Asia,CEX,Compact Excavators,,<10T,Hyundai,HYU,,P,DES,132,0,0,,,0,0,0,0
2167,GID,Indonesia,Indonesia,Region Asia,CEX,Compact Excavators,,<10T,Kobelco,KOB,Y,P,DES,0,0,0,,,0,0,0,0
2168,GID,Indonesia,Indonesia,Region Asia,CEX,Compact Excavators,,<10T,Kobelco,KOB,,P,DES,420,0,0,,,0,0,0,0
2169,GID,Indonesia,Indonesia,Region Asia,CEX,Compact Excavators,,<10T,Komatsu,KOM,Y,P,DES,0,0,0,,,0,0,0,0
2170,GID,Indonesia,Indonesia,Region Asia,CEX,Compact Excavators,,<10T,Komatsu,KOM,,P,DES,132,0,0,,,0,0,0,0
2171,GID,Indonesia,Indonesia,Region Asia,CEX,Compact Excavators,,<10T,Liugong,LIU,Y,P,DES,0,0,0,,,0,0,0,0
2172,GID,Indonesia,Indonesia,Region Asia,CEX,Compact Excavators,,<10T,Liugong,LIU,,P,DES,20,0,0,,,0,0,0,0
2173,GID,Indonesia,Indonesia,Region Asia,CEX,Compact Excavators,,<10T,Sany,SNY,Y,P,DES,0,0,0,,,0,0,0,0
2174,GID,Indonesia,Indonesia,Region Asia,CEX,Compact Excavators,,<10T,Sany,SNY,,P,DES,1509,0,0,,,0,0,0,0
2175,GID,Indonesia,Indonesia,Region Asia,CEX,Compact Excavators,,<10T,SDLG,LIN,Y,P,DES,0,0,0,,,0,0,0,0
2176,GID,Indonesia,Indonesia,Region Asia,CEX,Compact Excavators,,<10T,SDLG,LIN,,P,DES,38,0,0,,,0,0,0,0
2177,GID,Indonesia,Indonesia,Region Asia,CEX,Compact Excavators,,<10T,Sunward,SUN,Y,P,DES,0,0,0,,,0,0,0,0
2178,GID,Indonesia,Indonesia,Region Asia,CEX,Compact Excavators,,<10T,Sunward,SUN,,P,DES,250,0,0,,,0,0,0,0
2179,GID,Indonesia,Indonesia,Region Asia,CEX,Compact Excavators,,<10T,XCMG,XCM,Y,P,DES,0,0,0,,,0,0,0,0
2180,GID,Indonesia,Indonesia,Region Asia,CEX,Compact Excavators,,<10T,XCMG,XCM,,P,DES,35,0,0,,,0,0,0,0
2181,GID,Indonesia,Indonesia,Region Asia,CEX,Compact Excavators,,<10T,Yanmar,YAN,Y,P,DES,0,0,0,,,0,0,0,0
2182,GID,Indonesia,Indonesia,Region Asia,CEX,Compact Excavators,,<10T,Yanmar,YAN,,P,DES,203,0,0,,,0,0,0,0
2183,GID,Indonesia,Indonesia,Region Asia,GEC,GPE Excavators Crawled,,>10T,Case,CAS,Y,P,DES,0,0,0,,,0,0,0,0
2184,GID,Indonesia,Indonesia,Region Asia,GEC,Crawler Excavators,,>10T,Case,CAS,,P,DES,76,0,0,,,0,0,0,0
2185,GID,Indonesia,Indonesia,Region Asia,GEC,GPE Excavators Crawled,,>10T,Caterpillar Inc,,Y,P,DES,0,0,0,,,0,0,0,0
2186,GID,Indonesia,Indonesia,Region Asia,GEC,Crawler Excavators,,>10T,Caterpillar Inc,CAT,,P,DES,1208,0,0,,,0,0,0,0
2187,GID,Indonesia,Indonesia,Region Asia,GEC,GPE Excavators Crawled,,>10T,Develon,DOO,Y,P,DES,0,0,0,,,0,0,0,0
2188,GID,Indonesia,Indonesia,Region Asia,GEC,Crawler Excavators,,>10T,Develon,DOO,,P,DES,381,0,0,,,0,0,0,0
2189,GID,Indonesia,Indonesia,Region Asia,GEC,GPE Excavators Crawled,,>10T,Hitachi,HIT,Y,P,DES,0,0,0,,,0,0,0,0
2190,GID,Indonesia,Indonesia,Region Asia,GEC,Crawler Excavators,,>10T,Hitachi,HIT,,P,DES,2953,0,0,,,0,0,0,0
2191,GID,Indonesia,Indonesia,Region Asia,GEC,GPE Excavators Crawled,,>10T,Hyundai,HYU,Y,P,DES,0,0,0,,,0,0,0,0
2192,GID,Indonesia,Indonesia,Region Asia,GEC,Crawler Excavators,,>10T,Hyundai,HYU,,P,DES,491,0,0,,,0,0,0,0
2193,GID,Indonesia,Indonesia,Region Asia,GEC,GPE Excavators Crawled,,>10T,JCB,JCB,Y,P,DES,0,0,0,,,0,0,0,0
2194,GID,Indonesia,Indonesia,Region Asia,GEC,Crawler Excavators,,>10T,JCB,JCB,,P,DES,50,0,0,,,0,0,0,0
2195,GID,Indonesia,Indonesia,Region Asia,GEC,GPE Excavators Crawled,,>10T,Kobelco,KOB,Y,P,DES,0,0,0,,,0,0,0,0
2196,GID,Indonesia,Indonesia,Region Asia,GEC,Crawler Excavators,,>10T,Kobelco,KOB,,P,DES,1605,0,0,,,0,0,0,0
2197,GID,Indonesia,Indonesia,Region Asia,GEC,GPE Excavators Crawled,,>10T,Komatsu,KOM,Y,P,DES,0,0,0,,,0,0,0,0
2198,GID,Indonesia,Indonesia,Region Asia,GEC,Crawler Excavators,,>10T,Komatsu,KOM,,P,DES,2676,0,0,,,0,0,0,0
2199,GID,Indonesia,Indonesia,Region Asia,GEC,GPE Excavators Crawled,,>10T,Liebherr,LIE,Y,P,DES,0,0,0,,,0,0,0,0
2200,GID,Indonesia,Indonesia,Region Asia,GEC,Crawler Excavators,,>10T,Liebherr,LIE,,P,DES,20,0,0,,,0,0,0,0
2201,GID,Indonesia,Indonesia,Region Asia,GEC,GPE Excavators Crawled,,>10T,Liugong,LIU,Y,P,DES,0,0,0,,,0,0,0,0
2202,GID,Indonesia,Indonesia,Region Asia,GEC,Crawler Excavators,,>10T,Liugong,LIU,,P,DES,135,0,0,,,0,0,0,0
2203,GID,Indonesia,Indonesia,Region Asia,GEC,GPE Excavators Crawled,,>10T,Sany,SNY,Y,P,DES,0,0,0,,,0,0,0,0
2204,GID,Indonesia,Indonesia,Region Asia,GEC,Crawler Excavators,,>10T,Sany,SNY,,P,DES,2994,0,0,,,0,0,0,0
2205,GID,Indonesia,Indonesia,Region Asia,GEC,GPE Excavators Crawled,,>10T,SDLG,LIN,Y,P,DES,0,0,0,,,0,0,0,0
2206,GID,Indonesia,Indonesia,Region Asia,GEC,Crawler Excavators,,>10T,SDLG,LIN,,P,DES,21,0,0,,,0,0,0,0
2207,GID,Indonesia,Indonesia,Region Asia,GEC,GPE Excavators Crawled,,>10T,Sumitomo,SUM,Y,P,DES,0,0,0,,,0,0,0,0
2208,GID,Indonesia,Indonesia,Region Asia,GEC,Crawler Excavators,,>10T,Sumitomo,SUM,,P,DES,555,0,0,,,0,0,0,0
2209,GID,Indonesia,Indonesia,Region Asia,GEC,GPE Excavators Crawled,,>10T,Sunward,SUN,Y,P,DES,0,0,0,,,0,0,0,0
2210,GID,Indonesia,Indonesia,Region Asia,GEC,Crawler Excavators,,>10T,Sunward,SUN,,P,DES,78,0,0,,,0,0,0,0
2211,GID,Indonesia,Indonesia,Region Asia,GEC,GPE Excavators Crawled,,>10T,Volvo,VCE,Y,P,DES,0,0,0,,,0,0,0,0
2212,GID,Indonesia,Indonesia,Region Asia,GEC,Crawler Excavators,,>10T,Volvo,VCE,,P,DES,164,0,0,,,0,0,0,0
2213,GID,Indonesia,Indonesia,Region Asia,GEC,GPE Excavators Crawled,,>10T,XCMG,XCM,Y,P,DES,0,0,0,,,0,0,0,0
2214,GID,Indonesia,Indonesia,Region Asia,GEC,Crawler Excavators,,>10T,XCMG,XCM,,P,DES,78,0,0,,,0,0,0,0
2215,GID,Indonesia,Indonesia,Region Asia,GEW,GPE Excavators Wheeled,,>11T,Caterpillar Inc,,Y,P,DES,0,0,0,,,0,0,0,0
2216,GID,Indonesia,Indonesia,Region Asia,GEW,Wheeled Excavators,,>11T,Caterpillar Inc,CAT,,P,DES,5,0,0,,,0,0,0,0
2217,GID,Indonesia,Indonesia,Region Asia,GEW,GPE Excavators Wheeled,,>11T,Hyundai,HYU,Y,P,DES,0,0,0,,,0,0,0,0
2218,GID,Indonesia,Indonesia,Region Asia,GEW,Wheeled Excavators,,>11T,Hyundai,HYU,,P,DES,18,0,0,,,0,0,0,0
2219,GID,Indonesia,Indonesia,Region Asia,GEW,GPE Excavators Wheeled,,>11T,Sany,SNY,Y,P,DES,0,0,0,,,0,0,0,0
2220,GID,Indonesia,Indonesia,Region Asia,GEW,Wheeled Excavators,,>11T,Sany,SNY,,P,DES,14,0,0,,,0,0,0,0
2221,GID,Indonesia,Indonesia,Region Asia,GEW,GPE Excavators Wheeled,,>11T,Volvo,VCE,Y,P,DES,0,0,0,,,0,0,0,0
2222,GID,Indonesia,Indonesia,Region Asia,GEW,Wheeled Excavators,,>11T,Volvo,VCE,,P,DES,4,0,0,,,0,0,0,0
2223,GID,Indonesia,Indonesia,Region Asia,WLO,Wheel Loaders,,<12,Caterpillar Inc,,Y,P,DES,0,0,0,,,0,0,0,0
2224,GID,Indonesia,Indonesia,Region Asia,WLO,Wheel Loaders,,<12,Caterpillar Inc,CAT,,P,DES,5,0,0,,,0,0,0,0
2225,GID,Indonesia,Indonesia,Region Asia,WLO,Wheel Loaders,,<12,Develon,DOO,Y,P,DES,0,0,0,,,0,0,0,0
2226,GID,Indonesia,Indonesia,Region Asia,WLO,Wheel Loaders,,<12,Develon,DOO,,P,DES,23,0,0,,,0,0,0,0
2227,GID,Indonesia,Indonesia,Region Asia,WLO,Wheel Loaders,,<12,Hitachi,HIT,Y,P,DES,0,0,0,,,0,0,0,0
2228,GID,Indonesia,Indonesia,Region Asia,WLO,Wheel Loaders,,<12,Hitachi,HIT,,P,DES,34,0,0,,,0,0,0,0
2229,GID,Indonesia,Indonesia,Region Asia,WLO,Wheel Loaders,,<12,Hyundai,HYU,Y,P,DES,0,0,0,,,0,0,0,0
2230,GID,Indonesia,Indonesia,Region Asia,WLO,Wheel Loaders,,<12,Hyundai,HYU,,P,DES,25,0,0,,,0,0,0,0
2231,GID,Indonesia,Indonesia,Region Asia,WLO,Wheel Loaders,,<12,Komatsu,KOM,Y,P,DES,0,0,0,,,0,0,0,0
2232,GID,Indonesia,Indonesia,Region Asia,WLO,Wheel Loaders,,<12,Komatsu,KOM,,P,DES,30,0,0,,,0,0,0,0
2233,GID,Indonesia,Indonesia,Region Asia,WLO,Wheel Loaders,,<12,Liugong,LIU,Y,P,DES,0,0,0,,,0,0,0,0
2234,GID,Indonesia,Indonesia,Region Asia,WLO,Wheel Loaders,,<12,Liugong,LIU,,P,DES,73,0,0,,,0,0,0,0
2235,GID,Indonesia,Indonesia,Region Asia,WLO,Wheel Loaders,,<12,Lonking,LON,,P,DES,70,0,0,,,0,0,0,0
2236,GID,Indonesia,Indonesia,Region Asia,WLO,Wheel Loaders,,<12,SDLG,LIN,Y,P,DES,0,0,0,,,0,0,0,0
2237,GID,Indonesia,Indonesia,Region Asia,WLO,Wheel Loaders,,<12,SDLG,LIN,,P,DES,8,0,0,,,0,0,0,0
2238,GID,Indonesia,Indonesia,Region Asia,WLO,Wheel Loaders,,<12,SEM,SEM,Y,P,DES,0,0,0,,,0,0,0,0
2239,GID,Indonesia,Indonesia,Region Asia,WLO,Wheel Loaders,,<12,SEM,SEM,,P,DES,86,0,0,,,0,0,0,0
2240,GID,Indonesia,Indonesia,Region Asia,WLO,Wheel Loaders,,<12,XCMG,XCM,Y,P,DES,0,0,0,,,0,0,0,0
2241,GID,Indonesia,Indonesia,Region Asia,WLO,Wheel Loaders,,<12,XCMG,XCM,,P,DES,44,0,0,,,0,0,0,0
2242,GID,Indonesia,Indonesia,Region Asia,WLO,Wheel Loaders,,>12,Caterpillar Inc,,Y,P,DES,0,0,0,,,0,0,0,0
2243,GID,Indonesia,Indonesia,Region Asia,WLO,Wheel Loaders,,>12,Caterpillar Inc,CAT,,P,DES,90,0,0,,,0,0,0,0
2244,GID,Indonesia,Indonesia,Region Asia,WLO,Wheel Loaders,,>12,Develon,DOO,Y,P,DES,0,0,0,,,0,0,0,0
2245,GID,Indonesia,Indonesia,Region Asia,WLO,Wheel Loaders,,>12,Develon,DOO,,P,DES,80,0,0,,,0,0,0,0
2246,GID,Indonesia,Indonesia,Region Asia,WLO,Wheel Loaders,,>12,Hitachi,HIT,Y,P,DES,0,0,0,,,0,0,0,0
2247,GID,Indonesia,Indonesia,Region Asia,WLO,Wheel Loaders,,>12,Hitachi,HIT,,P,DES,65,0,0,,,0,0,0,0
2248,GID,Indonesia,Indonesia,Region Asia,WLO,Wheel Loaders,,>12,Hyundai,HYU,Y,P,DES,0,0,0,,,0,0,0,0
2249,GID,Indonesia,Indonesia,Region Asia,WLO,Wheel Loaders,,>12,Hyundai,HYU,,P,DES,20,0,0,,,0,0,0,0
2250,GID,Indonesia,Indonesia,Region Asia,WLO,Wheel Loaders,,>12,Komatsu,KOM,Y,P,DES,0,0,0,,,0,0,0,0
2251,GID,Indonesia,Indonesia,Region Asia,WLO,Wheel Loaders,,>12,Komatsu,KOM,,P,DES,100,0,0,,,0,0,0,0
2252,GID,Indonesia,Indonesia,Region Asia,WLO,Wheel Loaders,,>12,Liebherr,LIE,Y,P,DES,0,0,0,,,0,0,0,0
2253,GID,Indonesia,Indonesia,Region Asia,WLO,Wheel Loaders,,>12,Liebherr,LIE,,P,DES,10,0,0,,,0,0,0,0
2254,GID,Indonesia,Indonesia,Region Asia,WLO,Wheel Loaders,,>12,Liugong,LIU,Y,P,DES,0,0,0,,,0,0,0,0
2255,GID,Indonesia,Indonesia,Region Asia,WLO,Wheel Loaders,,>12,Liugong,LIU,,P,DES,155,0,0,,,0,0,0,0
2256,GID,Indonesia,Indonesia,Region Asia,WLO,Wheel Loaders,,>12,Lonking,LON,,P,DES,150,0,0,,,0,0,1,1
2257,GID,Indonesia,Indonesia,Region Asia,WLO,Wheel Loaders,,>12,Sany,SNY,Y,P,DES,0,0,0,,,0,0,0,0
2258,GID,Indonesia,Indonesia,Region Asia,WLO,Wheel Loaders,,>12,Sany,SNY,,P,DES,276,0,0,,,0,0,0,0
2259,GID,Indonesia,Indonesia,Region Asia,WLO,Wheel Loaders,,>12,SDLG,LIN,Y,P,DES,0,0,0,,,0,0,0,0
2260,GID,Indonesia,Indonesia,Region Asia,WLO,Wheel Loaders,,>12,SDLG,LIN,,P,DES,169,0,0,,,0,0,0,0
2261,GID,Indonesia,Indonesia,Region Asia,WLO,Wheel Loaders,,>12,SEM,SEM,Y,P,DES,0,0,0,,,0,0,0,0
2262,GID,Indonesia,Indonesia,Region Asia,WLO,Wheel Loaders,,>12,SEM,SEM,,P,DES,97,0,0,,,0,0,0,0
2263,GID,Indonesia,Indonesia,Region Asia,WLO,Wheel Loaders,,>12,Volvo,VCE,Y,P,DES,0,0,0,,,0,0,0,0
2264,GID,Indonesia,Indonesia,Region Asia,WLO,Wheel Loaders,,>12,Volvo,VCE,,P,DES,14,0,0,,,0,0,0,0
2265,GID,Indonesia,Indonesia,Region Asia,WLO,Wheel Loaders,,>12,XCMG,XCM,Y,P,DES,0,0,0,,,0,0,0,0
2266,GID,Indonesia,Indonesia,Region Asia,WLO,Wheel Loaders,,>12,XCMG,XCM,,P,DES,147,0,0,,,0,0,0,0
2267,GIE,Ireland,Ireland,Region Europe,330,Articulated Haulers,,,Bell,BEL,,P,OHR,3,0,0,,,0,0,1,1
2268,GIE,Ireland,Ireland,Region Europe,330,Articulated Haulers,,#,Caterpillar Inc,,Y,P,OHR,2,0,0,,,0,0,0,0
2269,GIE,Ireland,Ireland,Region Europe,330,Articulated Haulers,,#,Komatsu,KOM,Y,P,OHR,24,0,0,,,0,0,0,0
2270,GIE,Ireland,Ireland,Region Europe,330,Articulated Haulers,,#,Volvo,VCE,Y,P,OHR,29,0,0,,,0,0,0,0
2271,GIE,Ireland,Ireland,Region Europe,340,Rigid Haulers,,#,Komatsu,KOM,Y,P,OHR,5,0,0,,,0,0,0,0
2272,GIE,Ireland,Ireland,Region Europe,410,Backhoe Loaders,,,Case,CAS,,P,OHR,3,0,0,,,0,0,1,1
2273,GIE,Ireland,Ireland,Region Europe,410,Backhoe Loaders,,,Caterpillar Inc,CAT,,P,OHR,8,0,0,,,0,0,1,1
2274,GIE,Ireland,Ireland,Region Europe,410,Backhoe Loaders,,,JCB,JCB,,P,OHR,34,0,0,,,0,0,1,1
2275,GIE,Ireland,Ireland,Region Europe,410,Backhoe Loaders,,,Mecalac,MEC,,P,OHR,4,0,0,,,0,0,1,1
2276,GIE,Ireland,Ireland,Region Europe,410,Backhoe Loaders,,,New Holland,NEW,,P,OHR,5,0,0,,,0,0,1,1
2277,GIE,Ireland,Ireland,Region Europe,410,Backhoe Loaders,,,OTN,OTN,,P,OHR,6,0,0,,,0,0,1,1
2278,GIE,Ireland,Ireland,Region Europe,CEX,Compact Excavators,,<6T,Bobcat,BOB,Y,P,OHR,125,0,0,,,0,0,0,0
2279,GIE,Ireland,Ireland,Region Europe,CEX,Compact Excavators,,<6T,Case,CAS,Y,P,OHR,5,0,0,,,0,0,0,0
2280,GIE,Ireland,Ireland,Region Europe,CEX,Compact Excavators,,<6T,Caterpillar Inc,,Y,P,OHR,28,0,0,,,0,0,0,0
2281,GIE,Ireland,Ireland,Region Europe,CEX,Compact Excavators,,<6T,Develon,DOO,Y,P,OHR,28,0,0,,,0,0,0,0
2282,GIE,Ireland,Ireland,Region Europe,CEX,Compact Excavators,,<6T,Hitachi,HIT,Y,P,OHR,35,0,0,,,0,0,0,0
2283,GIE,Ireland,Ireland,Region Europe,CEX,Compact Excavators,,<6T,Hyundai,HYU,Y,P,OHR,10,0,0,,,0,0,0,0
2284,GIE,Ireland,Ireland,Region Europe,CEX,Compact Excavators,,<6T,JCB,JCB,Y,P,OHR,29,0,0,,,0,0,0,0
2285,GIE,Ireland,Ireland,Region Europe,CEX,Compact Excavators,,<6T,Kobelco,KOB,Y,P,OHR,52,0,0,,,0,0,0,0
2286,GIE,Ireland,Ireland,Region Europe,CEX,Compact Excavators,,<6T,Komatsu,KOM,Y,P,OHR,53,0,0,,,0,0,0,0
2287,GIE,Ireland,Ireland,Region Europe,CEX,Compact Excavators,,<6T,Kubota,KUB,Y,P,OHR,429,0,0,,,0,0,0,0
2288,GIE,Ireland,Ireland,Region Europe,CEX,Compact Excavators,,<6T,Liugong,LIU,Y,P,OHR,10,0,0,,,0,0,0,0
2289,GIE,Ireland,Ireland,Region Europe,CEX,Compact Excavators,,<6T,New Holland,NEW,Y,P,OHR,3,0,0,,,0,0,0,0
2290,GIE,Ireland,Ireland,Region Europe,CEX,Compact Excavators,,<6T,OTN,OTN,,P,OHR,46,0,0,,,1,1,1,1
2291,GIE,Ireland,Ireland,Region Europe,CEX,Compact Excavators,,<6T,Sany,SNY,Y,P,OHR,20,0,0,,,0,0,0,0
2292,GIE,Ireland,Ireland,Region Europe,CEX,Compact Excavators,,<6T,Sunward,SUN,Y,P,OHR,60,0,0,,,0,0,0,0
2293,GIE,Ireland,Ireland,Region Europe,CEX,Compact Excavators,,<6T,Takeuchi,TAK,,P,OHR,35,0,0,,,1,1,1,1
2294,GIE,Ireland,Ireland,Region Europe,CEX,Compact Excavators,,<6T,Volvo,VCE,Y,P,OHR,16,0,0,,,0,0,0,0
2295,GIE,Ireland,Ireland,Region Europe,CEX,Compact Excavators,,<6T,Wacker Neuson,WAN,Y,P,OHR,20,0,0,,,0,0,0,0
2296,GIE,Ireland,Ireland,Region Europe,CEX,Compact Excavators,,<6T,XCMG,XCM,,P,OHR,97,0,0,,,1,1,1,1
2297,GIE,Ireland,Ireland,Region Europe,CEX,Compact Excavators,,<6T,Yanmar,YAN,Y,P,OHR,100,0,0,,,0,0,0,0
2298,GIE,Ireland,Ireland,Region Europe,GEC,GPE Excavators Crawled,,>6T,Case,CAS,Y,P,OHR,10,0,0,,,0,0,0,0
2299,GIE,Ireland,Ireland,Region Europe,GEC,GPE Excavators Crawled,,>6T,Caterpillar Inc,,Y,P,OHR,28,0,0,,,0,0,0,0
2300,GIE,Ireland,Ireland,Region Europe,GEC,GPE Excavators Crawled,,>6T,Develon,DOO,Y,P,OHR,16,0,0,,,0,0,0,0
2301,GIE,Ireland,Ireland,Region Europe,GEC,GPE Excavators Crawled,,>6T,Hitachi,HIT,Y,P,OHR,50,0,0,,,0,0,0,0
2302,GIE,Ireland,Ireland,Region Europe,GEC,GPE Excavators Crawled,,>6T,Hyundai,HYU,Y,P,OHR,45,0,0,,,0,0,0,0
2303,GIE,Ireland,Ireland,Region Europe,GEC,GPE Excavators Crawled,,>6T,JCB,JCB,Y,P,OHR,22,0,0,,,0,0,0,0
2304,GIE,Ireland,Ireland,Region Europe,GEC,GPE Excavators Crawled,,>6T,Kobelco,KOB,Y,P,OHR,90,0,0,,,0,0,0,0
2305,GIE,Ireland,Ireland,Region Europe,GEC,GPE Excavators Crawled,,>6T,Komatsu,KOM,Y,P,OHR,45,0,0,,,0,0,0,0
2306,GIE,Ireland,Ireland,Region Europe,GEC,GPE Excavators Crawled,,>6T,Kubota,KUB,Y,P,OHR,17,0,0,,,0,0,0,0
2307,GIE,Ireland,Ireland,Region Europe,GEC,GPE Excavators Crawled,,>6T,Liebherr,LIE,Y,P,OHR,4,0,0,,,0,0,0,0
2308,GIE,Ireland,Ireland,Region Europe,GEC,GPE Excavators Crawled,,>6T,Liugong,LIU,Y,P,OHR,17,0,0,,,0,0,0,0
2309,GIE,Ireland,Ireland,Region Europe,GEC,Crawler Excavators,,>6T,OTN,OTN,,P,OHR,14,0,0,,,0,0,1,1
2310,GIE,Ireland,Ireland,Region Europe,GEC,GPE Excavators Crawled,,>6T,Sany,SNY,Y,P,OHR,22,0,0,,,0,0,0,0
2311,GIE,Ireland,Ireland,Region Europe,GEC,GPE Excavators Crawled,,>6T,Sunward,SUN,Y,P,OHR,4,0,0,,,0,0,0,0
2312,GIE,Ireland,Ireland,Region Europe,GEC,Crawler Excavators,,>6T,Takeuchi,TAK,,P,OHR,2,0,0,,,0,0,1,1
2313,GIE,Ireland,Ireland,Region Europe,GEC,GPE Excavators Crawled,,>6T,Volvo,VCE,Y,P,OHR,44,0,0,,,0,0,0,0
2314,GIE,Ireland,Ireland,Region Europe,GEC,Crawler Excavators,,>6T,XCMG,XCM,,P,OHR,25,0,0,,,0,0,1,1
2315,GIE,Ireland,Ireland,Region Europe,GEC,GPE Excavators Crawled,,>6T,Yanmar,YAN,Y,P,OHR,5,0,0,,,0,0,0,0
2316,GIE,Ireland,Ireland,Region Europe,GEW,GPE Excavators Wheeled,,>6T,Bobcat,BOB,Y,P,OHR,0,0,0,,,0,0,0,0
2317,GIE,Ireland,Ireland,Region Europe,GEW,GPE Excavators Wheeled,,>6T,Caterpillar Inc,,Y,P,OHR,3,0,0,,,0,0,0,0
2318,GIE,Ireland,Ireland,Region Europe,GEW,GPE Excavators Wheeled,,>6T,Develon,DOO,Y,P,OHR,8,0,0,,,0,0,0,0
2319,GIE,Ireland,Ireland,Region Europe,GEW,GPE Excavators Wheeled,,>6T,Hyundai,HYU,Y,P,OHR,15,0,0,,,0,0,0,0
2320,GIE,Ireland,Ireland,Region Europe,GEW,GPE Excavators Wheeled,,>6T,JCB,JCB,Y,P,OHR,2,0,0,,,0,0,0,0
2321,GIE,Ireland,Ireland,Region Europe,GEW,GPE Excavators Wheeled,,>6T,Komatsu,KOM,Y,P,OHR,12,0,0,,,0,0,0,0
2322,GIE,Ireland,Ireland,Region Europe,GEW,GPE Excavators Wheeled,,>6T,Liebherr,LIE,Y,P,OHR,3,0,0,,,0,0,0,0
2323,GIE,Ireland,Ireland,Region Europe,GEW,GPE Excavators Wheeled,,>6T,Volvo,VCE,Y,P,OHR,1,0,0,,,0,0,0,0
2324,GIE,Ireland,Ireland,Region Europe,WLO,Wheel Loaders,,<10,Atlas Weyhausen,ATW,Y,P,OHR,4,0,0,,,0,0,0,0
2325,GIE,Ireland,Ireland,Region Europe,WLO,Wheel Loaders,,<10,Case,CAS,Y,P,OHR,1,0,0,,,0,0,0,0
2326,GIE,Ireland,Ireland,Region Europe,WLO,Wheel Loaders,,<10,Claas,,Y,P,OHR,4,0,0,,,0,0,0,0
2327,GIE,Ireland,Ireland,Region Europe,WLO,Wheel Loaders,,<10,Develon,DOO,Y,P,OHR,1,0,0,,,0,0,0,0
2328,GIE,Ireland,Ireland,Region Europe,WLO,Wheel Loaders,,<10,JCB,JCB,Y,P,OHR,2,0,0,,,0,0,0,0
2329,GIE,Ireland,Ireland,Region Europe,WLO,Wheel Loaders,,<10,Kramer,KRA,Y,P,OHR,8,0,0,,,0,0,0,0
2330,GIE,Ireland,Ireland,Region Europe,WLO,Wheel Loaders,,<10,Kubota,KUB,Y,P,OHR,3,0,0,,,0,0,0,0
2331,GIE,Ireland,Ireland,Region Europe,WLO,Wheel Loaders,,<10,Manitou,MTU,Y,P,OHR,5,0,0,,,0,0,0,0
2332,GIE,Ireland,Ireland,Region Europe,WLO,Wheel Loaders,,<10,New Holland,NEW,Y,P,OHR,5,0,0,,,0,0,0,0
2333,GIE,Ireland,Ireland,Region Europe,WLO,Wheel Loaders,,<10,Volvo,VCE,Y,P,OHR,1,0,0,,,0,0,0,0
2334,GIE,Ireland,Ireland,Region Europe,WLO,Wheel Loaders,,<10,Yanmar,YAN,Y,P,OHR,2,0,0,,,0,0,0,0
2335,GIE,Ireland,Ireland,Region Europe,WLO,Wheel Loaders,,>10,Atlas Weyhausen,ATW,Y,P,OHR,1,0,0,,,0,0,0,0
2336,GIE,Ireland,Ireland,Region Europe,WLO,Wheel Loaders,,>10,Caterpillar Inc,,Y,P,OHR,15,0,0,,,0,0,0,0
2337,GIE,Ireland,Ireland,Region Europe,WLO,Wheel Loaders,,>10,Develon,DOO,Y,P,OHR,2,0,0,,,0,0,0,0
2338,GIE,Ireland,Ireland,Region Europe,WLO,Wheel Loaders,,>10,Hyundai,HYU,Y,P,OHR,2,0,0,,,0,0,0,0
2339,GIE,Ireland,Ireland,Region Europe,WLO,Wheel Loaders,,>10,JCB,JCB,Y,P,OHR,14,0,0,,,0,0,0,0
2340,GIE,Ireland,Ireland,Region Europe,WLO,Wheel Loaders,,>10,Komatsu,KOM,Y,P,OHR,18,0,0,,,0,0,0,0
2341,GIE,Ireland,Ireland,Region Europe,WLO,Wheel Loaders,,>10,Kramer,KRA,Y,P,OHR,5,0,0,,,0,0,0,0
2342,GIE,Ireland,Ireland,Region Europe,WLO,Wheel Loaders,,>10,Liebherr,LIE,Y,P,OHR,2,0,0,,,0,0,0,0
2343,GIE,Ireland,Ireland,Region Europe,WLO,Wheel Loaders,,>10,Liugong,LIU,Y,P,OHR,1,0,0,,,0,0,0,0
2344,GIE,Ireland,Ireland,Region Europe,WLO,Wheel Loaders,,>10,New Holland,NEW,Y,P,OHR,5,0,0,,,0,0,0,0
2345,GIE,Ireland,Ireland,Region Europe,WLO,Wheel Loaders,,>10,OTN,OTN,,P,OHR,17,0,0,,,0,0,1,1
2346,GIE,Ireland,Ireland,Region Europe,WLO,Wheel Loaders,,>10,Volvo,VCE,Y,P,OHR,87,0,0,,,0,0,0,0
2347,GIN,India,India,Region India,340,Rigid Haulers,,,BEML,BEM,,P,OHR,118,0,0,,,0,0,1,1
2348,GIN,India,India,Region India,340,Rigid Haulers,,#,Caterpillar Inc,,Y,P,OHR,61,0,0,,,0,0,0,0
2349,GIN,India,India,Region India,340,Rigid Haulers,,#,Komatsu,KOM,Y,P,OHR,144,0,0,,,0,0,0,0
2350,GIN,India,India,Region India,380,Motor Graders,,#,ACE,ACE,Y,P,OHR,62,0,0,,,0,0,0,0
2351,GIN,India,India,Region India,380,Motor Graders,,#,BEML,BEM,Y,P,OHR,26,0,0,,,0,0,0,0
2352,GIN,India,India,Region India,380,Motor Graders,,#,Case,CAS,Y,P,OHR,33,0,0,,,0,0,0,0
2353,GIN,India,India,Region India,380,Motor Graders,,#,Caterpillar Inc,,Y,P,OHR,237,0,0,,,0,0,0,0
2354,GIN,India,India,Region India,380,Motor Graders,,#,Komatsu,KOM,Y,P,OHR,58,0,0,,,0,0,0,0
2355,GIN,India,India,Region India,380,Motor Graders,,#,Liugong,LIU,Y,P,OHR,236,0,0,,,0,0,0,0
2356,GIN,India,India,Region India,380,Motor Graders,,,Mahindra & Mahindra,MAH,,P,OHR,227,0,0,,,0,0,1,1
2357,GIN,India,India,Region India,380,Motor Graders,,,OTN,OTN,,P,OHR,14,0,0,,,0,0,1,1
2358,GIN,India,India,Region India,380,Motor Graders,,,Sany,SNY,,P,OHR,58,0,0,,,0,0,1,1
2359,GIN,India,India,Region India,380,Motor Graders,,#,SDLG,LIN,Y,P,OHR,42,0,0,,,0,0,0,0
2360,GIN,India,India,Region India,380,Motor Graders,,#,SEM,SEM,Y,P,OHR,41,0,0,,,0,0,0,0
2361,GIN,India,India,Region India,380,Motor Graders,,,XCMG,XCM,,P,OHR,22,0,0,,,0,0,1,1
2362,GIN,India,India,Region India,410,Backhoe Loaders,,,ACE,ACE,,P,OHR,962,0,0,,,0,0,1,1
2363,GIN,India,India,Region India,410,Backhoe Loaders,,,Bobcat,BOB,,P,OHR,850,0,0,,,0,0,1,1
2364,GIN,India,India,Region India,410,Backhoe Loaders,,,Bull,BUL,,P,OHR,1962,0,0,,,0,0,1,1
2365,GIN,India,India,Region India,410,Backhoe Loaders,,,Case,CAS,,P,OHR,1904,0,0,,,0,0,1,1
2366,GIN,India,India,Region India,410,Backhoe Loaders,,,Caterpillar Inc,CAT,,P,OHR,1349,0,0,,,0,0,1,1
2367,GIN,India,India,Region India,410,Backhoe Loaders,,,JCB,JCB,,P,OHR,39649,0,0,,,0,0,1,1
2368,GIN,India,India,Region India,410,Backhoe Loaders,,,Kubota,KUB,,P,OHR,303,0,0,,,0,0,1,1
2369,GIN,India,India,Region India,410,Backhoe Loaders,,,Mahindra & Mahindra,MAH,,P,OHR,845,0,0,,,0,0,1,1
2370,GIN,India,India,Region India,410,Backhoe Loaders,,,Manitou,MTU,,P,OHR,420,0,0,,,0,0,1,1
2371,GIN,India,India,Region India,410,Backhoe Loaders,,,OTN,OTN,,P,OHR,92,0,0,,,0,0,1,1
2372,GIN,India,India,Region India,410,Backhoe Loaders,,,Preet,PRE,,P,OHR,104,0,0,,,0,0,1,1
2373,GIN,India,India,Region India,410,Backhoe Loaders,,,Tata Hitachi (ex. Te,TEL,,P,OHR,1153,0,0,,,0,0,1,1
2374,GIN,India,India,Region India,CEX,Compact Excavators,,<6T,Bobcat,BOB,Y,P,OHR,110,0,0,,,0,0,0,0
2375,GIN,India,India,Region India,CEX,Compact Excavators,,<6T,Hyundai,HYU,Y,P,OHR,65,0,0,,,0,0,0,0
2376,GIN,India,India,Region India,CEX,Compact Excavators,,<6T,JCB,JCB,Y,P,OHR,473,0,0,,,0,0,0,0
2377,GIN,India,India,Region India,CEX,Compact Excavators,,<6T,Kobelco,KOB,Y,P,OHR,132,0,0,,,0,0,0,0
2378,GIN,India,India,Region India,CEX,Compact Excavators,,<6T,Komatsu,KOM,Y,P,OHR,17,0,0,,,0,0,0,0
2379,GIN,India,India,Region India,CEX,Compact Excavators,,<6T,Kubota,KUB,Y,P,OHR,549,0,0,,,0,0,0,0
2380,GIN,India,India,Region India,CEX,Compact Excavators,,<6T,Liugong,LIU,Y,P,OHR,41,0,0,,,0,0,0,0
2381,GIN,India,India,Region India,CEX,Compact Excavators,,<6T,OTN,OTN,,P,OHR,58,0,0,,,1,1,1,1
2382,GIN,India,India,Region India,CEX,Compact Excavators,,<6T,Sany,SNY,Y,P,OHR,406,0,0,,,0,0,0,0
2383,GIN,India,India,Region India,CEX,Compact Excavators,,<6T,Takeuchi,TAK,,P,OHR,6,0,0,,,1,1,1,1
2384,GIN,India,India,Region India,CEX,Compact Excavators,,<6T,Tata Hitachi (ex. Te,,Y,P,OHR,569,0,0,,,0,0,0,0
2385,GIN,India,India,Region India,CEX,Compact Excavators,,<6T,XCMG,XCM,Y,P,OHR,131,0,0,,,0,0,0,0
2386,GIN,India,India,Region India,CEX,Compact Excavators,,<6T,Yanmar,YAN,,P,OHR,275,0,0,,,1,1,1,1
2387,GIN,India,India,Region India,GEC,GPE Excavators Crawled,,>6T,BEML,BEM,Y,P,OHR,8,0,0,,,0,0,0,0
2388,GIN,India,India,Region India,GEC,Crawler Excavators,,>6T,Case,CAS,,P,OHR,74,0,0,,,0,0,1,1
2389,GIN,India,India,Region India,GEC,GPE Excavators Crawled,,>6T,Caterpillar Inc,,Y,P,OHR,1398,0,0,,,0,0,0,0
2390,GIN,India,India,Region India,GEC,GPE Excavators Crawled,,>6T,Hyundai,HYU,Y,P,OHR,5508,0,0,,,0,0,0,0
2391,GIN,India,India,Region India,GEC,GPE Excavators Crawled,,>6T,JCB,JCB,Y,P,OHR,5122,0,0,,,0,0,0,0
2392,GIN,India,India,Region India,GEC,GPE Excavators Crawled,,>6T,Kobelco,KOB,Y,P,OHR,1545,0,0,,,0,0,0,0
2393,GIN,India,India,Region India,GEC,GPE Excavators Crawled,,>6T,Komatsu,KOM,Y,P,OHR,1762,0,0,,,0,0,0,0
2394,GIN,India,India,Region India,GEC,GPE Excavators Crawled,,>6T,Liugong,LIU,Y,P,OHR,1610,0,0,,,0,0,0,0
2395,GIN,India,India,Region India,GEC,GPE Excavators Crawled,,>6T,Sany,SNY,Y,P,OHR,4195,0,0,,,0,0,0,0
2396,GIN,India,India,Region India,GEC,GPE Excavators Crawled,,>6T,SDLG,LIN,Y,P,OHR,42,0,0,,,0,0,0,0
2397,GIN,India,India,Region India,GEC,GPE Excavators Crawled,,>6T,Tata Hitachi (ex. Te,,Y,P,OHR,5988,0,0,,,0,0,0,0
2398,GIN,India,India,Region India,GEC,GPE Excavators Crawled,,>6T,Volvo,VCE,Y,P,OHR,1128,0,0,,,0,0,0,0
2399,GIN,India,India,Region India,GEC,GPE Excavators Crawled,,>6T,XCMG,XCM,Y,P,OHR,2286,0,0,,,0,0,0,0
2400,GIN,India,India,Region India,GEW,Wheeled Excavators,,>6T,Liebherr,LIE,,P,OHR,4,0,0,,,0,0,1,1
2401,GIN,India,India,Region India,GEW,GPE Excavators Wheeled,,>6T,Liugong,LIU,Y,P,OHR,0,0,0,,,0,0,0,0
2402,GIN,India,India,Region India,GEW,GPE Excavators Wheeled,,>6T,Sany,SNY,Y,P,OHR,0,0,0,,,0,0,0,0
2403,GIN,India,India,Region India,WLO,Wheel Loaders,,<10,Eimco Elecon,,Y,P,OHR,9,0,0,,,0,0,0,0
2404,GIN,India,India,Region India,WLO,Wheel Loaders,,<10,Liugong,LIU,Y,P,OHR,74,0,0,,,0,0,0,0
2405,GIN,India,India,Region India,WLO,Wheel Loaders,,>10,BEML,BEM,Y,P,OHR,103,0,0,,,0,0,0,0
2406,GIN,India,India,Region India,WLO,Wheel Loaders,,>10,Caterpillar Inc,,Y,P,OHR,682,0,0,,,0,0,0,0
2407,GIN,India,India,Region India,WLO,Wheel Loaders,,>10,Eimco Elecon,,Y,P,OHR,2,0,0,,,0,0,0,0
2408,GIN,India,India,Region India,WLO,Wheel Loaders,,>10,Hyundai,HYU,,P,OHR,55,0,0,,,0,0,1,1
2409,GIN,India,India,Region India,WLO,Wheel Loaders,,>10,JCB,JCB,Y,P,OHR,998,0,0,,,0,0,0,0
2410,GIN,India,India,Region India,WLO,Wheel Loaders,,>10,Komatsu,KOM,Y,P,OHR,5,0,0,,,0,0,0,0
2411,GIN,India,India,Region India,WLO,Wheel Loaders,,>10,L&T,,Y,P,OHR,164,0,0,,,0,0,0,0
2412,GIN,India,India,Region India,WLO,Wheel Loaders,,>10,Liebherr,LIE,Y,P,OHR,24,0,0,,,0,0,0,0
2413,GIN,India,India,Region India,WLO,Wheel Loaders,,>10,Liugong,LIU,Y,P,OHR,924,0,0,,,0,0,0,0
2414,GIN,India,India,Region India,WLO,Wheel Loaders,,>10,SDLG,LIN,Y,P,OHR,364,0,0,,,0,0,0,0
2415,GIN,India,India,Region India,WLO,Wheel Loaders,,>10,SEM,SEM,Y,P,OHR,147,0,0,,,0,0,0,0
2416,GIN,India,India,Region India,WLO,Wheel Loaders,,>10,Tata Hitachi (ex. Te,,Y,P,OHR,204,0,0,,,0,0,0,0
2417,GIN,India,India,Region India,WLO,Wheel Loaders,,>10,Volvo,VCE,Y,P,OHR,80,0,0,,,0,0,0,0
2418,GIN,India,India,Region India,WLO,Wheel Loaders,,>10,XCMG,XCM,Y,P,OHR,127,0,0,,,0,0,0,0
2419,GIT,Italy,Italy,Region Europe,330,Articulated Haulers,,,Bell,BEL,,P,OHR,8,0,0,,,0,0,1,1
2420,GIT,Italy,Italy,Region Europe,330,Articulated Haulers,,#,Caterpillar Inc,,Y,P,OHR,38,0,0,,,0,0,0,0
2421,GIT,Italy,Italy,Region Europe,330,Articulated Haulers,,#,Develon,DOO,Y,P,OHR,9,0,0,,,0,0,0,0
2422,GIT,Italy,Italy,Region Europe,330,Articulated Haulers,,#,Hyundai,HYU,Y,P,OHR,5,0,0,,,0,0,0,0
2423,GIT,Italy,Italy,Region Europe,330,Articulated Haulers,,#,Komatsu,KOM,Y,P,OHR,18,0,0,,,0,0,0,0
2424,GIT,Italy,Italy,Region Europe,330,Articulated Haulers,,#,Volvo,VCE,Y,P,OHR,29,0,0,,,0,0,0,0
2425,GIT,Italy,Italy,Region Europe,340,Rigid Haulers,,#,Caterpillar Inc,,Y,P,OHR,3,0,0,,,0,0,0,0
2426,GIT,Italy,Italy,Region Europe,340,Rigid Haulers,,,Perlini,PER,,P,OHR,3,0,0,,,0,0,1,1
2427,GIT,Italy,Italy,Region Europe,380,Motor Graders,,#,Case,CAS,Y,P,OHR,3,0,0,,,0,0,0,0
2428,GIT,Italy,Italy,Region Europe,380,Motor Graders,,#,Caterpillar Inc,,Y,P,OHR,5,0,0,,,0,0,0,0
2429,GIT,Italy,Italy,Region Europe,380,Motor Graders,,,Deere,JOH,,P,OHR,5,0,0,,,0,0,1,1
2430,GIT,Italy,Italy,Region Europe,380,Motor Graders,,#,Hidromek,HID,Y,P,OHR,1,0,0,,,0,0,0,0
2431,GIT,Italy,Italy,Region Europe,380,Motor Graders,,#,Komatsu,KOM,Y,P,OHR,1,0,0,,,0,0,0,0
2432,GIT,Italy,Italy,Region Europe,380,Motor Graders,,,XCMG,XCM,,P,OHR,1,0,0,,,0,0,1,1
2433,GIT,Italy,Italy,Region Europe,410,Backhoe Loaders,,,Case,CAS,,P,OHR,12,0,0,,,0,0,1,1
2434,GIT,Italy,Italy,Region Europe,410,Backhoe Loaders,,,Caterpillar Inc,CAT,,P,OHR,29,0,0,,,0,0,1,1
2435,GIT,Italy,Italy,Region Europe,410,Backhoe Loaders,,,Hidromek,HID,,P,OHR,3,0,0,,,0,0,1,1
2436,GIT,Italy,Italy,Region Europe,410,Backhoe Loaders,,,JCB,JCB,,P,OHR,46,0,0,,,0,0,1,1
2437,GIT,Italy,Italy,Region Europe,410,Backhoe Loaders,,,Komatsu,KOM,,P,OHR,16,0,0,,,0,0,1,1
2438,GIT,Italy,Italy,Region Europe,410,Backhoe Loaders,,,Mecalac,MEC,,P,OHR,1,0,0,,,0,0,1,1
2439,GIT,Italy,Italy,Region Europe,410,Backhoe Loaders,,,New Holland,NEW,,P,OHR,3,0,0,,,0,0,1,1
2440,GIT,Italy,Italy,Region Europe,410,Backhoe Loaders,,,Venieri,VEN,,P,OHR,35,0,0,,,0,0,1,1
2441,GIT,Italy,Italy,Region Europe,CEX,Compact Excavators,,<6T,Bobcat,BOB,Y,P,OHR,652,0,0,,,0,0,0,0
2442,GIT,Italy,Italy,Region Europe,CEX,Compact Excavators,,<6T,Cams Macchine,CAM,,P,OHR,25,0,0,,,1,1,1,1
2443,GIT,Italy,Italy,Region Europe,CEX,Compact Excavators,,<6T,Case,CAS,Y,P,OHR,260,0,0,,,0,0,0,0
2444,GIT,Italy,Italy,Region Europe,CEX,Compact Excavators,,<6T,Caterpillar Inc,,Y,P,OHR,1225,0,0,,,0,0,0,0
2445,GIT,Italy,Italy,Region Europe,CEX,Compact Excavators,,<6T,Develon,DOO,Y,P,OHR,166,0,0,,,0,0,0,0
2446,GIT,Italy,Italy,Region Europe,CEX,Compact Excavators,,<6T,Eurocomach,EUR,Y,P,OHR,500,0,0,,,0,0,0,0
2447,GIT,Italy,Italy,Region Europe,CEX,Compact Excavators,,<6T,Hitachi,HIT,Y,P,OHR,991,0,0,,,0,0,0,0
2448,GIT,Italy,Italy,Region Europe,CEX,Compact Excavators,,<6T,Hyundai,HYU,Y,P,OHR,290,0,0,,,0,0,0,0
2449,GIT,Italy,Italy,Region Europe,CEX,Compact Excavators,,<6T,JCB,JCB,Y,P,OHR,715,0,0,,,0,0,0,0
2450,GIT,Italy,Italy,Region Europe,CEX,Compact Excavators,,<6T,Kato Imer,KAT,Y,P,OHR,299,0,0,,,0,0,0,0
2451,GIT,Italy,Italy,Region Europe,CEX,Compact Excavators,,<6T,Kobelco,KOB,Y,P,OHR,431,0,0,,,0,0,0,0
2452,GIT,Italy,Italy,Region Europe,CEX,Compact Excavators,,<6T,Komatsu,KOM,Y,P,OHR,800,0,0,,,0,0,0,0
2453,GIT,Italy,Italy,Region Europe,CEX,Compact Excavators,,<6T,Kubota,KUB,Y,P,OHR,2238,0,0,,,0,0,0,0
2454,GIT,Italy,Italy,Region Europe,CEX,Compact Excavators,,<6T,Liugong,LIU,Y,P,OHR,113,0,0,,,0,0,0,0
2455,GIT,Italy,Italy,Region Europe,CEX,Compact Excavators,,<6T,Messersi,,Y,P,OHR,10,0,0,,,0,0,0,0
2456,GIT,Italy,Italy,Region Europe,CEX,Compact Excavators,,<6T,New Holland,NEW,Y,P,OHR,60,0,0,,,0,0,0,0
2457,GIT,Italy,Italy,Region Europe,CEX,Compact Excavators,,<6T,OTN,OTN,,P,OHR,34,0,0,,,1,1,1,1
2458,GIT,Italy,Italy,Region Europe,CEX,Compact Excavators,,<6T,Sany,SNY,Y,P,OHR,770,0,0,,,0,0,0,0
2459,GIT,Italy,Italy,Region Europe,CEX,Compact Excavators,,<6T,Sunward,SUN,Y,P,OHR,365,0,0,,,0,0,0,0
2460,GIT,Italy,Italy,Region Europe,CEX,Compact Excavators,,<6T,Takeuchi,TAK,,P,OHR,750,0,0,,,1,1,1,1
2461,GIT,Italy,Italy,Region Europe,CEX,Compact Excavators,,<6T,Volvo,VCE,Y,P,OHR,290,0,0,,,0,0,0,0
2462,GIT,Italy,Italy,Region Europe,CEX,Compact Excavators,,<6T,Wacker Neuson,WAN,Y,P,OHR,595,0,0,,,0,0,0,0
2463,GIT,Italy,Italy,Region Europe,CEX,Compact Excavators,,<6T,XCMG,XCM,,P,OHR,185,0,0,,,1,1,1,1
2464,GIT,Italy,Italy,Region Europe,CEX,Compact Excavators,,<6T,Yanmar,YAN,Y,P,OHR,990,0,0,,,0,0,0,0
2465,GIT,Italy,Italy,Region Europe,GEC,GPE Excavators Crawled,,>6T,Bobcat,BOB,Y,P,OHR,13,0,0,,,0,0,0,0
2466,GIT,Italy,Italy,Region Europe,GEC,GPE Excavators Crawled,,>6T,Case,CAS,Y,P,OHR,190,0,0,,,0,0,0,0
2467,GIT,Italy,Italy,Region Europe,GEC,GPE Excavators Crawled,,>6T,Caterpillar Inc,,Y,P,OHR,738,0,0,,,0,0,0,0
2468,GIT,Italy,Italy,Region Europe,GEC,GPE Excavators Crawled,,>6T,Develon,DOO,Y,P,OHR,382,0,0,,,0,0,0,0
2469,GIT,Italy,Italy,Region Europe,GEC,GPE Excavators Crawled,,>6T,Eurocomach,EUR,Y,P,OHR,55,0,0,,,0,0,0,0
2470,GIT,Italy,Italy,Region Europe,GEC,GPE Excavators Crawled,,>6T,Hidromek,HID,Y,P,OHR,45,0,0,,,0,0,0,0
2471,GIT,Italy,Italy,Region Europe,GEC,GPE Excavators Crawled,,>6T,Hitachi,HIT,Y,P,OHR,499,0,0,,,0,0,0,0
2472,GIT,Italy,Italy,Region Europe,GEC,GPE Excavators Crawled,,>6T,Hyundai,HYU,Y,P,OHR,174,0,0,,,0,0,0,0
2473,GIT,Italy,Italy,Region Europe,GEC,GPE Excavators Crawled,,>6T,JCB,JCB,Y,P,OHR,93,0,0,,,0,0,0,0
2474,GIT,Italy,Italy,Region Europe,GEC,GPE Excavators Crawled,,>6T,Kato Imer,KAT,Y,P,OHR,35,0,0,,,0,0,0,0
2475,GIT,Italy,Italy,Region Europe,GEC,GPE Excavators Crawled,,>6T,Kobelco,KOB,Y,P,OHR,251,0,0,,,0,0,0,0
2476,GIT,Italy,Italy,Region Europe,GEC,GPE Excavators Crawled,,>6T,Komatsu,KOM,Y,P,OHR,350,0,0,,,0,0,0,0
2477,GIT,Italy,Italy,Region Europe,GEC,GPE Excavators Crawled,,>6T,Kubota,KUB,Y,P,OHR,188,0,0,,,0,0,0,0
2478,GIT,Italy,Italy,Region Europe,GEC,GPE Excavators Crawled,,>6T,Liebherr,LIE,Y,P,OHR,49,0,0,,,0,0,0,0
2479,GIT,Italy,Italy,Region Europe,GEC,GPE Excavators Crawled,,>6T,Liugong,LIU,Y,P,OHR,35,0,0,,,0,0,0,0
2480,GIT,Italy,Italy,Region Europe,GEC,GPE Excavators Crawled,,>6T,Mecalac,MEC,Y,P,OHR,20,0,0,,,0,0,0,0
2481,GIT,Italy,Italy,Region Europe,GEC,GPE Excavators Crawled,,>6T,Sany,SNY,Y,P,OHR,275,0,0,,,0,0,0,0
2482,GIT,Italy,Italy,Region Europe,GEC,GPE Excavators Crawled,,>6T,Sunward,SUN,Y,P,OHR,120,0,0,,,0,0,0,0
2483,GIT,Italy,Italy,Region Europe,GEC,Crawler Excavators,,>6T,Takeuchi,TAK,,P,OHR,240,0,0,,,0,0,1,1
2484,GIT,Italy,Italy,Region Europe,GEC,GPE Excavators Crawled,,>6T,Volvo,VCE,Y,P,OHR,242,0,0,,,0,0,0,0
2485,GIT,Italy,Italy,Region Europe,GEC,GPE Excavators Crawled,,>6T,Wacker Neuson,WAN,Y,P,OHR,95,0,0,,,0,0,0,0
2486,GIT,Italy,Italy,Region Europe,GEC,Crawler Excavators,,>6T,XCMG,XCM,,P,OHR,30,0,0,,,0,0,1,1
2487,GIT,Italy,Italy,Region Europe,GEC,GPE Excavators Crawled,,>6T,Yanmar,YAN,Y,P,OHR,140,0,0,,,0,0,0,0
2488,GIT,Italy,Italy,Region Europe,GEW,Wheeled Excavators,,>6T,Atlas,ATL,,P,OHR,9,0,0,,,0,0,1,1
2489,GIT,Italy,Italy,Region Europe,GEW,GPE Excavators Wheeled,,>6T,Case,CAS,Y,P,OHR,5,0,0,,,0,0,0,0
2490,GIT,Italy,Italy,Region Europe,GEW,GPE Excavators Wheeled,,>6T,Caterpillar Inc,,Y,P,OHR,85,0,0,,,0,0,0,0
2491,GIT,Italy,Italy,Region Europe,GEW,GPE Excavators Wheeled,,>6T,Develon,DOO,Y,P,OHR,42,0,0,,,0,0,0,0
2492,GIT,Italy,Italy,Region Europe,GEW,GPE Excavators Wheeled,,>6T,Hidromek,HID,Y,P,OHR,4,0,0,,,0,0,0,0
2493,GIT,Italy,Italy,Region Europe,GEW,GPE Excavators Wheeled,,>6T,Hitachi,HIT,Y,P,OHR,29,0,0,,,0,0,0,0
2494,GIT,Italy,Italy,Region Europe,GEW,GPE Excavators Wheeled,,>6T,Hyundai,HYU,Y,P,OHR,18,0,0,,,0,0,0,0
2495,GIT,Italy,Italy,Region Europe,GEW,GPE Excavators Wheeled,,>6T,JCB,JCB,Y,P,OHR,15,0,0,,,0,0,0,0
2496,GIT,Italy,Italy,Region Europe,GEW,GPE Excavators Wheeled,,>6T,Komatsu,KOM,Y,P,OHR,30,0,0,,,0,0,0,0
2497,GIT,Italy,Italy,Region Europe,GEW,GPE Excavators Wheeled,,>6T,Liebherr,LIE,Y,P,OHR,29,0,0,,,0,0,0,0
2498,GIT,Italy,Italy,Region Europe,GEW,GPE Excavators Wheeled,,>6T,Mecalac,MEC,Y,P,OHR,5,0,0,,,0,0,0,0
2499,GIT,Italy,Italy,Region Europe,GEW,GPE Excavators Wheeled,,>6T,Sany,SNY,Y,P,OHR,10,0,0,,,0,0,0,0
2500,GIT,Italy,Italy,Region Europe,GEW,Wheeled Excavators,,>6T,Takeuchi,TAK,,P,OHR,10,0,0,,,0,0,1,1
2501,GIT,Italy,Italy,Region Europe,GEW,GPE Excavators Wheeled,,>6T,Volvo,VCE,Y,P,OHR,22,0,0,,,0,0,0,0
2502,GIT,Italy,Italy,Region Europe,GEW,GPE Excavators Wheeled,,>6T,Wacker Neuson,WAN,Y,P,OHR,15,0,0,,,0,0,0,0
2503,GIT,Italy,Italy,Region Europe,GEW,Wheeled Excavators,,>6T,XCMG,XCM,,P,OHR,1,0,0,,,0,0,1,1
2504,GIT,Italy,Italy,Region Europe,GEW,GPE Excavators Wheeled,,>6T,Yanmar,YAN,Y,P,OHR,5,0,0,,,0,0,0,0
2505,GIT,Italy,Italy,Region Europe,WLO,Wheel Loaders,,<10,Bobcat,BOB,Y,P,OHR,18,0,0,,,0,0,0,0
2506,GIT,Italy,Italy,Region Europe,WLO,Wheel Loaders,,<10,Case,CAS,Y,P,OHR,20,0,0,,,0,0,0,0
2507,GIT,Italy,Italy,Region Europe,WLO,Wheel Loaders,,<10,Caterpillar Inc,,Y,P,OHR,57,0,0,,,0,0,0,0
2508,GIT,Italy,Italy,Region Europe,WLO,Wheel Loaders,,<10,Claas,,Y,P,OHR,5,0,0,,,0,0,0,0
2509,GIT,Italy,Italy,Region Europe,WLO,Wheel Loaders,,<10,Develon,DOO,Y,P,OHR,2,0,0,,,0,0,0,0
2510,GIT,Italy,Italy,Region Europe,WLO,Wheel Loaders,,<10,Dieci,DIE,,P,OHR,7,0,0,,,0,0,0,0
2511,GIT,Italy,Italy,Region Europe,WLO,Wheel Loaders,,<10,Hitachi,HIT,Y,P,OHR,13,0,0,,,0,0,0,0
2512,GIT,Italy,Italy,Region Europe,WLO,Wheel Loaders,,<10,JCB,JCB,Y,P,OHR,20,0,0,,,0,0,0,0
2513,GIT,Italy,Italy,Region Europe,WLO,Wheel Loaders,,<10,Komatsu,KOM,Y,P,OHR,25,0,0,,,0,0,0,0
2514,GIT,Italy,Italy,Region Europe,WLO,Wheel Loaders,,<10,Kramer,KRA,Y,P,OHR,30,0,0,,,0,0,0,0
2515,GIT,Italy,Italy,Region Europe,WLO,Wheel Loaders,,<10,Kubota,KUB,Y,P,OHR,21,0,0,,,0,0,0,0
2516,GIT,Italy,Italy,Region Europe,WLO,Wheel Loaders,,<10,Mecalac,MEC,Y,P,OHR,5,0,0,,,0,0,0,0
2517,GIT,Italy,Italy,Region Europe,WLO,Wheel Loaders,,<10,New Holland,NEW,Y,P,OHR,5,0,0,,,0,0,0,0
2518,GIT,Italy,Italy,Region Europe,WLO,Wheel Loaders,,<10,Venieri,VEN,Y,P,OHR,45,0,0,,,0,0,0,0
2519,GIT,Italy,Italy,Region Europe,WLO,Wheel Loaders,,<10,Volvo,VCE,Y,P,OHR,34,0,0,,,0,0,0,0
2520,GIT,Italy,Italy,Region Europe,WLO,Wheel Loaders,,<10,Wacker Neuson,WAN,Y,P,OHR,20,0,0,,,0,0,0,0
2521,GIT,Italy,Italy,Region Europe,WLO,Wheel Loaders,,<10,Weidemann,WEI,,P,OHR,12,0,0,,,0,0,0,0
2522,GIT,Italy,Italy,Region Europe,WLO,Wheel Loaders,,<10,Yanmar,YAN,Y,P,OHR,17,0,0,,,0,0,0,0
2523,GIT,Italy,Italy,Region Europe,WLO,Wheel Loaders,,>10,Case,CAS,Y,P,OHR,75,0,0,,,0,0,0,0
2524,GIT,Italy,Italy,Region Europe,WLO,Wheel Loaders,,>10,Caterpillar Inc,,Y,P,OHR,290,0,0,,,0,0,0,0
2525,GIT,Italy,Italy,Region Europe,WLO,Wheel Loaders,,>10,Claas,,Y,P,OHR,6,0,0,,,0,0,0,0
2526,GIT,Italy,Italy,Region Europe,WLO,Wheel Loaders,,>10,Develon,DOO,Y,P,OHR,81,0,0,,,0,0,0,0
2527,GIT,Italy,Italy,Region Europe,WLO,Wheel Loaders,,>10,Hidromek,HID,Y,P,OHR,2,0,0,,,0,0,0,0
2528,GIT,Italy,Italy,Region Europe,WLO,Wheel Loaders,,>10,Hitachi,HIT,Y,P,OHR,134,0,0,,,0,0,0,0
2529,GIT,Italy,Italy,Region Europe,WLO,Wheel Loaders,,>10,Hyundai,HYU,Y,P,OHR,58,0,0,,,0,0,0,0
2530,GIT,Italy,Italy,Region Europe,WLO,Wheel Loaders,,>10,JCB,JCB,Y,P,OHR,20,0,0,,,0,0,0,0
2531,GIT,Italy,Italy,Region Europe,WLO,Wheel Loaders,,>10,Komatsu,KOM,Y,P,OHR,110,0,0,,,0,0,0,0
2532,GIT,Italy,Italy,Region Europe,WLO,Wheel Loaders,,>10,Kramer,KRA,Y,P,OHR,1,0,0,,,0,0,0,0
2533,GIT,Italy,Italy,Region Europe,WLO,Wheel Loaders,,>10,Liebherr,LIE,Y,P,OHR,31,0,0,,,0,0,0,0
2534,GIT,Italy,Italy,Region Europe,WLO,Wheel Loaders,,>10,Liugong,LIU,Y,P,OHR,9,0,0,,,0,0,0,0
2535,GIT,Italy,Italy,Region Europe,WLO,Wheel Loaders,,>10,New Holland,NEW,Y,P,OHR,9,0,0,,,0,0,0,0
2536,GIT,Italy,Italy,Region Europe,WLO,Wheel Loaders,,>10,Venieri,VEN,Y,P,OHR,65,0,0,,,0,0,0,0
2537,GIT,Italy,Italy,Region Europe,WLO,Wheel Loaders,,>10,Volvo,VCE,Y,P,OHR,212,0,0,,,0,0,0,0
2538,GIT,Italy,Italy,Region Europe,WLO,Wheel Loaders,,>10,Wacker Neuson,WAN,Y,P,OHR,10,0,0,,,0,0,0,0
2539,GIT,Italy,Italy,Region Europe,WLO,Wheel Loaders,,>10,XCMG,XCM,,P,OHR,6,0,0,,,0,0,1,1
2540,GJP,Japan,Japan,Region Asia,330,Articulated Haulers,,#,Caterpillar Inc,,Y,P,OHR,27,0,0,,,0,0,0,0
2541,GJP,Japan,Japan,Region Asia,330,Articulated Haulers,,#,Komatsu,KOM,Y,P,OHR,65,0,0,,,0,0,0,0
2542,GJP,Japan,Japan,Region Asia,330,Articulated Haulers,,#,Volvo,VCE,Y,P,OHR,73,0,0,,,0,0,0,0
2543,GJP,Japan,Japan,Region Asia,340,Rigid Haulers,,#,Caterpillar Inc,,Y,P,OHR,20,0,0,,,0,0,0,0
2544,GJP,Japan,Japan,Region Asia,340,Rigid Haulers,,#,Hitachi,HIT,Y,P,OHR,10,0,0,,,0,0,0,0
2545,GJP,Japan,Japan,Region Asia,340,Rigid Haulers,,#,Komatsu,KOM,Y,P,OHR,50,0,0,,,0,0,0,0
2546,GJP,Japan,Japan,Region Asia,380,Motor Graders,,,HBM,HBM,,P,OHR,7,0,0,,,0,0,1,1
2547,GJP,Japan,Japan,Region Asia,380,Motor Graders,,#,Caterpillar Inc,,Y,P,OHR,49,0,0,,,0,0,0,0
2548,GJP,Japan,Japan,Region Asia,380,Motor Graders,,#,Hidromek,HID,Y,P,OHR,17,0,0,,,0,0,0,0
2549,GJP,Japan,Japan,Region Asia,380,Motor Graders,,#,Komatsu,KOM,Y,P,OHR,80,0,0,,,0,0,0,0
2550,GJP,Japan,Japan,Region Asia,380,Motor Graders,,,OTN,OTN,,P,OHR,2,0,0,,,0,0,1,1
2551,GJP,Japan,Japan,Region Asia,390,Compaction Machines,,,Bomag,BOM,,P,DES,170,0,0,,,0,0,1,1
2552,GJP,Japan,Japan,Region Asia,390,Compaction Machines,,,Hitachi,HIT,,P,DES,170,0,0,,,0,0,1,1
2553,GJP,Japan,Japan,Region Asia,390,Compaction Machines,,,Kanto,KAN,,P,DES,161,0,0,,,0,0,1,1
2554,GJP,Japan,Japan,Region Asia,390,Compaction Machines,,,Sakai,SAK,,P,DES,754,0,0,,,0,0,1,1
2555,GJP,Japan,Japan,Region Asia,390,Compaction Machines,,,Volvo,VCE,,P,DES,1,0,0,,,0,0,1,1
2556,GJP,Japan,Japan,Region Asia,CEX,Compact Excavators,,<6T,Airman,AIR,Y,P,OHR,80,0,0,,,0,0,0,0
2557,GJP,Japan,Japan,Region Asia,CEX,Compact Excavators,,<6T,Caterpillar Inc,,Y,P,OHR,1800,0,0,,,0,0,0,0
2558,GJP,Japan,Japan,Region Asia,CEX,Compact Excavators,,<6T,Hitachi,HIT,Y,P,OHR,2250,0,0,,,0,0,0,0
2559,GJP,Japan,Japan,Region Asia,CEX,Compact Excavators,,<6T,Kato Imer,KAT,Y,P,OHR,195,0,0,,,0,0,0,0
2560,GJP,Japan,Japan,Region Asia,CEX,Compact Excavators,,<6T,Kobelco,KOB,Y,P,OHR,2300,0,0,,,0,0,0,0
2561,GJP,Japan,Japan,Region Asia,CEX,Compact Excavators,,<6T,Komatsu,KOM,Y,P,OHR,3400,0,0,,,0,0,0,0
2562,GJP,Japan,Japan,Region Asia,CEX,Compact Excavators,,<6T,Kubota,KUB,Y,P,OHR,7500,0,0,,,0,0,0,0
2563,GJP,Japan,Japan,Region Asia,CEX,Compact Excavators,,<6T,OTN,OTN,,P,OHR,21,0,0,,,1,1,1,1
2564,GJP,Japan,Japan,Region Asia,CEX,Compact Excavators,,<6T,Volvo,VCE,Y,P,OHR,4,0,0,,,0,0,0,0
2565,GJP,Japan,Japan,Region Asia,CEX,Compact Excavators,,<6T,Yanmar,YAN,Y,P,OHR,7250,0,0,,,0,0,0,0
2566,GJP,Japan,Japan,Region Asia,GEC,GPE Excavators Crawled,,>6T,Caterpillar Inc,,Y,P,OHR,4400,0,0,,,0,0,0,0
2567,GJP,Japan,Japan,Region Asia,GEC,GPE Excavators Crawled,,>6T,Hitachi,HIT,Y,P,OHR,4600,0,0,,,0,0,0,0
2568,GJP,Japan,Japan,Region Asia,GEC,GPE Excavators Crawled,,>6T,Kato Imer,KAT,Y,P,OHR,1500,0,0,,,0,0,0,0
2569,GJP,Japan,Japan,Region Asia,GEC,GPE Excavators Crawled,,>6T,Kobelco,KOB,Y,P,OHR,4750,0,0,,,0,0,0,0
2570,GJP,Japan,Japan,Region Asia,GEC,GPE Excavators Crawled,,>6T,Komatsu,KOM,Y,P,OHR,4700,0,0,,,0,0,0,0
2571,GJP,Japan,Japan,Region Asia,GEC,Crawler Excavators,,>6T,OTN,OTN,,P,OHR,17,0,0,,,0,0,1,1
2572,GJP,Japan,Japan,Region Asia,GEC,GPE Excavators Crawled,,>6T,Sumitomo,SUM,Y,P,OHR,1920,0,0,,,0,0,0,0
2573,GJP,Japan,Japan,Region Asia,GEC,GPE Excavators Crawled,,>6T,Volvo,VCE,Y,P,OHR,13,0,0,,,0,0,0,0
2574,GJP,Japan,Japan,Region Asia,GEC,GPE Excavators Crawled,,>6T,Yanmar,YAN,Y,P,OHR,400,0,0,,,0,0,0,0
2575,GJP,Japan,Japan,Region Asia,GEW,GPE Excavators Wheeled,,>6T,Hitachi,HIT,Y,P,OHR,50,0,0,,,0,0,0,0
2576,GJP,Japan,Japan,Region Asia,GEW,GPE Excavators Wheeled,,>6T,Volvo,VCE,Y,P,OHR,5,0,0,,,0,0,0,0
2577,GJP,Japan,Japan,Region Asia,WLO,Wheel Loaders,,<10,Caterpillar Inc,,Y,P,OHR,640,0,0,,,0,0,0,0
2578,GJP,Japan,Japan,Region Asia,WLO,Wheel Loaders,,<10,Hitachi,HIT,Y,P,OHR,2500,0,0,,,0,0,0,0
2579,GJP,Japan,Japan,Region Asia,WLO,Wheel Loaders,,<10,Kobelco,KOB,Y,P,OHR,180,0,0,,,0,0,0,0
2580,GJP,Japan,Japan,Region Asia,WLO,Wheel Loaders,,<10,Komatsu,KOM,Y,P,OHR,3200,0,0,,,0,0,0,0
2581,GJP,Japan,Japan,Region Asia,WLO,Wheel Loaders,,<10,Kubota,KUB,Y,P,OHR,700,0,0,,,0,0,0,0
2582,GJP,Japan,Japan,Region Asia,WLO,Wheel Loaders,,<10,OTN,OTN,,P,OHR,3,0,0,,,0,0,0,0
2583,GJP,Japan,Japan,Region Asia,WLO,Wheel Loaders,,<10,Volvo,VCE,Y,P,OHR,7,0,0,,,0,0,0,0
2584,GJP,Japan,Japan,Region Asia,WLO,Wheel Loaders,,<10,Yanmar,YAN,Y,P,OHR,970,0,0,,,0,0,0,0
2585,GJP,Japan,Japan,Region Asia,WLO,Wheel Loaders,,>10,Caterpillar Inc,,Y,P,OHR,1280,0,0,,,0,0,0,0
2586,GJP,Japan,Japan,Region Asia,WLO,Wheel Loaders,,>10,Hitachi,HIT,Y,P,OHR,1680,0,0,,,0,0,0,0
2587,GJP,Japan,Japan,Region Asia,WLO,Wheel Loaders,,>10,Komatsu,KOM,Y,P,OHR,2830,0,0,,,0,0,0,0
2588,GJP,Japan,Japan,Region Asia,WLO,Wheel Loaders,,>10,OTN,OTN,,P,OHR,5,0,0,,,0,0,1,1
2589,GJP,Japan,Japan,Region Asia,WLO,Wheel Loaders,,>10,Volvo,VCE,Y,P,OHR,5,0,0,,,0,0,0,0
2590,GKH,Cambodia,Cambodia,Region Asia,390,Compaction Machines,,,Ammann,AMN,,P,DES,6,0,0,,,0,0,1,1
2591,GKH,Cambodia,Cambodia,Region Asia,390,Compaction Machines,,,Bomag,BOM,,P,DES,7.36,0,0,,,0,0,1,1
2592,GKH,Cambodia,Cambodia,Region Asia,390,Compaction Machines,,,Caterpillar Inc,CAT,,P,DES,10,0,0,,,0,0,1,1
2593,GKH,Cambodia,Cambodia,Region Asia,390,Compaction Machines,,,Dynapac,DYN,,P,DES,8,0,0,,,0,0,1,1
2594,GKH,Cambodia,Cambodia,Region Asia,390,Compaction Machines,,,Hamm,HAM,,P,DES,7,0,0,,,0,0,1,1
2595,GKH,Cambodia,Cambodia,Region Asia,390,Compaction Machines,,,Liugong,LIU,,P,DES,3,0,0,,,0,0,1,1
2596,GKH,Cambodia,Cambodia,Region Asia,390,Compaction Machines,,,Sakai,SAK,,P,DES,42,0,0,,,0,0,1,1
2597,GKH,Cambodia,Cambodia,Region Asia,390,Compaction Machines,,,XCMG,XCM,,P,DES,9,0,0,,,0,0,1,1
2598,GKH,Cambodia,Cambodia,Region Asia,CEX,Compact Excavators,,<10T,Kubota,KUB,Y,P,DES,0,0,0,,,0,0,0,0
2599,GKH,Cambodia,Cambodia,Region Asia,CEX,Compact Excavators,,<10T,Kubota,KUB,,P,DES,4,0,0,,,0,0,0,0
2600,GKH,Cambodia,Cambodia,Region Asia,CEX,Compact Excavators,,<10T,Yanmar,YAN,Y,P,DES,0,0,0,,,0,0,0,0
2601,GKH,Cambodia,Cambodia,Region Asia,CEX,Compact Excavators,,<10T,Yanmar,YAN,,P,DES,10,0,0,,,0,0,0,0
2602,GKH,Cambodia,Cambodia,Region Asia,GEC,GPE Excavators Crawled,,>10T,Caterpillar Inc,,Y,P,DES,0,0,0,,,0,0,0,0
2603,GKH,Cambodia,Cambodia,Region Asia,GEC,Crawler Excavators,,>10T,Caterpillar Inc,CAT,,P,DES,68,0,0,,,0,0,0,0
2604,GKH,Cambodia,Cambodia,Region Asia,GEC,GPE Excavators Crawled,,>10T,Develon,DOO,Y,P,DES,0,0,0,,,0,0,0,0
2605,GKH,Cambodia,Cambodia,Region Asia,GEC,Crawler Excavators,,>10T,Develon,DOO,,P,DES,19,0,0,,,0,0,0,0
2606,GKH,Cambodia,Cambodia,Region Asia,GEC,GPE Excavators Crawled,,>10T,Hitachi,HIT,Y,P,DES,0,0,0,,,0,0,0,0
2607,GKH,Cambodia,Cambodia,Region Asia,GEC,Crawler Excavators,,>10T,Hitachi,HIT,,P,DES,22,0,0,,,0,0,0,0
2608,GKH,Cambodia,Cambodia,Region Asia,GEC,GPE Excavators Crawled,,>10T,Hyundai,HYU,Y,P,DES,0,0,0,,,0,0,0,0
2609,GKH,Cambodia,Cambodia,Region Asia,GEC,Crawler Excavators,,>10T,Hyundai,HYU,,P,DES,6,0,0,,,0,0,0,0
2610,GKH,Cambodia,Cambodia,Region Asia,GEC,GPE Excavators Crawled,,>10T,JCB,JCB,Y,P,DES,0,0,0,,,0,0,0,0
2611,GKH,Cambodia,Cambodia,Region Asia,GEC,Crawler Excavators,,>10T,JCB,JCB,,P,DES,15,0,0,,,0,0,0,0
2612,GKH,Cambodia,Cambodia,Region Asia,GEC,GPE Excavators Crawled,,>10T,Kobelco,KOB,Y,P,DES,0,0,0,,,0,0,0,0
2613,GKH,Cambodia,Cambodia,Region Asia,GEC,Crawler Excavators,,>10T,Kobelco,KOB,,P,DES,44,0,0,,,0,0,0,0
2614,GKH,Cambodia,Cambodia,Region Asia,GEC,GPE Excavators Crawled,,>10T,Komatsu,KOM,Y,P,DES,0,0,0,,,0,0,0,0
2615,GKH,Cambodia,Cambodia,Region Asia,GEC,Crawler Excavators,,>10T,Komatsu,KOM,,P,DES,71,0,0,,,0,0,0,0
2616,GKH,Cambodia,Cambodia,Region Asia,GEC,GPE Excavators Crawled,,>10T,Liugong,LIU,Y,P,DES,0,0,0,,,0,0,0,0
2617,GKH,Cambodia,Cambodia,Region Asia,GEC,Crawler Excavators,,>10T,Liugong,LIU,,P,DES,5,0,0,,,0,0,0,0
2618,GKH,Cambodia,Cambodia,Region Asia,GEC,GPE Excavators Crawled,,>10T,Sany,SNY,Y,P,DES,0,0,0,,,0,0,0,0
2619,GKH,Cambodia,Cambodia,Region Asia,GEC,Crawler Excavators,,>10T,Sany,SNY,,P,DES,14,0,0,,,0,0,0,0
2620,GKH,Cambodia,Cambodia,Region Asia,GEC,GPE Excavators Crawled,,>10T,Sumitomo,SUM,Y,P,DES,0,0,0,,,0,0,0,0
2621,GKH,Cambodia,Cambodia,Region Asia,GEC,Crawler Excavators,,>10T,Sumitomo,SUM,,P,DES,40,0,0,,,0,0,0,0
2622,GKH,Cambodia,Cambodia,Region Asia,GEW,GPE Excavators Wheeled,,>11T,Caterpillar Inc,,Y,P,DES,0,0,0,,,0,0,0,0
2623,GKH,Cambodia,Cambodia,Region Asia,GEW,Wheeled Excavators,,>11T,Caterpillar Inc,CAT,,P,DES,4,0,0,,,0,0,0,0
2624,GKH,Cambodia,Cambodia,Region Asia,WLO,Wheel Loaders,,<12,Develon,DOO,Y,P,DES,0,0,0,,,0,0,0,0
2625,GKH,Cambodia,Cambodia,Region Asia,WLO,Wheel Loaders,,<12,Develon,DOO,,P,DES,3,0,0,,,0,0,0,0
2626,GKH,Cambodia,Cambodia,Region Asia,WLO,Wheel Loaders,,<12,Hyundai,HYU,Y,P,DES,0,0,0,,,0,0,0,0
2627,GKH,Cambodia,Cambodia,Region Asia,WLO,Wheel Loaders,,<12,Hyundai,HYU,,P,DES,1,0,0,,,0,0,0,0
2628,GKH,Cambodia,Cambodia,Region Asia,WLO,Wheel Loaders,,<12,Liugong,LIU,Y,P,DES,0,0,0,,,0,0,0,0
2629,GKH,Cambodia,Cambodia,Region Asia,WLO,Wheel Loaders,,<12,Liugong,LIU,,P,DES,5,0,0,,,0,0,0,0
2630,GKH,Cambodia,Cambodia,Region Asia,WLO,Wheel Loaders,,<12,SDLG,LIN,Y,P,DES,0,0,0,,,0,0,0,0
2631,GKH,Cambodia,Cambodia,Region Asia,WLO,Wheel Loaders,,<12,SDLG,LIN,,P,DES,2,0,0,,,0,0,0,0
2632,GKH,Cambodia,Cambodia,Region Asia,WLO,Wheel Loaders,,<12,XCMG,XCM,Y,P,DES,0,0,0,,,0,0,0,0
2633,GKH,Cambodia,Cambodia,Region Asia,WLO,Wheel Loaders,,<12,XCMG,XCM,,P,DES,5,0,0,,,0,0,0,0
2634,GKH,Cambodia,Cambodia,Region Asia,WLO,Wheel Loaders,,>12,Develon,DOO,Y,P,DES,0,0,0,,,0,0,0,0
2635,GKH,Cambodia,Cambodia,Region Asia,WLO,Wheel Loaders,,>12,Develon,DOO,,P,DES,16,0,0,,,0,0,0,0
2636,GKH,Cambodia,Cambodia,Region Asia,WLO,Wheel Loaders,,>12,Komatsu,KOM,Y,P,DES,0,0,0,,,0,0,0,0
2637,GKH,Cambodia,Cambodia,Region Asia,WLO,Wheel Loaders,,>12,Komatsu,KOM,,P,DES,7,0,0,,,0,0,0,0
2638,GKH,Cambodia,Cambodia,Region Asia,WLO,Wheel Loaders,,>12,Liugong,LIU,Y,P,DES,0,0,0,,,0,0,0,0
2639,GKH,Cambodia,Cambodia,Region Asia,WLO,Wheel Loaders,,>12,Liugong,LIU,,P,DES,27,0,0,,,0,0,0,0
2640,GKH,Cambodia,Cambodia,Region Asia,WLO,Wheel Loaders,,>12,Lonking,LON,,P,DES,4,0,0,,,0,0,1,1
2641,GKH,Cambodia,Cambodia,Region Asia,WLO,Wheel Loaders,,>12,SDLG,LIN,Y,P,DES,0,0,0,,,0,0,0,0
2642,GKH,Cambodia,Cambodia,Region Asia,WLO,Wheel Loaders,,>12,SDLG,LIN,,P,DES,16,0,0,,,0,0,0,0
2643,GKH,Cambodia,Cambodia,Region Asia,WLO,Wheel Loaders,,>12,XCMG,XCM,Y,P,DES,0,0,0,,,0,0,0,0
2644,GKH,Cambodia,Cambodia,Region Asia,WLO,Wheel Loaders,,>12,XCMG,XCM,,P,DES,6,0,0,,,0,0,0,0
2645,GKR,South Korea,South Korea,Region Asia,330,Articulated Haulers,,#,Caterpillar Inc,,Y,P,KRF,1,0,0,,,0,0,0,0
2646,GKR,South Korea,South Korea,Region Asia,330,Articulated Haulers,,#,Volvo,VCE,Y,P,KRF,1,0,0,,,0,0,0,0
2647,GKR,South Korea,South Korea,Region Asia,340,Rigid Haulers,,#,Caterpillar Inc,,Y,P,KRF,1,0,0,,,0,0,0,0
2648,GKR,South Korea,South Korea,Region Asia,340,Rigid Haulers,,#,Komatsu,KOM,Y,P,KRF,2,0,0,,,0,0,0,0
2649,GKR,South Korea,South Korea,Region Asia,390,Compaction Machines,,,Ammann,AMN,,P,KRF,2,0,0,,,0,0,1,1
2650,GKR,South Korea,South Korea,Region Asia,390,Compaction Machines,,,Bomag,BOM,,P,KRF,54,0,0,,,0,0,1,1
2651,GKR,South Korea,South Korea,Region Asia,390,Compaction Machines,,,Caterpillar Inc,CAT,,P,KRF,32,0,0,,,0,0,1,1
2652,GKR,South Korea,South Korea,Region Asia,390,Compaction Machines,,,Dynapac,DYN,,P,KRF,8,0,0,,,0,0,1,1
2653,GKR,South Korea,South Korea,Region Asia,390,Compaction Machines,,,Hamm,HAM,,P,KRF,19,0,0,,,0,0,1,1
2654,GKR,South Korea,South Korea,Region Asia,390,Compaction Machines,,,Hitachi,HIT,,P,KRF,92,0,0,,,0,0,1,1
2655,GKR,South Korea,South Korea,Region Asia,390,Compaction Machines,,,Kanto,KAN,,P,KRF,98,0,0,,,0,0,1,1
2656,GKR,South Korea,South Korea,Region Asia,390,Compaction Machines,,,Ningbo,NNG,,P,KRF,4,0,0,,,0,0,1,1
2657,GKR,South Korea,South Korea,Region Asia,390,Compaction Machines,,,OTN,OTN,,P,KRF,1,0,0,,,0,0,0,0
2658,GKR,South Korea,South Korea,Region Asia,390,Compaction Machines,,,Sakai,SAK,,P,KRF,43,0,0,,,0,0,1,1
2659,GKR,South Korea,South Korea,Region Asia,390,Compaction Machines,,,Volvo,VCE,,P,KRF,5,0,0,,,0,0,1,1
2660,GKR,South Korea,South Korea,Region Asia,400,Paving Machines,,,Ammann,AMN,,P,KRF,3,0,0,,,0,0,0,0
2661,GKR,South Korea,South Korea,Region Asia,400,Paving Machines,,,Bomag,BOM,,P,KRF,9,0,0,,,0,0,0,0
2662,GKR,South Korea,South Korea,Region Asia,400,Paving Machines,,,Sumitomo,SUM,,P,KRF,5,0,0,,,0,0,0,0
2663,GKR,South Korea,South Korea,Region Asia,400,Paving Machines,,,Vogele,VOG,,P,KRF,11,0,0,,,0,0,0,0
2664,GKR,South Korea,South Korea,Region Asia,400,Paving Machines,,,Volvo,VCE,,P,KRF,10,0,0,,,0,0,0,0
2665,GKR,South Korea,South Korea,Region Asia,CEX,Compact Excavators,,6<10T,Develon,DOO,Y,P,KRF,7,0,0,,,0,0,0,0
2666,GKR,South Korea,South Korea,Region Asia,CEX,Compact Excavators,,6<10T,Hyundai,HYU,Y,P,KRF,12,0,0,,,0,0,0,0
2667,GKR,South Korea,South Korea,Region Asia,CEX,Compact Excavators,,6<10T,Kobelco,KOB,Y,P,KRF,17,0,0,,,0,0,0,0
2668,GKR,South Korea,South Korea,Region Asia,CEX,Compact Excavators,,6<10T,Volvo,VCE,Y,P,KRF,8,0,0,,,0,0,0,0
2669,GKR,South Korea,South Korea,Region Asia,CEX,Compact Excavators,,6<10T,Yanmar,YAN,Y,P,KRF,4,0,0,,,0,0,0,0
2670,GKR,South Korea,South Korea,Region Asia,CEX,Compact Excavators,,6<11T,Develon,DOO,Y,P,KRF,7,0,0,,,0,0,0,0
2671,GKR,South Korea,South Korea,Region Asia,CEX,Compact Excavators,,<6T,Bobcat,BOB,Y,P,KRF,44,0,0,,,0,0,0,0
2672,GKR,South Korea,South Korea,Region Asia,CEX,Compact Excavators,,<6T,Develon,DOO,Y,P,KRF,1787,0,0,,,0,0,0,0
2673,GKR,South Korea,South Korea,Region Asia,CEX,Compact Excavators,,<6T,Hitachi,HIT,Y,P,KRF,251,0,0,,,0,0,0,0
2674,GKR,South Korea,South Korea,Region Asia,CEX,Compact Excavators,,<6T,Horyong,,Y,P,KRF,10,0,0,,,0,0,0,0
2675,GKR,South Korea,South Korea,Region Asia,CEX,Compact Excavators,,<6T,Hyundai,HYU,Y,P,KRF,749,0,0,,,0,0,0,0
2676,GKR,South Korea,South Korea,Region Asia,CEX,Compact Excavators,,<6T,Kato Imer,KAT,Y,P,KRF,3,0,0,,,0,0,0,0
2677,GKR,South Korea,South Korea,Region Asia,CEX,Compact Excavators,,<6T,Kobelco,KOB,Y,P,KRF,456,0,0,,,0,0,0,0
2678,GKR,South Korea,South Korea,Region Asia,CEX,Compact Excavators,,<6T,Kubota,KUB,Y,P,KRF,1346,0,0,,,0,0,0,0
2679,GKR,South Korea,South Korea,Region Asia,CEX,Compact Excavators,,<6T,Sunward,SUN,Y,P,KRF,28,0,0,,,0,0,0,0
2680,GKR,South Korea,South Korea,Region Asia,CEX,Compact Excavators,,<6T,Volvo,VCE,Y,P,KRF,833,0,0,,,0,0,0,0
2681,GKR,South Korea,South Korea,Region Asia,CEX,Compact Excavators,,<6T,Wacker Neuson,WAN,Y,P,KRF,2,0,0,,,0,0,0,0
2682,GKR,South Korea,South Korea,Region Asia,CEX,Compact Excavators,,<6T,Yanmar,YAN,Y,P,KRF,1309,0,0,,,0,0,0,0
2683,GKR,South Korea,South Korea,Region Asia,GEC,GPE Excavators Crawled,,>10T,Caterpillar Inc,,Y,P,KRF,20,0,0,,,0,0,0,0
2684,GKR,South Korea,South Korea,Region Asia,GEC,GPE Excavators Crawled,,>10T,Develon,DOO,Y,P,KRF,595,0,0,,,0,0,0,0
2685,GKR,South Korea,South Korea,Region Asia,GEC,GPE Excavators Crawled,,>10T,Hyundai,HYU,Y,P,KRF,391,0,0,,,0,0,0,0
2686,GKR,South Korea,South Korea,Region Asia,GEC,GPE Excavators Crawled,,>10T,Kobelco,KOB,Y,P,KRF,14,0,0,,,0,0,0,0
2687,GKR,South Korea,South Korea,Region Asia,GEC,GPE Excavators Crawled,,>10T,Volvo,VCE,Y,P,KRF,415,0,0,,,0,0,0,0
2688,GKR,South Korea,South Korea,Region Asia,GEC,GPE Excavators Crawled,,>10T,Yanmar,YAN,Y,P,KRF,7,0,0,,,0,0,0,0
2689,GKR,South Korea,South Korea,Region Asia,GEW,GPE Excavators Wheeled,,>11T,Develon,DOO,Y,P,KRF,905,0,0,,,0,0,0,0
2690,GKR,South Korea,South Korea,Region Asia,GEW,GPE Excavators Wheeled,,>11T,Hyundai,HYU,Y,P,KRF,402,0,0,,,0,0,0,0
2691,GKR,South Korea,South Korea,Region Asia,GEW,GPE Excavators Wheeled,,>11T,Volvo,VCE,Y,P,KRF,755,0,0,,,0,0,0,0
2692,GKR,South Korea,South Korea,Region Asia,WLO,Wheel Loaders,,<12,Case,CAS,Y,P,DES,12,0,0,,,0,0,0,0
2693,GKR,South Korea,South Korea,Region Asia,WLO,Wheel Loaders,,<12,Caterpillar Inc,,Y,P,DES,15,0,0,,,0,0,0,0
2694,GKR,South Korea,South Korea,Region Asia,WLO,Wheel Loaders,,<12,Komatsu,KOM,Y,P,DES,15,0,0,,,0,0,0,0
2695,GKR,South Korea,South Korea,Region Asia,WLO,Wheel Loaders,,>12,Caterpillar Inc,,Y,P,KRF,28,0,0,,,0,0,0,0
2696,GKR,South Korea,South Korea,Region Asia,WLO,Wheel Loaders,,>12,Develon,DOO,Y,P,KRF,118,0,0,,,0,0,0,0
2697,GKR,South Korea,South Korea,Region Asia,WLO,Wheel Loaders,,>12,Hyundai,HYU,Y,P,KRF,65,0,0,,,0,0,0,0
2698,GKR,South Korea,South Korea,Region Asia,WLO,Wheel Loaders,,>12,Komatsu,KOM,Y,P,KRF,25,0,0,,,0,0,0,0
2699,GKR,South Korea,South Korea,Region Asia,WLO,Wheel Loaders,,>12,Volvo,VCE,Y,P,KRF,62,0,0,,,0,0,0,0
2700,GLA,Lao,Lao,Region Asia,390,Compaction Machines,,,Bomag,BOM,,P,DES,7,0,0,,,0,0,1,1
2701,GLA,Lao,Lao,Region Asia,390,Compaction Machines,,,Dynapac,DYN,,P,DES,8,0,0,,,0,0,1,1
2702,GLA,Lao,Lao,Region Asia,390,Compaction Machines,,,Sakai,SAK,,P,DES,16,0,0,,,0,0,1,1
2703,GLA,Lao,Lao,Region Asia,CEX,Compact Excavators,,<10T,Develon,DOO,Y,P,DES,0,0,0,,,0,0,0,0
2704,GLA,Lao,Lao,Region Asia,CEX,Compact Excavators,,<10T,Develon,DOO,,P,DES,5,0,0,,,0,0,0,0
2705,GLA,Lao,Lao,Region Asia,CEX,Compact Excavators,,<10T,Komatsu,KOM,Y,P,DES,0,0,0,,,0,0,0,0
2706,GLA,Lao,Lao,Region Asia,CEX,Compact Excavators,,<10T,Komatsu,KOM,,P,DES,5,0,0,,,0,0,0,0
2707,GLA,Lao,Lao,Region Asia,GEC,GPE Excavators Crawled,,>10T,Caterpillar Inc,,Y,P,DES,0,0,0,,,0,0,0,0
2708,GLA,Lao,Lao,Region Asia,GEC,GPE Excavators Crawled,,>10T,Develon,DOO,Y,P,DES,0,0,0,,,0,0,0,0
2709,GLA,Lao,Lao,Region Asia,GEC,Crawler Excavators,,>10T,Develon,DOO,,P,DES,40,0,0,,,0,0,0,0
2710,GLA,Lao,Lao,Region Asia,GEC,GPE Excavators Crawled,,>10T,JCB,JCB,Y,P,DES,0,0,0,,,0,0,0,0
2711,GLA,Lao,Lao,Region Asia,GEC,Crawler Excavators,,>10T,JCB,JCB,,P,DES,15,0,0,,,0,0,0,0
2712,GLA,Lao,Lao,Region Asia,GEC,GPE Excavators Crawled,,>10T,Kobelco,KOB,Y,P,DES,0,0,0,,,0,0,0,0
2713,GLA,Lao,Lao,Region Asia,GEC,Crawler Excavators,,>10T,Kobelco,KOB,,P,DES,125,0,0,,,0,0,0,0
2714,GLA,Lao,Lao,Region Asia,GEC,GPE Excavators Crawled,,>10T,Komatsu,KOM,Y,P,DES,0,0,0,,,0,0,0,0
2715,GLA,Lao,Lao,Region Asia,GEC,Crawler Excavators,,>10T,Komatsu,KOM,,P,DES,47,0,0,,,0,0,0,0
2716,GLA,Lao,Lao,Region Asia,GEC,GPE Excavators Crawled,,>10T,Liugong,LIU,Y,P,DES,0,0,0,,,0,0,0,0
2717,GLA,Lao,Lao,Region Asia,GEC,Crawler Excavators,,>10T,Liugong,LIU,,P,DES,72,0,0,,,0,0,0,0
2718,GLA,Lao,Lao,Region Asia,GEC,GPE Excavators Crawled,,>10T,Sany,SNY,Y,P,DES,0,0,0,,,0,0,0,0
2719,GLA,Lao,Lao,Region Asia,GEC,Crawler Excavators,,>10T,Sany,SNY,,P,DES,70,0,0,,,0,0,0,0
2720,GLA,Lao,Lao,Region Asia,GEC,GPE Excavators Crawled,,>10T,Sumitomo,SUM,Y,P,DES,0,0,0,,,0,0,0,0
2721,GLA,Lao,Lao,Region Asia,GEC,Crawler Excavators,,>10T,Sumitomo,SUM,,P,DES,64,0,0,,,0,0,0,0
2722,GLA,Lao,Lao,Region Asia,GEC,GPE Excavators Crawled,,>10T,Sunward,SUN,Y,P,DES,0,0,0,,,0,0,0,0
2723,GLA,Lao,Lao,Region Asia,GEC,Crawler Excavators,,>10T,Sunward,SUN,,P,DES,35,0,0,,,0,0,0,0
2724,GLA,Lao,Lao,Region Asia,GEC,GPE Excavators Crawled,,>10T,XCMG,XCM,Y,P,DES,0,0,0,,,0,0,0,0
2725,GLA,Lao,Lao,Region Asia,GEC,Crawler Excavators,,>10T,XCMG,XCM,,P,DES,20,0,0,,,0,0,0,0
2726,GLA,Lao,Lao,Region Asia,GEW,GPE Excavators Wheeled,,>11T,Develon,DOO,Y,P,DES,0,0,0,,,0,0,0,0
2727,GLA,Lao,Lao,Region Asia,GEW,Wheeled Excavators,,>11T,Develon,DOO,,P,DES,5,0,0,,,0,0,0,0
2728,GLA,Lao,Lao,Region Asia,WLO,Wheel Loaders,,10<12,Foton Lovol,FOL,Y,P,DES,0,0,0,,,0,0,0,0
2729,GLA,Lao,Lao,Region Asia,WLO,Wheel Loaders,,10<12,XCMG,XCM,Y,P,DES,0,0,0,,,0,0,0,0
2730,GLA,Lao,Lao,Region Asia,WLO,Wheel Loaders,,<12,Kubota,KUB,Y,P,DES,0,0,0,,,0,0,0,0
2731,GLA,Lao,Lao,Region Asia,WLO,Wheel Loaders,,<12,Kubota,KUB,,P,DES,9,0,0,,,0,0,0,0
2732,GLA,Lao,Lao,Region Asia,WLO,Wheel Loaders,,<12,Liugong,LIU,Y,P,DES,0,0,0,,,0,0,0,0
2733,GLA,Lao,Lao,Region Asia,WLO,Wheel Loaders,,<12,Liugong,LIU,,P,DES,19,0,0,,,0,0,0,0
2734,GLA,Lao,Lao,Region Asia,WLO,Wheel Loaders,,<12,Sany,SNY,Y,P,DES,0,0,0,,,0,0,0,0
2735,GLA,Lao,Lao,Region Asia,WLO,Wheel Loaders,,<12,Sany,SNY,,P,DES,10,0,0,,,0,0,0,0
2736,GLA,Lao,Lao,Region Asia,WLO,Wheel Loaders,,<12,Sunward,SUN,,P,DES,17,0,0,,,0,0,0,0
2737,GLA,Lao,Lao,Region Asia,WLO,Wheel Loaders,,<12,XCMG,XCM,Y,P,DES,0,0,0,,,0,0,0,0
2738,GLA,Lao,Lao,Region Asia,WLO,Wheel Loaders,,<12,XCMG,XCM,,P,DES,15,0,0,,,0,0,0,0
2739,GLA,Lao,Lao,Region Asia,WLO,Wheel Loaders,,<12,Yanmar,YAN,Y,P,DES,0,0,0,,,0,0,0,0
2740,GLA,Lao,Lao,Region Asia,WLO,Wheel Loaders,,<12,Yanmar,YAN,,P,DES,11,0,0,,,0,0,0,0
2741,GLA,Lao,Lao,Region Asia,WLO,Wheel Loaders,,>12,Komatsu,KOM,Y,P,DES,0,0,0,,,0,0,0,0
2742,GLA,Lao,Lao,Region Asia,WLO,Wheel Loaders,,>12,Komatsu,KOM,,P,DES,7,0,0,,,0,0,0,0
2743,GLA,Lao,Lao,Region Asia,WLO,Wheel Loaders,,>12,Liugong,LIU,Y,P,DES,0,0,0,,,0,0,0,0
2744,GLA,Lao,Lao,Region Asia,WLO,Wheel Loaders,,>12,Liugong,LIU,,P,DES,53,0,0,,,0,0,0,0
2745,GLA,Lao,Lao,Region Asia,WLO,Wheel Loaders,,>12,SDLG,LIN,Y,P,DES,0,0,0,,,0,0,0,0
2746,GLA,Lao,Lao,Region Asia,WLO,Wheel Loaders,,>12,SDLG,LIN,,P,DES,2,0,0,,,0,0,0,0
2747,GLA,Lao,Lao,Region Asia,WLO,Wheel Loaders,,>12,XCMG,XCM,Y,P,DES,0,0,0,,,0,0,0,0
2748,GLA,Lao,Lao,Region Asia,WLO,Wheel Loaders,,>12,XCMG,XCM,,P,DES,70,0,0,,,0,0,0,0
2749,GMM,Myanmar,Myanmar,Region Asia,390,Compaction Machines,,,Bomag,BOM,,P,DES,9,0,0,,,0,0,1,1
2750,GMM,Myanmar,Myanmar,Region Asia,390,Compaction Machines,,,Dynapac,DYN,,P,DES,5,0,0,,,0,0,1,1
2751,GMM,Myanmar,Myanmar,Region Asia,390,Compaction Machines,,,Hamm,HAM,,P,DES,6,0,0,,,0,0,1,1
2752,GMM,Myanmar,Myanmar,Region Asia,390,Compaction Machines,,,Sakai,SAK,,P,DES,6,0,0,,,0,0,1,1
2753,GMM,Myanmar,Myanmar,Region Asia,CEX,Compact Excavators,,<10T,Caterpillar Inc,,Y,P,DES,0,0,0,,,0,0,0,0
2754,GMM,Myanmar,Myanmar,Region Asia,CEX,Compact Excavators,,<10T,Caterpillar Inc,CAT,,P,DES,9,0,0,,,0,0,0,0
2755,GMM,Myanmar,Myanmar,Region Asia,CEX,Compact Excavators,,<10T,Develon,DOO,Y,P,DES,0,0,0,,,0,0,0,0
2756,GMM,Myanmar,Myanmar,Region Asia,CEX,Compact Excavators,,<10T,Develon,DOO,,P,DES,3,0,0,,,0,0,0,0
2757,GMM,Myanmar,Myanmar,Region Asia,CEX,Compact Excavators,,<10T,Hyundai,HYU,Y,P,DES,0,0,0,,,0,0,0,0
2758,GMM,Myanmar,Myanmar,Region Asia,CEX,Compact Excavators,,<10T,Hyundai,HYU,,P,DES,4,0,0,,,0,0,0,0
2759,GMM,Myanmar,Myanmar,Region Asia,CEX,Compact Excavators,,<10T,Kobelco,KOB,Y,P,DES,0,0,0,,,0,0,0,0
2760,GMM,Myanmar,Myanmar,Region Asia,CEX,Compact Excavators,,<10T,Kobelco,KOB,,P,DES,3,0,0,,,0,0,0,0
2761,GMM,Myanmar,Myanmar,Region Asia,GEC,GPE Excavators Crawled,,>10T,Caterpillar Inc,,Y,P,DES,0,0,0,,,0,0,0,0
2762,GMM,Myanmar,Myanmar,Region Asia,GEC,Crawler Excavators,,>10T,Caterpillar Inc,CAT,,P,DES,5,0,0,,,0,0,0,0
2763,GMM,Myanmar,Myanmar,Region Asia,GEC,GPE Excavators Crawled,,>10T,Develon,DOO,Y,P,DES,0,0,0,,,0,0,0,0
2764,GMM,Myanmar,Myanmar,Region Asia,GEC,Crawler Excavators,,>10T,Develon,DOO,,P,DES,12,0,0,,,0,0,0,0
2765,GMM,Myanmar,Myanmar,Region Asia,GEC,GPE Excavators Crawled,,>10T,Hitachi,HIT,Y,P,DES,0,0,0,,,0,0,0,0
2766,GMM,Myanmar,Myanmar,Region Asia,GEC,Crawler Excavators,,>10T,Hitachi,HIT,,P,DES,6,0,0,,,0,0,0,0
2767,GMM,Myanmar,Myanmar,Region Asia,GEC,GPE Excavators Crawled,,>10T,Hyundai,HYU,Y,P,DES,0,0,0,,,0,0,0,0
2768,GMM,Myanmar,Myanmar,Region Asia,GEC,Crawler Excavators,,>10T,Hyundai,HYU,,P,DES,15,0,0,,,0,0,0,0
2769,GMM,Myanmar,Myanmar,Region Asia,GEC,GPE Excavators Crawled,,>10T,Kobelco,KOB,Y,P,DES,0,0,0,,,0,0,0,0
2770,GMM,Myanmar,Myanmar,Region Asia,GEC,Crawler Excavators,,>10T,Kobelco,KOB,,P,DES,11,0,0,,,0,0,0,0
2771,GMM,Myanmar,Myanmar,Region Asia,GEC,GPE Excavators Crawled,,>10T,Liugong,LIU,Y,P,DES,0,0,0,,,0,0,0,0
2772,GMM,Myanmar,Myanmar,Region Asia,GEC,Crawler Excavators,,>10T,Liugong,LIU,,P,DES,3,0,0,,,0,0,0,0
2773,GMM,Myanmar,Myanmar,Region Asia,GEC,GPE Excavators Crawled,,>10T,Sany,SNY,Y,P,DES,0,0,0,,,0,0,0,0
2774,GMM,Myanmar,Myanmar,Region Asia,GEC,Crawler Excavators,,>10T,Sany,SNY,,P,DES,27,0,0,,,0,0,0,0
2775,GMM,Myanmar,Myanmar,Region Asia,GEC,GPE Excavators Crawled,,>10T,SDLG,LIN,Y,P,DES,0,0,0,,,0,0,0,0
2776,GMM,Myanmar,Myanmar,Region Asia,GEC,Crawler Excavators,,>10T,SDLG,LIN,,P,DES,23,0,0,,,0,0,0,0
2777,GMM,Myanmar,Myanmar,Region Asia,GEC,GPE Excavators Crawled,,>10T,Sumitomo,SUM,Y,P,DES,0,0,0,,,0,0,0,0
2778,GMM,Myanmar,Myanmar,Region Asia,GEC,Crawler Excavators,,>10T,Sumitomo,SUM,,P,DES,7,0,0,,,0,0,0,0
2779,GMM,Myanmar,Myanmar,Region Asia,GEC,GPE Excavators Crawled,,>10T,Sunward,SUN,Y,P,DES,0,0,0,,,0,0,0,0
2780,GMM,Myanmar,Myanmar,Region Asia,GEC,Crawler Excavators,,>10T,Sunward,SUN,,P,DES,4,0,0,,,0,0,0,0
2781,GMM,Myanmar,Myanmar,Region Asia,GEC,GPE Excavators Crawled,,>10T,Volvo,VCE,Y,P,DES,0,0,0,,,0,0,0,0
2782,GMM,Myanmar,Myanmar,Region Asia,GEC,Crawler Excavators,,>10T,Volvo,VCE,,P,DES,1,0,0,,,0,0,0,0
2783,GMM,Myanmar,Myanmar,Region Asia,GEW,GPE Excavators Wheeled,,>11T,Develon,DOO,Y,P,DES,0,0,0,,,0,0,0,0
2784,GMM,Myanmar,Myanmar,Region Asia,GEW,Wheeled Excavators,,>11T,Develon,DOO,,P,DES,1,0,0,,,0,0,0,0
2785,GMM,Myanmar,Myanmar,Region Asia,WLO,Wheel Loaders,,<12,Komatsu,KOM,Y,P,DES,0,0,0,,,0,0,0,0
2786,GMM,Myanmar,Myanmar,Region Asia,WLO,Wheel Loaders,,<12,Komatsu,KOM,,P,DES,1,0,0,,,0,0,0,0
2787,GMM,Myanmar,Myanmar,Region Asia,WLO,Wheel Loaders,,>12,SDLG,LIN,Y,P,DES,0,0,0,,,0,0,0,0
2788,GMM,Myanmar,Myanmar,Region Asia,WLO,Wheel Loaders,,>12,SDLG,LIN,,P,DES,28,0,0,,,0,0,0,0
2789,GMM,Myanmar,Myanmar,Region Asia,WLO,Wheel Loaders,,>12,XCMG,XCM,Y,P,DES,0,0,0,,,0,0,0,0
2790,GMM,Myanmar,Myanmar,Region Asia,WLO,Wheel Loaders,,>12,XCMG,XCM,,P,DES,28,0,0,,,0,0,0,0
2791,GMX,Mexico,Mexico,Region Latin America,330,Articulated Haulers,,#,Caterpillar Inc,,Y,P,PIN,37,0,0,,,0,0,0,0
2792,GMX,Mexico,Mexico,Region Latin America,330,Articulated Haulers,,#,Deere,JOH,Y,P,PIN,2,0,0,,,0,0,0,0
2793,GMX,Mexico,Mexico,Region Latin America,330,Articulated Haulers,,#,Develon,DOO,Y,P,PIN,2,0,0,,,0,0,0,0
2794,GMX,Mexico,Mexico,Region Latin America,330,Articulated Haulers,,#,Komatsu,KOM,Y,P,PIN,34,0,0,,,0,0,0,0
2795,GMX,Mexico,Mexico,Region Latin America,330,Articulated Haulers,,#,Sany,SNY,Y,P,PIN,1,0,0,,,0,0,0,0
2796,GMX,Mexico,Mexico,Region Latin America,330,Articulated Haulers,,#,Volvo,VCE,Y,P,PIN,11,0,0,,,0,0,0,0
2797,GMX,Mexico,Mexico,Region Latin America,340,Rigid Haulers,,#,Caterpillar Inc,,Y,P,PIN,6,0,0,,,0,0,0,0
2798,GMX,Mexico,Mexico,Region Latin America,340,Rigid Haulers,,#,Komatsu,KOM,Y,P,PIN,11,0,0,,,0,0,0,0
2799,GMX,Mexico,Mexico,Region Latin America,CEX,Compact Excavators,,6<10T,Bobcat,BOB,Y,P,PIN,1,0,0,,,0,0,0,0
2800,GMX,Mexico,Mexico,Region Latin America,CEX,Compact Excavators,,6<10T,Caterpillar Inc,,Y,P,PIN,4,0,0,,,0,0,0,0
2801,GMX,Mexico,Mexico,Region Latin America,CEX,Compact Excavators,,6<10T,Deere,JOH,Y,P,PIN,1,0,0,,,0,0,0,0
2802,GMX,Mexico,Mexico,Region Latin America,CEX,Compact Excavators,,6<10T,Foton Lovol,FOL,Y,P,PIN,3,0,0,,,0,0,0,0
2803,GMX,Mexico,Mexico,Region Latin America,CEX,Compact Excavators,,6<10T,Hyundai,HYU,Y,P,PIN,2,0,0,,,0,0,0,0
2804,GMX,Mexico,Mexico,Region Latin America,CEX,Compact Excavators,,6<10T,JCB,JCB,Y,P,PIN,1,0,0,,,0,0,0,0
2805,GMX,Mexico,Mexico,Region Latin America,CEX,Compact Excavators,,6<10T,Kobelco,KOB,Y,P,PIN,1,0,0,,,0,0,0,0
2806,GMX,Mexico,Mexico,Region Latin America,CEX,Compact Excavators,,6<10T,Liugong,LIU,Y,P,PIN,1,0,0,,,0,0,0,0
2807,GMX,Mexico,Mexico,Region Latin America,CEX,Compact Excavators,,6<10T,OCN,OCN,,P,PIN,6,0,0,,,1,1,1,1
2808,GMX,Mexico,Mexico,Region Latin America,CEX,Compact Excavators,,6<10T,Sany,SNY,Y,P,PIN,3,0,0,,,0,0,0,0
2809,GMX,Mexico,Mexico,Region Latin America,CEX,Compact Excavators,,6<10T,SDLG,LIN,Y,P,PIN,1,0,0,,,0,0,0,0
2810,GMX,Mexico,Mexico,Region Latin America,CEX,Compact Excavators,,6<10T,Yanmar,YAN,Y,P,PIN,7,0,0,,,0,0,0,0
2811,GMX,Mexico,Mexico,Region Latin America,CEX,Compact Excavators,,6<11T,Jinggong,JIG,,P,PIN,1,0,0,,,1,1,1,1
2812,GMX,Mexico,Mexico,Region Latin America,CEX,Compact Excavators,,<6T,Bobcat,BOB,Y,P,PIN,17,0,0,,,0,0,0,0
2813,GMX,Mexico,Mexico,Region Latin America,CEX,Compact Excavators,,<6T,Caterpillar Inc,,Y,P,PIN,34,0,0,,,0,0,0,0
2814,GMX,Mexico,Mexico,Region Latin America,CEX,Compact Excavators,,<6T,Deere,JOH,Y,P,PIN,8,0,0,,,0,0,0,0
2815,GMX,Mexico,Mexico,Region Latin America,CEX,Compact Excavators,,<6T,Develon,DOO,Y,P,PIN,2,0,0,,,0,0,0,0
2816,GMX,Mexico,Mexico,Region Latin America,CEX,Compact Excavators,,<6T,Foton Lovol,FOL,Y,P,PIN,2,0,0,,,0,0,0,0
2817,GMX,Mexico,Mexico,Region Latin America,CEX,Compact Excavators,,<6T,Hyundai,HYU,Y,P,PIN,10,0,0,,,0,0,0,0
2818,GMX,Mexico,Mexico,Region Latin America,CEX,Compact Excavators,,<6T,Komatsu,KOM,Y,P,PIN,4,0,0,,,0,0,0,0
2819,GMX,Mexico,Mexico,Region Latin America,CEX,Compact Excavators,,<6T,Lonking,LON,,P,PIN,43,0,0,,,1,1,1,1
2820,GMX,Mexico,Mexico,Region Latin America,CEX,Compact Excavators,,<6T,OCN,OCN,,P,PIN,82,0,0,,,1,1,1,2
2821,GMX,Mexico,Mexico,Region Latin America,CEX,Compact Excavators,,<6T,OTN,OTN,,P,PIN,1,0,0,,,1,1,1,1
2822,GMX,Mexico,Mexico,Region Latin America,CEX,Compact Excavators,,<6T,Rippa China,CRM,,P,PIN,9,0,0,,,1,1,1,1
2823,GMX,Mexico,Mexico,Region Latin America,CEX,Compact Excavators,,<6T,Sany,SNY,Y,P,PIN,1,0,0,,,0,0,0,0
2824,GMX,Mexico,Mexico,Region Latin America,CEX,Compact Excavators,,<6T,Shandong,SHX,,P,PIN,1,0,0,,,1,1,1,1
2825,GMX,Mexico,Mexico,Region Latin America,CEX,Compact Excavators,,<6T,Shandong Rhinoceros,SRH,,P,PIN,5,0,0,,,1,1,1,1
2826,GMX,Mexico,Mexico,Region Latin America,CEX,Compact Excavators,,<6T,Shantui,SBM,Y,P,PIN,1,0,0,,,0,0,0,0
2827,GMX,Mexico,Mexico,Region Latin America,CEX,Compact Excavators,,<6T,Wacker Neuson,WAN,Y,P,PIN,7,0,0,,,0,0,0,0
2828,GMX,Mexico,Mexico,Region Latin America,CEX,Compact Excavators,,<6T,Yanmar,YAN,Y,P,PIN,36,0,0,,,0,0,0,0
2829,GMX,Mexico,Mexico,Region Latin America,CEX,Compact Excavators,,<6T,Yugong,YUG,,P,PIN,1,0,0,,,1,1,1,1
2830,GMX,Mexico,Mexico,Region Latin America,CEX,Compact Excavators,,<6T,Zoomlion,ZOO,Y,P,PIN,10,0,0,,,0,0,0,0
2831,GMX,Mexico,Mexico,Region Latin America,GEC,GPE Excavators Crawled,,>10T,Case,CAS,Y,P,PIN,16,0,0,,,0,0,0,0
2832,GMX,Mexico,Mexico,Region Latin America,GEC,GPE Excavators Crawled,,>10T,Caterpillar Inc,,Y,P,PIN,595,0,0,,,0,0,0,0
2833,GMX,Mexico,Mexico,Region Latin America,GEC,GPE Excavators Crawled,,>10T,Deere,JOH,Y,P,PIN,67,0,0,,,0,0,0,0
2834,GMX,Mexico,Mexico,Region Latin America,GEC,GPE Excavators Crawled,,>10T,Develon,DOO,Y,P,PIN,168,0,0,,,0,0,0,0
2835,GMX,Mexico,Mexico,Region Latin America,GEC,GPE Excavators Crawled,,>10T,Foton Lovol,FOL,Y,P,PIN,4,0,0,,,0,0,0,0
2836,GMX,Mexico,Mexico,Region Latin America,GEC,GPE Excavators Crawled,,>10T,Hyundai,HYU,Y,P,PIN,111,0,0,,,0,0,0,0
2837,GMX,Mexico,Mexico,Region Latin America,GEC,GPE Excavators Crawled,,>10T,JCB,JCB,Y,P,PIN,11,0,0,,,0,0,0,0
2838,GMX,Mexico,Mexico,Region Latin America,GEC,GPE Excavators Crawled,,>10T,Kobelco,KOB,Y,P,PIN,37,0,0,,,0,0,0,0
2839,GMX,Mexico,Mexico,Region Latin America,GEC,GPE Excavators Crawled,,>10T,Komatsu,KOM,Y,P,PIN,99,0,0,,,0,0,0,0
2840,GMX,Mexico,Mexico,Region Latin America,GEC,GPE Excavators Crawled,,>10T,Liebherr,LIE,Y,P,PIN,4,0,0,,,0,0,0,0
2841,GMX,Mexico,Mexico,Region Latin America,GEC,GPE Excavators Crawled,,>10T,Liugong,LIU,Y,P,PIN,57,0,0,,,0,0,0,0
2842,GMX,Mexico,Mexico,Region Latin America,GEC,Crawler Excavators,,>10T,Lonking,LON,,P,PIN,12,0,0,,,0,0,1,1
2843,GMX,Mexico,Mexico,Region Latin America,GEC,GPE Excavators Crawled,,>10T,New Holland,NEW,Y,P,PIN,3,0,0,,,0,0,0,0
2844,GMX,Mexico,Mexico,Region Latin America,GEC,Crawler Excavators,,>10T,OCN,OCN,,P,PIN,9,0,0,,,0,0,1,1
2845,GMX,Mexico,Mexico,Region Latin America,GEC,GPE Excavators Crawled,,>10T,Sany,SNY,Y,P,PIN,90,0,0,,,0,0,0,0
2846,GMX,Mexico,Mexico,Region Latin America,GEC,GPE Excavators Crawled,,>10T,SDLG,LIN,Y,P,PIN,2,0,0,,,0,0,0,0
2847,GMX,Mexico,Mexico,Region Latin America,GEC,GPE Excavators Crawled,,>10T,Shantui,SBM,Y,P,PIN,5,0,0,,,0,0,0,0
2848,GMX,Mexico,Mexico,Region Latin America,GEC,GPE Excavators Crawled,,>10T,Volvo,VCE,Y,P,PIN,48,0,0,,,0,0,0,0
2849,GMX,Mexico,Mexico,Region Latin America,GEC,GPE Excavators Crawled,,>10T,XCMG,XCM,Y,P,PIN,63,0,0,,,0,0,0,0
2850,GMX,Mexico,Mexico,Region Latin America,GEC,GPE Excavators Crawled,,>10T,Zoomlion,ZOO,Y,P,PIN,104,0,0,,,0,0,0,0
2851,GMX,Mexico,Mexico,Region Latin America,GEW,GPE Excavators Wheeled,,>11T,Caterpillar Inc,,Y,P,PIN,16,0,0,,,0,0,0,0
2852,GMX,Mexico,Mexico,Region Latin America,GEW,GPE Excavators Wheeled,,>11T,Develon,DOO,Y,P,PIN,3,0,0,,,0,0,0,0
2853,GMX,Mexico,Mexico,Region Latin America,GEW,GPE Excavators Wheeled,,>11T,Liebherr,LIE,Y,P,PIN,5,0,0,,,0,0,0,0
2854,GMX,Mexico,Mexico,Region Latin America,GEW,Wheeled Excavators,,>11T,OTN,OTN,,P,PIN,3,0,0,,,0,0,1,1
2855,GMX,Mexico,Mexico,Region Latin America,WLO,Wheel Loaders,,10<12,Caterpillar Inc,,Y,P,PIN,3,0,0,,,0,0,0,0
2856,GMX,Mexico,Mexico,Region Latin America,WLO,Wheel Loaders,,10<12,Everun,EVR,,P,PIN,3,0,0,,,0,0,0,0
2857,GMX,Mexico,Mexico,Region Latin America,WLO,Wheel Loaders,,10<12,Haihong,HAH,,P,PIN,3,0,0,,,0,0,0,0
2858,GMX,Mexico,Mexico,Region Latin America,WLO,Wheel Loaders,,10<12,Huaya Machine,XHM,,P,PIN,2,0,0,,,0,0,0,0
2859,GMX,Mexico,Mexico,Region Latin America,WLO,Wheel Loaders,,10<12,Komatsu,KOM,Y,P,PIN,8,0,0,,,0,0,0,0
2860,GMX,Mexico,Mexico,Region Latin America,WLO,Wheel Loaders,,10<12,Lonking,LON,,P,PIN,1,0,0,,,0,0,0,0
2861,GMX,Mexico,Mexico,Region Latin America,WLO,Wheel Loaders,,10<12,Luyu,LUU,,P,PIN,4,0,0,,,0,0,0,0
2862,GMX,Mexico,Mexico,Region Latin America,WLO,Wheel Loaders,,10<12,OCN,OCN,,P,PIN,3,0,0,,,0,0,0,0
2863,GMX,Mexico,Mexico,Region Latin America,WLO,Wheel Loaders,,10<12,SEM,SEM,Y,P,PIN,23,0,0,,,0,0,0,0
2864,GMX,Mexico,Mexico,Region Latin America,WLO,Wheel Loaders,,10<12,World,WOG,,P,PIN,6,0,0,,,0,0,0,0
2865,GMX,Mexico,Mexico,Region Latin America,WLO,Wheel Loaders,,10<12,XCMG,XCM,Y,P,PIN,7,0,0,,,0,0,0,0
2866,GMX,Mexico,Mexico,Region Latin America,WLO,Wheel Loaders,,7<10,Caterpillar Inc,,Y,P,PIN,1,0,0,,,0,0,0,0
2867,GMX,Mexico,Mexico,Region Latin America,WLO,Wheel Loaders,,7<10,Liugong,LIU,Y,P,PIN,4,0,0,,,0,0,0,0
2868,GMX,Mexico,Mexico,Region Latin America,WLO,Wheel Loaders,,7<10,Lonking,LON,,P,PIN,22,0,0,,,0,0,0,0
2869,GMX,Mexico,Mexico,Region Latin America,WLO,Wheel Loaders,,7<10,OCN,OCN,,P,PIN,8,0,0,,,0,0,0,0
2870,GMX,Mexico,Mexico,Region Latin America,WLO,Wheel Loaders,,7<10,Rippa China,CRM,,P,PIN,1,0,0,,,0,0,0,0
2871,GMX,Mexico,Mexico,Region Latin America,WLO,Wheel Loaders,,7<10,Volvo,VCE,Y,P,PIN,1,0,0,,,0,0,0,0
2872,GMX,Mexico,Mexico,Region Latin America,WLO,Wheel Loaders,,7<10,XCMG,XCM,Y,P,PIN,12,0,0,,,0,0,0,0
2873,GMX,Mexico,Mexico,Region Latin America,WLO,Wheel Loaders,,<7,Avant,AVA,,P,PIN,16,0,0,,,0,0,0,0
2874,GMX,Mexico,Mexico,Region Latin America,WLO,Wheel Loaders,,<7,Lonking,LON,,P,PIN,5,0,0,,,0,0,0,0
2875,GMX,Mexico,Mexico,Region Latin America,WLO,Wheel Loaders,,<7,Luyu,LUU,,P,PIN,2,0,0,,,0,0,0,0
2876,GMX,Mexico,Mexico,Region Latin America,WLO,Wheel Loaders,,<7,OCN,OCN,,P,PIN,10,0,0,,,0,0,0,0
2877,GMX,Mexico,Mexico,Region Latin America,WLO,Wheel Loaders,,<7,Wacker Neuson,WAN,Y,P,PIN,4,0,0,,,0,0,0,0
2878,GMX,Mexico,Mexico,Region Latin America,WLO,Wheel Loaders,,<7,Yanmar,YAN,Y,P,PIN,2,0,0,,,0,0,0,0
2879,GMX,Mexico,Mexico,Region Latin America,WLO,Wheel Loaders,,>12,Case,CAS,Y,P,PIN,26,0,0,,,0,0,0,0
2880,GMX,Mexico,Mexico,Region Latin America,WLO,Wheel Loaders,,>12,Caterpillar Inc,,Y,P,PIN,175,0,0,,,0,0,0,0
2881,GMX,Mexico,Mexico,Region Latin America,WLO,Wheel Loaders,,>12,Deere,JOH,Y,P,PIN,38,0,0,,,0,0,0,0
2882,GMX,Mexico,Mexico,Region Latin America,WLO,Wheel Loaders,,>12,Develon,DOO,Y,P,PIN,170,0,0,,,0,0,0,0
2883,GMX,Mexico,Mexico,Region Latin America,WLO,Wheel Loaders,,>12,Everun,EVR,,P,PIN,2,0,0,,,0,0,1,1
2884,GMX,Mexico,Mexico,Region Latin America,WLO,Wheel Loaders,,>12,Foton Lovol,FOL,Y,P,PIN,3,0,0,,,0,0,0,0
2885,GMX,Mexico,Mexico,Region Latin America,WLO,Wheel Loaders,,>12,Hyundai,HYU,Y,P,PIN,43,0,0,,,0,0,0,0
2886,GMX,Mexico,Mexico,Region Latin America,WLO,Wheel Loaders,,>12,JCB,JCB,Y,P,PIN,10,0,0,,,0,0,0,0
2887,GMX,Mexico,Mexico,Region Latin America,WLO,Wheel Loaders,,>12,Komatsu,KOM,Y,P,PIN,26,0,0,,,0,0,0,0
2888,GMX,Mexico,Mexico,Region Latin America,WLO,Wheel Loaders,,>12,Liebherr,LIE,Y,P,PIN,4,0,0,,,0,0,0,0
2889,GMX,Mexico,Mexico,Region Latin America,WLO,Wheel Loaders,,>12,Liugong,LIU,Y,P,PIN,65,0,0,,,0,0,0,0
2890,GMX,Mexico,Mexico,Region Latin America,WLO,Wheel Loaders,,>12,Lonking,LON,,P,PIN,28,0,0,,,0,0,1,1
2891,GMX,Mexico,Mexico,Region Latin America,WLO,Wheel Loaders,,>12,Loong Sheen,LOS,,P,PIN,1,0,0,,,0,0,1,1
2892,GMX,Mexico,Mexico,Region Latin America,WLO,Wheel Loaders,,>12,Lugong,LGG,,P,PIN,11,0,0,,,0,0,1,1
2893,GMX,Mexico,Mexico,Region Latin America,WLO,Wheel Loaders,,>12,New Holland,NEW,Y,P,PIN,15,0,0,,,0,0,0,0
2894,GMX,Mexico,Mexico,Region Latin America,WLO,Wheel Loaders,,>12,OCN,OCN,,P,PIN,18,0,0,,,0,0,1,1
2895,GMX,Mexico,Mexico,Region Latin America,WLO,Wheel Loaders,,>12,OTN,OTN,,P,PIN,18,0,0,,,0,0,1,1
2896,GMX,Mexico,Mexico,Region Latin America,WLO,Wheel Loaders,,>12,Sany,SNY,Y,P,PIN,79,0,0,,,0,0,0,0
2897,GMX,Mexico,Mexico,Region Latin America,WLO,Wheel Loaders,,>12,SDLG,LIN,Y,P,PIN,64,0,0,,,0,0,0,0
2898,GMX,Mexico,Mexico,Region Latin America,WLO,Wheel Loaders,,>12,SEM,SEM,Y,P,PIN,124,0,0,,,0,0,0,0
2899,GMX,Mexico,Mexico,Region Latin America,WLO,Wheel Loaders,,>12,Shantui,SBM,Y,P,PIN,4,0,0,,,0,0,0,0
2900,GMX,Mexico,Mexico,Region Latin America,WLO,Wheel Loaders,,>12,Volvo,VCE,Y,P,PIN,14,0,0,,,0,0,0,0
2901,GMX,Mexico,Mexico,Region Latin America,WLO,Wheel Loaders,,>12,World,WOG,,P,PIN,4,0,0,,,0,0,1,1
2902,GMX,Mexico,Mexico,Region Latin America,WLO,Wheel Loaders,,>12,XCMG,XCM,Y,P,PIN,43,0,0,,,0,0,0,0
2903,GMY,Malaysia,Malaysia,Region Asia,330,Articulated Haulers,,#,Caterpillar Inc,,Y,P,DES,0,0,0,,,0,0,0,0
2904,GMY,Malaysia,Malaysia,Region Asia,330,Articulated Haulers,,,Caterpillar Inc,CAT,,P,DES,3,0,0,,,0,0,0,0
2905,GMY,Malaysia,Malaysia,Region Asia,390,Compaction Machines,,,Bomag,BOM,,P,DES,65,0,0,,,0,0,1,1
2906,GMY,Malaysia,Malaysia,Region Asia,390,Compaction Machines,,,Case,CAS,,P,DES,50,0,0,,,0,0,1,1
2907,GMY,Malaysia,Malaysia,Region Asia,390,Compaction Machines,,,Caterpillar Inc,CAT,,P,DES,55,0,0,,,0,0,1,1
2908,GMY,Malaysia,Malaysia,Region Asia,390,Compaction Machines,,,Dynapac,DYN,,P,DES,45,0,0,,,0,0,1,1
2909,GMY,Malaysia,Malaysia,Region Asia,390,Compaction Machines,,,Hamm,HAM,,P,DES,40,0,0,,,0,0,1,1
2910,GMY,Malaysia,Malaysia,Region Asia,390,Compaction Machines,,,JCB,JCB,,P,DES,25,0,0,,,0,0,1,1
2911,GMY,Malaysia,Malaysia,Region Asia,390,Compaction Machines,,,Sakai,SAK,,P,DES,69,0,0,,,0,0,1,1
2912,GMY,Malaysia,Malaysia,Region Asia,390,Compaction Machines,,,Volvo,VCE,,P,DES,4,0,0,,,0,0,1,1
2913,GMY,Malaysia,Malaysia,Region Asia,CEX,Compact Excavators,,<10T,Caterpillar Inc,,Y,P,DES,0,0,0,,,0,0,0,0
2914,GMY,Malaysia,Malaysia,Region Asia,CEX,Compact Excavators,,<10T,Caterpillar Inc,CAT,,P,DES,10,0,0,,,0,0,0,0
2915,GMY,Malaysia,Malaysia,Region Asia,CEX,Compact Excavators,,<10T,Hitachi,HIT,Y,P,DES,0,0,0,,,0,0,0,0
2916,GMY,Malaysia,Malaysia,Region Asia,CEX,Compact Excavators,,<10T,Hitachi,HIT,,P,DES,30,0,0,,,0,0,0,0
2917,GMY,Malaysia,Malaysia,Region Asia,CEX,Compact Excavators,,<10T,Kobelco,KOB,Y,P,DES,0,0,0,,,0,0,0,0
2918,GMY,Malaysia,Malaysia,Region Asia,CEX,Compact Excavators,,<10T,Kobelco,KOB,,P,DES,14,0,0,,,0,0,0,0
2919,GMY,Malaysia,Malaysia,Region Asia,CEX,Compact Excavators,,<10T,Komatsu,KOM,Y,P,DES,0,0,0,,,0,0,0,0
2920,GMY,Malaysia,Malaysia,Region Asia,CEX,Compact Excavators,,<10T,Komatsu,KOM,,P,DES,25,0,0,,,0,0,0,0
2921,GMY,Malaysia,Malaysia,Region Asia,CEX,Compact Excavators,,<10T,Kubota,KUB,Y,P,DES,0,0,0,,,0,0,0,0
2922,GMY,Malaysia,Malaysia,Region Asia,CEX,Compact Excavators,,<10T,Liugong,LIU,Y,P,DES,0,0,0,,,0,0,0,0
2923,GMY,Malaysia,Malaysia,Region Asia,CEX,Compact Excavators,,<10T,Liugong,LIU,,P,DES,20,0,0,,,0,0,0,0
2924,GMY,Malaysia,Malaysia,Region Asia,CEX,Compact Excavators,,<10T,Sany,SNY,Y,P,DES,0,0,0,,,0,0,0,0
2925,GMY,Malaysia,Malaysia,Region Asia,CEX,Compact Excavators,,<10T,Sany,SNY,,P,DES,150,0,0,,,0,0,0,0
2926,GMY,Malaysia,Malaysia,Region Asia,CEX,Compact Excavators,,<10T,SDLG,LIN,Y,P,DES,0,0,0,,,0,0,0,0
2927,GMY,Malaysia,Malaysia,Region Asia,CEX,Compact Excavators,,<10T,SDLG,LIN,,P,DES,16,0,0,,,0,0,0,0
2928,GMY,Malaysia,Malaysia,Region Asia,CEX,Compact Excavators,,<10T,Sunward,SUN,Y,P,DES,0,0,0,,,0,0,0,0
2929,GMY,Malaysia,Malaysia,Region Asia,CEX,Compact Excavators,,<10T,Sunward,SUN,,P,DES,15,0,0,,,0,0,0,0
2930,GMY,Malaysia,Malaysia,Region Asia,CEX,Compact Excavators,,<10T,XCMG,XCM,Y,P,DES,0,0,0,,,0,0,0,0
2931,GMY,Malaysia,Malaysia,Region Asia,CEX,Compact Excavators,,<10T,XCMG,XCM,,P,DES,15,0,0,,,0,0,0,0
2932,GMY,Malaysia,Malaysia,Region Asia,GEC,GPE Excavators Crawled,,>10T,Case,CAS,Y,P,DES,0,0,0,,,0,0,0,0
2933,GMY,Malaysia,Malaysia,Region Asia,GEC,Crawler Excavators,,>10T,Case,CAS,,P,DES,48,0,0,,,0,0,0,0
2934,GMY,Malaysia,Malaysia,Region Asia,GEC,GPE Excavators Crawled,,>10T,Caterpillar Inc,,Y,P,DES,0,0,0,,,0,0,0,0
2935,GMY,Malaysia,Malaysia,Region Asia,GEC,Crawler Excavators,,>10T,Caterpillar Inc,CAT,,P,DES,200,0,0,,,0,0,0,0
2936,GMY,Malaysia,Malaysia,Region Asia,GEC,GPE Excavators Crawled,,>10T,Develon,DOO,Y,P,DES,0,0,0,,,0,0,0,0
2937,GMY,Malaysia,Malaysia,Region Asia,GEC,Crawler Excavators,,>10T,Develon,DOO,,P,DES,49,0,0,,,0,0,0,0
2938,GMY,Malaysia,Malaysia,Region Asia,GEC,GPE Excavators Crawled,,>10T,Hitachi,HIT,Y,P,DES,0,0,0,,,0,0,0,0
2939,GMY,Malaysia,Malaysia,Region Asia,GEC,Crawler Excavators,,>10T,Hitachi,HIT,,P,DES,505,0,0,,,0,0,0,0
2940,GMY,Malaysia,Malaysia,Region Asia,GEC,GPE Excavators Crawled,,>10T,Hyundai,HYU,Y,P,DES,0,0,0,,,0,0,0,0
2941,GMY,Malaysia,Malaysia,Region Asia,GEC,Crawler Excavators,,>10T,Hyundai,HYU,,P,DES,65,0,0,,,0,0,0,0
2942,GMY,Malaysia,Malaysia,Region Asia,GEC,GPE Excavators Crawled,,>10T,Kobelco,KOB,Y,P,DES,0,0,0,,,0,0,0,0
2943,GMY,Malaysia,Malaysia,Region Asia,GEC,Crawler Excavators,,>10T,Kobelco,KOB,,P,DES,270,0,0,,,0,0,0,0
2944,GMY,Malaysia,Malaysia,Region Asia,GEC,GPE Excavators Crawled,,>10T,Komatsu,KOM,Y,P,DES,0,0,0,,,0,0,0,0
2945,GMY,Malaysia,Malaysia,Region Asia,GEC,Crawler Excavators,,>10T,Komatsu,KOM,,P,DES,310,0,0,,,0,0,0,0
2946,GMY,Malaysia,Malaysia,Region Asia,GEC,GPE Excavators Crawled,,>10T,Liugong,LIU,Y,P,DES,0,0,0,,,0,0,0,0
2947,GMY,Malaysia,Malaysia,Region Asia,GEC,Crawler Excavators,,>10T,Liugong,LIU,,P,DES,92,0,0,,,0,0,0,0
2948,GMY,Malaysia,Malaysia,Region Asia,GEC,GPE Excavators Crawled,,>10T,Sany,SNY,Y,P,DES,0,0,0,,,0,0,0,0
2949,GMY,Malaysia,Malaysia,Region Asia,GEC,Crawler Excavators,,>10T,Sany,SNY,,P,DES,740,0,0,,,0,0,0,0
2950,GMY,Malaysia,Malaysia,Region Asia,GEC,GPE Excavators Crawled,,>10T,SDLG,LIN,Y,P,DES,0,0,0,,,0,0,0,0
2951,GMY,Malaysia,Malaysia,Region Asia,GEC,Crawler Excavators,,>10T,SDLG,LIN,,P,DES,50,0,0,,,0,0,0,0
2952,GMY,Malaysia,Malaysia,Region Asia,GEC,GPE Excavators Crawled,,>10T,Sumitomo,SUM,Y,P,DES,0,0,0,,,0,0,0,0
2953,GMY,Malaysia,Malaysia,Region Asia,GEC,Crawler Excavators,,>10T,Sumitomo,SUM,,P,DES,85,0,0,,,0,0,0,0
2954,GMY,Malaysia,Malaysia,Region Asia,GEC,GPE Excavators Crawled,,>10T,Volvo,VCE,Y,P,DES,0,0,0,,,0,0,0,0
2955,GMY,Malaysia,Malaysia,Region Asia,GEC,Crawler Excavators,,>10T,Volvo,VCE,,P,DES,75,0,0,,,0,0,0,0
2956,GMY,Malaysia,Malaysia,Region Asia,GEC,GPE Excavators Crawled,,>10T,XCMG,XCM,Y,P,DES,0,0,0,,,0,0,0,0
2957,GMY,Malaysia,Malaysia,Region Asia,GEC,Crawler Excavators,,>10T,XCMG,XCM,,P,DES,50,0,0,,,0,0,0,0
2958,GMY,Malaysia,Malaysia,Region Asia,GEW,GPE Excavators Wheeled,,>11T,Sany,SNY,Y,P,DES,0,0,0,,,0,0,0,0
2959,GMY,Malaysia,Malaysia,Region Asia,GEW,Wheeled Excavators,,>11T,Sany,SNY,,P,DES,1,0,0,,,0,0,0,0
2960,GMY,Malaysia,Malaysia,Region Asia,WLO,Wheel Loaders,,<12,Caterpillar Inc,,Y,P,DES,0,0,0,,,0,0,0,0
2961,GMY,Malaysia,Malaysia,Region Asia,WLO,Wheel Loaders,,<12,Caterpillar Inc,CAT,,P,DES,7,0,0,,,0,0,0,0
2962,GMY,Malaysia,Malaysia,Region Asia,WLO,Wheel Loaders,,<12,Hitachi,HIT,Y,P,DES,0,0,0,,,0,0,0,0
2963,GMY,Malaysia,Malaysia,Region Asia,WLO,Wheel Loaders,,<12,Hitachi,HIT,,P,DES,7,0,0,,,0,0,0,0
2964,GMY,Malaysia,Malaysia,Region Asia,WLO,Wheel Loaders,,<12,Liugong,LIU,Y,P,DES,0,0,0,,,0,0,0,0
2965,GMY,Malaysia,Malaysia,Region Asia,WLO,Wheel Loaders,,<12,Liugong,LIU,,P,DES,45,0,0,,,0,0,0,0
2966,GMY,Malaysia,Malaysia,Region Asia,WLO,Wheel Loaders,,<12,Sany,SNY,Y,P,DES,0,0,0,,,0,0,0,0
2967,GMY,Malaysia,Malaysia,Region Asia,WLO,Wheel Loaders,,<12,Sany,SNY,,P,DES,7,0,0,,,0,0,0,0
2968,GMY,Malaysia,Malaysia,Region Asia,WLO,Wheel Loaders,,<12,SDLG,LIN,Y,P,DES,0,0,0,,,0,0,0,0
2969,GMY,Malaysia,Malaysia,Region Asia,WLO,Wheel Loaders,,<12,SDLG,LIN,,P,DES,2,0,0,,,0,0,0,0
2970,GMY,Malaysia,Malaysia,Region Asia,WLO,Wheel Loaders,,<12,SEM,SEM,Y,P,DES,0,0,0,,,0,0,0,0
2971,GMY,Malaysia,Malaysia,Region Asia,WLO,Wheel Loaders,,<12,SEM,SEM,,P,DES,19,0,0,,,0,0,0,0
2972,GMY,Malaysia,Malaysia,Region Asia,WLO,Wheel Loaders,,<12,XCMG,XCM,Y,P,DES,0,0,0,,,0,0,0,0
2973,GMY,Malaysia,Malaysia,Region Asia,WLO,Wheel Loaders,,<12,XCMG,XCM,,P,DES,34,0,0,,,0,0,0,0
2974,GMY,Malaysia,Malaysia,Region Asia,WLO,Wheel Loaders,,>12,Caterpillar Inc,,Y,P,DES,0,0,0,,,0,0,0,0
2975,GMY,Malaysia,Malaysia,Region Asia,WLO,Wheel Loaders,,>12,Caterpillar Inc,CAT,,P,DES,4,0,0,,,0,0,0,0
2976,GMY,Malaysia,Malaysia,Region Asia,WLO,Wheel Loaders,,>12,Develon,DOO,Y,P,DES,0,0,0,,,0,0,0,0
2977,GMY,Malaysia,Malaysia,Region Asia,WLO,Wheel Loaders,,>12,Develon,DOO,,P,DES,1,0,0,,,0,0,0,0
2978,GMY,Malaysia,Malaysia,Region Asia,WLO,Wheel Loaders,,>12,Hitachi,HIT,Y,P,DES,0,0,0,,,0,0,0,0
2979,GMY,Malaysia,Malaysia,Region Asia,WLO,Wheel Loaders,,>12,Hitachi,HIT,,P,DES,4,0,0,,,0,0,0,0
2980,GMY,Malaysia,Malaysia,Region Asia,WLO,Wheel Loaders,,>12,Komatsu,KOM,Y,P,DES,0,0,0,,,0,0,0,0
2981,GMY,Malaysia,Malaysia,Region Asia,WLO,Wheel Loaders,,>12,Komatsu,KOM,,P,DES,8,0,0,,,0,0,0,0
2982,GMY,Malaysia,Malaysia,Region Asia,WLO,Wheel Loaders,,>12,Liugong,LIU,Y,P,DES,0,0,0,,,0,0,0,0
2983,GMY,Malaysia,Malaysia,Region Asia,WLO,Wheel Loaders,,>12,Liugong,LIU,,P,DES,82,0,0,,,0,0,0,0
2984,GMY,Malaysia,Malaysia,Region Asia,WLO,Wheel Loaders,,>12,Sany,SNY,Y,P,DES,0,0,0,,,0,0,0,0
2985,GMY,Malaysia,Malaysia,Region Asia,WLO,Wheel Loaders,,>12,Sany,SNY,,P,DES,48,0,0,,,0,0,0,0
2986,GMY,Malaysia,Malaysia,Region Asia,WLO,Wheel Loaders,,>12,SDLG,LIN,Y,P,DES,0,0,0,,,0,0,0,0
2987,GMY,Malaysia,Malaysia,Region Asia,WLO,Wheel Loaders,,>12,SDLG,LIN,,P,DES,37,0,0,,,0,0,0,0
2988,GMY,Malaysia,Malaysia,Region Asia,WLO,Wheel Loaders,,>12,SEM,SEM,Y,P,DES,0,0,0,,,0,0,0,0
2989,GMY,Malaysia,Malaysia,Region Asia,WLO,Wheel Loaders,,>12,SEM,SEM,,P,DES,29,0,0,,,0,0,0,0
2990,GMY,Malaysia,Malaysia,Region Asia,WLO,Wheel Loaders,,>12,Volvo,VCE,Y,P,DES,0,0,0,,,0,0,0,0
2991,GMY,Malaysia,Malaysia,Region Asia,WLO,Wheel Loaders,,>12,Volvo,VCE,,P,DES,4,0,0,,,0,0,0,0
2992,GMY,Malaysia,Malaysia,Region Asia,WLO,Wheel Loaders,,>12,XCMG,XCM,Y,P,DES,0,0,0,,,0,0,0,0
2993,GMY,Malaysia,Malaysia,Region Asia,WLO,Wheel Loaders,,>12,XCMG,XCM,,P,DES,84,0,0,,,0,0,0,0
2994,GNI,Nicaragua,Nicaragua,Region Latin America,330,Articulated Haulers,,#,Caterpillar Inc,,Y,P,PIN,6,0,0,,,0,0,0,0
2995,GNI,Nicaragua,Nicaragua,Region Latin America,330,Articulated Haulers,,#,Sany,SNY,Y,P,PIN,4,0,0,,,0,0,0,0
2996,GNI,Nicaragua,Nicaragua,Region Latin America,CEX,Compact Excavators,,<6T,Foton Lovol,FOL,Y,P,PIN,3,0,0,,,0,0,0,0
2997,GNI,Nicaragua,Nicaragua,Region Latin America,CEX,Compact Excavators,,<6T,Kobelco,KOB,Y,P,PIN,1,0,0,,,0,0,0,0
2998,GNI,Nicaragua,Nicaragua,Region Latin America,CEX,Compact Excavators,,<6T,OCN,OCN,,P,PIN,3,0,0,,,1,1,1,1
2999,GNI,Nicaragua,Nicaragua,Region Latin America,CEX,Compact Excavators,,<6T,Sany,SNY,Y,P,PIN,6,0,0,,,0,0,0,0
3000,GNI,Nicaragua,Nicaragua,Region Latin America,CEX,Compact Excavators,,<6T,XCMG,XCM,Y,P,PIN,1,0,0,,,0,0,0,0
3001,GNI,Nicaragua,Nicaragua,Region Latin America,CEX,Compact Excavators,,<6T,Zoomlion,ZOO,Y,P,PIN,3,0,0,,,0,0,0,0
3002,GNI,Nicaragua,Nicaragua,Region Latin America,GEC,GPE Excavators Crawled,,>10T,Case,CAS,Y,P,PIN,2,0,0,,,0,0,0,0
3003,GNI,Nicaragua,Nicaragua,Region Latin America,GEC,GPE Excavators Crawled,,>10T,Caterpillar Inc,,Y,P,PIN,32,0,0,,,0,0,0,0
3004,GNI,Nicaragua,Nicaragua,Region Latin America,GEC,GPE Excavators Crawled,,>10T,Foton Lovol,FOL,Y,P,PIN,2,0,0,,,0,0,0,0
3005,GNI,Nicaragua,Nicaragua,Region Latin America,GEC,GPE Excavators Crawled,,>10T,Hyundai,HYU,Y,P,PIN,3,0,0,,,0,0,0,0
3006,GNI,Nicaragua,Nicaragua,Region Latin America,GEC,GPE Excavators Crawled,,>10T,JCB,JCB,Y,P,PIN,1,0,0,,,0,0,0,0
3007,GNI,Nicaragua,Nicaragua,Region Latin America,GEC,GPE Excavators Crawled,,>10T,Komatsu,KOM,Y,P,PIN,4,0,0,,,0,0,0,0
3008,GNI,Nicaragua,Nicaragua,Region Latin America,GEC,Crawler Excavators,,>10T,Lonking,LON,,P,PIN,3,0,0,,,0,0,1,1
3009,GNI,Nicaragua,Nicaragua,Region Latin America,GEC,GPE Excavators Crawled,,>10T,Sany,SNY,Y,P,PIN,13,0,0,,,0,0,0,0
3010,GNI,Nicaragua,Nicaragua,Region Latin America,GEC,Crawler Excavators,,>10T,Sinomach,SIM,,P,PIN,1,0,0,,,0,0,1,1
3011,GNI,Nicaragua,Nicaragua,Region Latin America,GEC,GPE Excavators Crawled,,>10T,Volvo,VCE,Y,P,PIN,21,0,0,,,0,0,0,0
3012,GNI,Nicaragua,Nicaragua,Region Latin America,GEC,GPE Excavators Crawled,,>10T,XCMG,XCM,Y,P,PIN,4,0,0,,,0,0,0,0
3013,GNI,Nicaragua,Nicaragua,Region Latin America,GEC,GPE Excavators Crawled,,>10T,Zoomlion,ZOO,Y,P,PIN,2,0,0,,,0,0,0,0
3014,GNI,Nicaragua,Nicaragua,Region Latin America,WLO,Wheel Loaders,,7<10,SDLG,LIN,Y,P,PIN,1,0,0,,,0,0,0,0
3015,GNI,Nicaragua,Nicaragua,Region Latin America,WLO,Wheel Loaders,,7<10,Wacker Neuson,WAN,Y,P,PIN,2,0,0,,,0,0,0,0
3016,GNI,Nicaragua,Nicaragua,Region Latin America,WLO,Wheel Loaders,,<7,OCN,OCN,,P,PIN,4,0,0,,,0,0,0,0
3017,GNI,Nicaragua,Nicaragua,Region Latin America,WLO,Wheel Loaders,,>12,Case,CAS,Y,P,PIN,1,0,0,,,0,0,0,0
3018,GNI,Nicaragua,Nicaragua,Region Latin America,WLO,Wheel Loaders,,>12,Caterpillar Inc,,Y,P,PIN,7,0,0,,,0,0,0,0
3019,GNI,Nicaragua,Nicaragua,Region Latin America,WLO,Wheel Loaders,,>12,Foton Lovol,FOL,Y,P,PIN,1,0,0,,,0,0,0,0
3020,GNI,Nicaragua,Nicaragua,Region Latin America,WLO,Wheel Loaders,,>12,Hyundai,HYU,Y,P,PIN,2,0,0,,,0,0,0,0
3021,GNI,Nicaragua,Nicaragua,Region Latin America,WLO,Wheel Loaders,,>12,Loong Sheen,LOS,,P,PIN,1,0,0,,,0,0,1,1
3022,GNI,Nicaragua,Nicaragua,Region Latin America,WLO,Wheel Loaders,,>12,Mountain Raise,MTM,,P,PIN,3,0,0,,,0,0,1,1
3023,GNI,Nicaragua,Nicaragua,Region Latin America,WLO,Wheel Loaders,,>12,MTM,MTM,,P,PIN,0,0,0,,,0,0,1,1
3024,GNI,Nicaragua,Nicaragua,Region Latin America,WLO,Wheel Loaders,,>12,Sany,SNY,Y,P,PIN,7,0,0,,,0,0,0,0
3025,GNI,Nicaragua,Nicaragua,Region Latin America,WLO,Wheel Loaders,,>12,SEM,SEM,Y,P,PIN,6,0,0,,,0,0,0,0
3026,GNI,Nicaragua,Nicaragua,Region Latin America,WLO,Wheel Loaders,,>12,XCMG,XCM,Y,P,PIN,1,0,0,,,0,0,0,0
3027,GNI,Nicaragua,Nicaragua,Region Latin America,WLO,Wheel Loaders,,>12,Zoomlion,ZOO,,P,PIN,2,0,0,,,0,0,1,1
3028,GNL,Netherlands,Netherlands,Region Europe,330,Articulated Haulers,,,Bell,BEL,,P,OHR,2,0,0,,,0,0,1,1
3029,GNL,Netherlands,Netherlands,Region Europe,330,Articulated Haulers,,#,Caterpillar Inc,,Y,P,OHR,5,0,0,,,0,0,0,0
3030,GNL,Netherlands,Netherlands,Region Europe,330,Articulated Haulers,,#,Komatsu,KOM,Y,P,OHR,2,0,0,,,0,0,0,0
3031,GNL,Netherlands,Netherlands,Region Europe,330,Articulated Haulers,,,OTN,OTN,,P,OHR,2,0,0,,,0,0,1,1
3032,GNL,Netherlands,Netherlands,Region Europe,330,Articulated Haulers,,#,Volvo,VCE,Y,P,OHR,14,0,0,,,0,0,0,0
3033,GNL,Netherlands,Netherlands,Region Europe,380,Motor Graders,,,HBM,HBM,,P,OHR,1,0,0,,,0,0,1,1
3034,GNL,Netherlands,Netherlands,Region Europe,380,Motor Graders,,#,Case,CAS,Y,P,OHR,1,0,0,,,0,0,0,0
3035,GNL,Netherlands,Netherlands,Region Europe,380,Motor Graders,,#,Caterpillar Inc,,Y,P,OHR,1,0,0,,,0,0,0,0
3036,GNL,Netherlands,Netherlands,Region Europe,410,Backhoe Loaders,,,JCB,JCB,,P,OHR,2,0,0,,,0,0,1,1
3037,GNL,Netherlands,Netherlands,Region Europe,410,Backhoe Loaders,,,New Holland,NEW,,P,OHR,1,0,0,,,0,0,1,1
3038,GNL,Netherlands,Netherlands,Region Europe,CEX,Compact Excavators,,<6T,Bobcat,BOB,Y,P,OHR,139,0,0,,,0,0,0,0
3039,GNL,Netherlands,Netherlands,Region Europe,CEX,Compact Excavators,,<6T,Case,CAS,Y,P,OHR,40,0,0,,,0,0,0,0
3040,GNL,Netherlands,Netherlands,Region Europe,CEX,Compact Excavators,,<6T,Caterpillar Inc,,Y,P,OHR,145,0,0,,,0,0,0,0
3041,GNL,Netherlands,Netherlands,Region Europe,CEX,Compact Excavators,,<6T,Develon,DOO,Y,P,OHR,53,0,0,,,0,0,0,0
3042,GNL,Netherlands,Netherlands,Region Europe,CEX,Compact Excavators,,<6T,Eurocomach,EUR,Y,P,OHR,35,0,0,,,0,0,0,0
3043,GNL,Netherlands,Netherlands,Region Europe,CEX,Compact Excavators,,<6T,Hitachi,HIT,Y,P,OHR,150,0,0,,,0,0,0,0
3044,GNL,Netherlands,Netherlands,Region Europe,CEX,Compact Excavators,,<6T,Hyundai,HYU,Y,P,OHR,17,0,0,,,0,0,0,0
3045,GNL,Netherlands,Netherlands,Region Europe,CEX,Compact Excavators,,<6T,JCB,JCB,Y,P,OHR,56,0,0,,,0,0,0,0
3046,GNL,Netherlands,Netherlands,Region Europe,CEX,Compact Excavators,,<6T,Kato Imer,KAT,Y,P,OHR,25,0,0,,,0,0,0,0
3047,GNL,Netherlands,Netherlands,Region Europe,CEX,Compact Excavators,,<6T,Kobelco,KOB,Y,P,OHR,88,0,0,,,0,0,0,0
3048,GNL,Netherlands,Netherlands,Region Europe,CEX,Compact Excavators,,<6T,Komatsu,KOM,Y,P,OHR,40,0,0,,,0,0,0,0
3049,GNL,Netherlands,Netherlands,Region Europe,CEX,Compact Excavators,,<6T,Kubota,KUB,Y,P,OHR,341,0,0,,,0,0,0,0
3050,GNL,Netherlands,Netherlands,Region Europe,CEX,Compact Excavators,,<6T,Liugong,LIU,Y,P,OHR,2,0,0,,,0,0,0,0
3051,GNL,Netherlands,Netherlands,Region Europe,CEX,Compact Excavators,,<6T,New Holland,NEW,Y,P,OHR,25,0,0,,,0,0,0,0
3052,GNL,Netherlands,Netherlands,Region Europe,CEX,Compact Excavators,,<6T,OTN,OTN,,P,OHR,45,0,0,,,1,1,1,1
3053,GNL,Netherlands,Netherlands,Region Europe,CEX,Compact Excavators,,<6T,Sany,SNY,Y,P,OHR,32,0,0,,,0,0,0,0
3054,GNL,Netherlands,Netherlands,Region Europe,CEX,Compact Excavators,,<6T,Sunward,SUN,Y,P,OHR,163,0,0,,,0,0,0,0
3055,GNL,Netherlands,Netherlands,Region Europe,CEX,Compact Excavators,,<6T,Takeuchi,TAK,,P,OHR,225,0,0,,,1,1,1,1
3056,GNL,Netherlands,Netherlands,Region Europe,CEX,Compact Excavators,,<6T,Volvo,VCE,Y,P,OHR,139,0,0,,,0,0,0,0
3057,GNL,Netherlands,Netherlands,Region Europe,CEX,Compact Excavators,,<6T,Wacker Neuson,WAN,Y,P,OHR,100,0,0,,,0,0,0,0
3058,GNL,Netherlands,Netherlands,Region Europe,CEX,Compact Excavators,,<6T,XCMG,XCM,,P,OHR,100,0,0,,,1,1,1,1
3059,GNL,Netherlands,Netherlands,Region Europe,CEX,Compact Excavators,,<6T,Yanmar,YAN,Y,P,OHR,90,0,0,,,0,0,0,0
3060,GNL,Netherlands,Netherlands,Region Europe,GEC,GPE Excavators Crawled,,>6T,Bobcat,BOB,Y,P,OHR,3,0,0,,,0,0,0,0
3061,GNL,Netherlands,Netherlands,Region Europe,GEC,GPE Excavators Crawled,,>6T,Case,CAS,Y,P,OHR,35,0,0,,,0,0,0,0
3062,GNL,Netherlands,Netherlands,Region Europe,GEC,GPE Excavators Crawled,,>6T,Caterpillar Inc,,Y,P,OHR,115,0,0,,,0,0,0,0
3063,GNL,Netherlands,Netherlands,Region Europe,GEC,GPE Excavators Crawled,,>6T,Develon,DOO,Y,P,OHR,74,0,0,,,0,0,0,0
3064,GNL,Netherlands,Netherlands,Region Europe,GEC,GPE Excavators Crawled,,>6T,Eurocomach,EUR,Y,P,OHR,5,0,0,,,0,0,0,0
3065,GNL,Netherlands,Netherlands,Region Europe,GEC,GPE Excavators Crawled,,>6T,Hitachi,HIT,Y,P,OHR,100,0,0,,,0,0,0,0
3066,GNL,Netherlands,Netherlands,Region Europe,GEC,GPE Excavators Crawled,,>6T,Hyundai,HYU,Y,P,OHR,11,0,0,,,0,0,0,0
3067,GNL,Netherlands,Netherlands,Region Europe,GEC,GPE Excavators Crawled,,>6T,JCB,JCB,Y,P,OHR,6,0,0,,,0,0,0,0
3068,GNL,Netherlands,Netherlands,Region Europe,GEC,GPE Excavators Crawled,,>6T,Kobelco,KOB,Y,P,OHR,77,0,0,,,0,0,0,0
3069,GNL,Netherlands,Netherlands,Region Europe,GEC,GPE Excavators Crawled,,>6T,Komatsu,KOM,Y,P,OHR,25,0,0,,,0,0,0,0
3070,GNL,Netherlands,Netherlands,Region Europe,GEC,GPE Excavators Crawled,,>6T,Kubota,KUB,Y,P,OHR,21,0,0,,,0,0,0,0
3071,GNL,Netherlands,Netherlands,Region Europe,GEC,GPE Excavators Crawled,,>6T,Liebherr,LIE,Y,P,OHR,30,0,0,,,0,0,0,0
3072,GNL,Netherlands,Netherlands,Region Europe,GEC,GPE Excavators Crawled,,>6T,Liugong,LIU,Y,P,OHR,2,0,0,,,0,0,0,0
3073,GNL,Netherlands,Netherlands,Region Europe,GEC,GPE Excavators Crawled,,>6T,Mecalac,MEC,Y,P,OHR,15,0,0,,,0,0,0,0
3074,GNL,Netherlands,Netherlands,Region Europe,GEC,Crawler Excavators,,>6T,OTN,OTN,,P,OHR,4,0,0,,,0,0,1,1
3075,GNL,Netherlands,Netherlands,Region Europe,GEC,GPE Excavators Crawled,,>6T,Sany,SNY,Y,P,OHR,9,0,0,,,0,0,0,0
3076,GNL,Netherlands,Netherlands,Region Europe,GEC,GPE Excavators Crawled,,>6T,Sunward,SUN,Y,P,OHR,3,0,0,,,0,0,0,0
3077,GNL,Netherlands,Netherlands,Region Europe,GEC,Crawler Excavators,,>6T,Takeuchi,TAK,,P,OHR,25,0,0,,,0,0,1,1
3078,GNL,Netherlands,Netherlands,Region Europe,GEC,GPE Excavators Crawled,,>6T,Volvo,VCE,Y,P,OHR,91,0,0,,,0,0,0,0
3079,GNL,Netherlands,Netherlands,Region Europe,GEC,GPE Excavators Crawled,,>6T,Wacker Neuson,WAN,Y,P,OHR,20,0,0,,,0,0,0,0
3080,GNL,Netherlands,Netherlands,Region Europe,GEC,Crawler Excavators,,>6T,XCMG,XCM,,P,OHR,3,0,0,,,0,0,1,1
3081,GNL,Netherlands,Netherlands,Region Europe,GEC,GPE Excavators Crawled,,>6T,Yanmar,YAN,Y,P,OHR,6,0,0,,,0,0,0,0
3082,GNL,Netherlands,Netherlands,Region Europe,GEW,Wheeled Excavators,,>6T,Atlas Weyhausen,ATW,,P,OHR,35,0,0,,,0,0,1,1
3083,GNL,Netherlands,Netherlands,Region Europe,GEW,GPE Excavators Wheeled,,>6T,Case,CAS,Y,P,OHR,9,0,0,,,0,0,0,0
3084,GNL,Netherlands,Netherlands,Region Europe,GEW,GPE Excavators Wheeled,,>6T,Caterpillar Inc,,Y,P,OHR,45,0,0,,,0,0,0,0
3085,GNL,Netherlands,Netherlands,Region Europe,GEW,GPE Excavators Wheeled,,>6T,Develon,DOO,Y,P,OHR,83,0,0,,,0,0,0,0
3086,GNL,Netherlands,Netherlands,Region Europe,GEW,GPE Excavators Wheeled,,>6T,Hitachi,HIT,Y,P,OHR,43,0,0,,,0,0,0,0
3087,GNL,Netherlands,Netherlands,Region Europe,GEW,GPE Excavators Wheeled,,>6T,Hyundai,HYU,Y,P,OHR,20,0,0,,,0,0,0,0
3088,GNL,Netherlands,Netherlands,Region Europe,GEW,GPE Excavators Wheeled,,>6T,JCB,JCB,Y,P,OHR,21,0,0,,,0,0,0,0
3089,GNL,Netherlands,Netherlands,Region Europe,GEW,GPE Excavators Wheeled,,>6T,Komatsu,KOM,Y,P,OHR,10,0,0,,,0,0,0,0
3090,GNL,Netherlands,Netherlands,Region Europe,GEW,GPE Excavators Wheeled,,>6T,Liebherr,LIE,Y,P,OHR,80,0,0,,,0,0,0,0
3091,GNL,Netherlands,Netherlands,Region Europe,GEW,GPE Excavators Wheeled,,>6T,Mecalac,MEC,Y,P,OHR,25,0,0,,,0,0,0,0
3092,GNL,Netherlands,Netherlands,Region Europe,GEW,Wheeled Excavators,,>6T,OTN,OTN,,P,OHR,7,0,0,,,0,0,1,1
3093,GNL,Netherlands,Netherlands,Region Europe,GEW,GPE Excavators Wheeled,,>6T,Sany,SNY,Y,P,OHR,1,0,0,,,0,0,0,0
3094,GNL,Netherlands,Netherlands,Region Europe,GEW,GPE Excavators Wheeled,,>6T,Volvo,VCE,Y,P,OHR,71,0,0,,,0,0,0,0
3095,GNL,Netherlands,Netherlands,Region Europe,GEW,GPE Excavators Wheeled,,>6T,Wacker Neuson,WAN,Y,P,OHR,40,0,0,,,0,0,0,0
3096,GNL,Netherlands,Netherlands,Region Europe,GEW,GPE Excavators Wheeled,,>6T,Yanmar,YAN,Y,P,OHR,15,0,0,,,0,0,0,0
3097,GNL,Netherlands,Netherlands,Region Europe,WLO,Wheel Loaders,,<10,Atlas Weyhausen,ATW,Y,P,OHR,14,0,0,,,0,0,0,0
3098,GNL,Netherlands,Netherlands,Region Europe,WLO,Wheel Loaders,,<10,Bobcat,BOB,Y,P,OHR,1,0,0,,,0,0,0,0
3099,GNL,Netherlands,Netherlands,Region Europe,WLO,Wheel Loaders,,<10,Case,CAS,Y,P,OHR,10,0,0,,,0,0,0,0
3100,GNL,Netherlands,Netherlands,Region Europe,WLO,Wheel Loaders,,<10,Caterpillar Inc,,Y,P,OHR,15,0,0,,,0,0,0,0
3101,GNL,Netherlands,Netherlands,Region Europe,WLO,Wheel Loaders,,<10,Claas,,Y,P,OHR,12,0,0,,,0,0,0,0
3102,GNL,Netherlands,Netherlands,Region Europe,WLO,Wheel Loaders,,<10,Develon,DOO,Y,P,OHR,4,0,0,,,0,0,0,0
3103,GNL,Netherlands,Netherlands,Region Europe,WLO,Wheel Loaders,,<10,JCB,JCB,Y,P,OHR,99,0,0,,,0,0,0,0
3104,GNL,Netherlands,Netherlands,Region Europe,WLO,Wheel Loaders,,<10,Knikmpos,KNK,,P,OHR,22,0,0,,,0,0,0,0
3105,GNL,Netherlands,Netherlands,Region Europe,WLO,Wheel Loaders,,<10,Komatsu,KOM,Y,P,OHR,18,0,0,,,0,0,0,0
3106,GNL,Netherlands,Netherlands,Region Europe,WLO,Wheel Loaders,,<10,Kramer,KRA,Y,P,OHR,180,0,0,,,0,0,0,0
3107,GNL,Netherlands,Netherlands,Region Europe,WLO,Wheel Loaders,,<10,Kubota,KUB,Y,P,OHR,6,0,0,,,0,0,0,0
3108,GNL,Netherlands,Netherlands,Region Europe,WLO,Wheel Loaders,,<10,Manitou,MTU,Y,P,OHR,22,0,0,,,0,0,0,0
3109,GNL,Netherlands,Netherlands,Region Europe,WLO,Wheel Loaders,,<10,Mecalac,MEC,Y,P,OHR,30,0,0,,,0,0,0,0
3110,GNL,Netherlands,Netherlands,Region Europe,WLO,Wheel Loaders,,<10,New Holland,NEW,Y,P,OHR,3,0,0,,,0,0,0,0
3111,GNL,Netherlands,Netherlands,Region Europe,WLO,Wheel Loaders,,<10,OTN,OTN,,P,OHR,17,0,0,,,0,0,0,0
3112,GNL,Netherlands,Netherlands,Region Europe,WLO,Wheel Loaders,,<10,Relly,r,,P,OHR,157,0,0,,,0,0,0,0
3113,GNL,Netherlands,Netherlands,Region Europe,WLO,Wheel Loaders,,<10,Tobroco Machines,TOB,,P,OHR,393,0,0,,,0,0,0,0
3114,GNL,Netherlands,Netherlands,Region Europe,WLO,Wheel Loaders,,<10,Volvo,VCE,Y,P,OHR,27,0,0,,,0,0,0,0
3115,GNL,Netherlands,Netherlands,Region Europe,WLO,Wheel Loaders,,<10,Wacker Neuson,WAN,Y,P,OHR,60,0,0,,,0,0,0,0
3116,GNL,Netherlands,Netherlands,Region Europe,WLO,Wheel Loaders,,<10,Yanmar,YAN,Y,P,OHR,52,0,0,,,0,0,0,0
3117,GNL,Netherlands,Netherlands,Region Europe,WLO,Wheel Loaders,,>10,Case,CAS,Y,P,OHR,20,0,0,,,0,0,0,0
3118,GNL,Netherlands,Netherlands,Region Europe,WLO,Wheel Loaders,,>10,Caterpillar Inc,,Y,P,OHR,41,0,0,,,0,0,0,0
3119,GNL,Netherlands,Netherlands,Region Europe,WLO,Wheel Loaders,,>10,Claas,,Y,P,OHR,2,0,0,,,0,0,0,0
3120,GNL,Netherlands,Netherlands,Region Europe,WLO,Wheel Loaders,,>10,Develon,DOO,Y,P,OHR,3,0,0,,,0,0,0,0
3121,GNL,Netherlands,Netherlands,Region Europe,WLO,Wheel Loaders,,>10,Hitachi,HIT,Y,P,OHR,25,0,0,,,0,0,0,0
3122,GNL,Netherlands,Netherlands,Region Europe,WLO,Wheel Loaders,,>10,Hyundai,HYU,Y,P,OHR,5,0,0,,,0,0,0,0
3123,GNL,Netherlands,Netherlands,Region Europe,WLO,Wheel Loaders,,>10,JCB,JCB,Y,P,OHR,20,0,0,,,0,0,0,0
3124,GNL,Netherlands,Netherlands,Region Europe,WLO,Wheel Loaders,,>10,Komatsu,KOM,Y,P,OHR,15,0,0,,,0,0,0,0
3125,GNL,Netherlands,Netherlands,Region Europe,WLO,Wheel Loaders,,>10,Kramer,KRA,Y,P,OHR,12,0,0,,,0,0,0,0
3126,GNL,Netherlands,Netherlands,Region Europe,WLO,Wheel Loaders,,>10,Liebherr,LIE,Y,P,OHR,25,0,0,,,0,0,0,0
3127,GNL,Netherlands,Netherlands,Region Europe,WLO,Wheel Loaders,,>10,Ljungby Maskin,LJU,,P,OHR,7,0,0,,,0,0,1,1
3128,GNL,Netherlands,Netherlands,Region Europe,WLO,Wheel Loaders,,>10,Mecalac,MEC,Y,P,OHR,5,0,0,,,0,0,0,0
3129,GNL,Netherlands,Netherlands,Region Europe,WLO,Wheel Loaders,,>10,New Holland,NEW,Y,P,OHR,4,0,0,,,0,0,0,0
3130,GNL,Netherlands,Netherlands,Region Europe,WLO,Wheel Loaders,,>10,OTN,OTN,,P,OHR,16,0,0,,,0,0,1,1
3131,GNL,Netherlands,Netherlands,Region Europe,WLO,Wheel Loaders,,>10,Sany,SNY,Y,P,OHR,2,0,0,,,0,0,0,0
3132,GNL,Netherlands,Netherlands,Region Europe,WLO,Wheel Loaders,,>10,Volvo,VCE,Y,P,OHR,251,0,0,,,0,0,0,0
3133,GNL,Netherlands,Netherlands,Region Europe,WLO,Wheel Loaders,,>10,Wacker Neuson,WAN,Y,P,OHR,5,0,0,,,0,0,0,0
3134,GNO,Norway,Norway,Region Europe,330,Articulated Haulers,,,Bell,BEL,,P,OHR,5,0,0,,,0,0,1,1
3135,GNO,Norway,Norway,Region Europe,330,Articulated Haulers,,#,Caterpillar Inc,,Y,P,OHR,6,0,0,,,0,0,0,0
3136,GNO,Norway,Norway,Region Europe,330,Articulated Haulers,,#,Develon,DOO,Y,P,OHR,2,0,0,,,0,0,0,0
3137,GNO,Norway,Norway,Region Europe,330,Articulated Haulers,,,Hydrema,HYD,,P,OHR,14,0,0,,,0,0,1,1
3138,GNO,Norway,Norway,Region Europe,330,Articulated Haulers,,#,Liebherr,LIE,Y,P,OHR,7,0,0,,,0,0,0,0
3139,GNO,Norway,Norway,Region Europe,330,Articulated Haulers,,#,Volvo,VCE,Y,P,OHR,54,0,0,,,0,0,0,0
3140,GNO,Norway,Norway,Region Europe,340,Rigid Haulers,,#,Caterpillar Inc,,Y,P,OHR,33,0,0,,,0,0,0,0
3141,GNO,Norway,Norway,Region Europe,340,Rigid Haulers,,#,Komatsu,KOM,Y,P,OHR,4,0,0,,,0,0,0,0
3142,GNO,Norway,Norway,Region Europe,380,Motor Graders,,#,Caterpillar Inc,,Y,P,OHR,8,0,0,,,0,0,0,0
3143,GNO,Norway,Norway,Region Europe,380,Motor Graders,,,Deere,JOH,,P,OHR,1,0,0,,,0,0,1,1
3144,GNO,Norway,Norway,Region Europe,380,Motor Graders,,#,Komatsu,KOM,Y,P,OHR,2,0,0,,,0,0,0,0
3145,GNO,Norway,Norway,Region Europe,410,Backhoe Loaders,,,Huddig,HUD,,P,OHR,1,0,0,,,0,0,1,1
3146,GNO,Norway,Norway,Region Europe,410,Backhoe Loaders,,,JCB,JCB,,P,OHR,2,0,0,,,0,0,1,1
3147,GNO,Norway,Norway,Region Europe,CEX,Compact Excavators,,<6T,Airman,AIR,,P,OHR,15,0,0,,,1,1,1,1
3148,GNO,Norway,Norway,Region Europe,CEX,Compact Excavators,,<6T,Bobcat,BOB,Y,P,OHR,42,0,0,,,0,0,0,0
3149,GNO,Norway,Norway,Region Europe,CEX,Compact Excavators,,<6T,Case,CAS,Y,P,OHR,4,0,0,,,0,0,0,0
3150,GNO,Norway,Norway,Region Europe,CEX,Compact Excavators,,<6T,Caterpillar Inc,,Y,P,OHR,85,0,0,,,0,0,0,0
3151,GNO,Norway,Norway,Region Europe,CEX,Compact Excavators,,<6T,Develon,DOO,Y,P,OHR,19,0,0,,,0,0,0,0
3152,GNO,Norway,Norway,Region Europe,CEX,Compact Excavators,,<6T,Eurocomach,EUR,Y,P,OHR,12,0,0,,,0,0,0,0
3153,GNO,Norway,Norway,Region Europe,CEX,Compact Excavators,,<6T,Hitachi,HIT,Y,P,OHR,45,0,0,,,0,0,0,0
3154,GNO,Norway,Norway,Region Europe,CEX,Compact Excavators,,<6T,JCB,JCB,Y,P,OHR,5,0,0,,,0,0,0,0
3155,GNO,Norway,Norway,Region Europe,CEX,Compact Excavators,,<6T,Kato Imer,KAT,Y,P,OHR,15,0,0,,,0,0,0,0
3156,GNO,Norway,Norway,Region Europe,CEX,Compact Excavators,,<6T,Kobelco,KOB,Y,P,OHR,26,0,0,,,0,0,0,0
3157,GNO,Norway,Norway,Region Europe,CEX,Compact Excavators,,<6T,Komatsu,KOM,Y,P,OHR,30,0,0,,,0,0,0,0
3158,GNO,Norway,Norway,Region Europe,CEX,Compact Excavators,,<6T,Kubota,KUB,Y,P,OHR,103,0,0,,,0,0,0,0
3159,GNO,Norway,Norway,Region Europe,CEX,Compact Excavators,,<6T,New Holland,NEW,Y,P,OHR,2,0,0,,,0,0,0,0
3160,GNO,Norway,Norway,Region Europe,CEX,Compact Excavators,,<6T,Sany,SNY,Y,P,OHR,30,0,0,,,0,0,0,0
3161,GNO,Norway,Norway,Region Europe,CEX,Compact Excavators,,<6T,Sunward,SUN,Y,P,OHR,18,0,0,,,0,0,0,0
3162,GNO,Norway,Norway,Region Europe,CEX,Compact Excavators,,<6T,Takeuchi,TAK,,P,OHR,65,0,0,,,1,1,1,1
3163,GNO,Norway,Norway,Region Europe,CEX,Compact Excavators,,<6T,Volvo,VCE,Y,P,OHR,108,0,0,,,0,0,0,0
3164,GNO,Norway,Norway,Region Europe,CEX,Compact Excavators,,<6T,Wacker Neuson,WAN,Y,P,OHR,28,0,0,,,0,0,0,0
3165,GNO,Norway,Norway,Region Europe,CEX,Compact Excavators,,<6T,Yanmar,YAN,Y,P,OHR,25,0,0,,,0,0,0,0
3166,GNO,Norway,Norway,Region Europe,GEC,GPE Excavators Crawled,,>6T,Case,CAS,Y,P,OHR,5,0,0,,,0,0,0,0
3167,GNO,Norway,Norway,Region Europe,GEC,GPE Excavators Crawled,,>6T,Caterpillar Inc,,Y,P,OHR,235,0,0,,,0,0,0,0
3168,GNO,Norway,Norway,Region Europe,GEC,GPE Excavators Crawled,,>6T,Develon,DOO,Y,P,OHR,22,0,0,,,0,0,0,0
3169,GNO,Norway,Norway,Region Europe,GEC,GPE Excavators Crawled,,>6T,Eurocomach,EUR,Y,P,OHR,5,0,0,,,0,0,0,0
3170,GNO,Norway,Norway,Region Europe,GEC,GPE Excavators Crawled,,>6T,Hitachi,HIT,Y,P,OHR,240,0,0,,,0,0,0,0
3171,GNO,Norway,Norway,Region Europe,GEC,GPE Excavators Crawled,,>6T,Hyundai,HYU,Y,P,OHR,1,0,0,,,0,0,0,0
3172,GNO,Norway,Norway,Region Europe,GEC,GPE Excavators Crawled,,>6T,JCB,JCB,Y,P,OHR,4,0,0,,,0,0,0,0
3173,GNO,Norway,Norway,Region Europe,GEC,GPE Excavators Crawled,,>6T,Kato Imer,KAT,Y,P,OHR,15,0,0,,,0,0,0,0
3174,GNO,Norway,Norway,Region Europe,GEC,GPE Excavators Crawled,,>6T,Kobelco,KOB,Y,P,OHR,137,0,0,,,0,0,0,0
3175,GNO,Norway,Norway,Region Europe,GEC,GPE Excavators Crawled,,>6T,Komatsu,KOM,Y,P,OHR,68,0,0,,,0,0,0,0
3176,GNO,Norway,Norway,Region Europe,GEC,GPE Excavators Crawled,,>6T,Kubota,KUB,Y,P,OHR,23,0,0,,,0,0,0,0
3177,GNO,Norway,Norway,Region Europe,GEC,GPE Excavators Crawled,,>6T,Liebherr,LIE,Y,P,OHR,33,0,0,,,0,0,0,0
3178,GNO,Norway,Norway,Region Europe,GEC,GPE Excavators Crawled,,>6T,Sany,SNY,Y,P,OHR,25,0,0,,,0,0,0,0
3179,GNO,Norway,Norway,Region Europe,GEC,GPE Excavators Crawled,,>6T,Sunward,SUN,Y,P,OHR,1,0,0,,,0,0,0,0
3180,GNO,Norway,Norway,Region Europe,GEC,Crawler Excavators,,>6T,Takeuchi,TAK,,P,OHR,20,0,0,,,0,0,1,1
3181,GNO,Norway,Norway,Region Europe,GEC,GPE Excavators Crawled,,>6T,Volvo,VCE,Y,P,OHR,240,0,0,,,0,0,0,0
3182,GNO,Norway,Norway,Region Europe,GEC,GPE Excavators Crawled,,>6T,Wacker Neuson,WAN,Y,P,OHR,50,0,0,,,0,0,0,0
3183,GNO,Norway,Norway,Region Europe,GEC,GPE Excavators Crawled,,>6T,Yanmar,YAN,Y,P,OHR,2,0,0,,,0,0,0,0
3184,GNO,Norway,Norway,Region Europe,GEW,GPE Excavators Wheeled,,>6T,Caterpillar Inc,,Y,P,OHR,34,0,0,,,0,0,0,0
3185,GNO,Norway,Norway,Region Europe,GEW,GPE Excavators Wheeled,,>6T,Develon,DOO,Y,P,OHR,17,0,0,,,0,0,0,0
3186,GNO,Norway,Norway,Region Europe,GEW,GPE Excavators Wheeled,,>6T,Hitachi,HIT,Y,P,OHR,42,0,0,,,0,0,0,0
3187,GNO,Norway,Norway,Region Europe,GEW,Wheeled Excavators,,>6T,Hydrema,HYD,,P,OHR,17,0,0,,,0,0,1,1
3188,GNO,Norway,Norway,Region Europe,GEW,GPE Excavators Wheeled,,>6T,Hyundai,HYU,Y,P,OHR,1,0,0,,,0,0,0,0
3189,GNO,Norway,Norway,Region Europe,GEW,GPE Excavators Wheeled,,>6T,JCB,JCB,Y,P,OHR,3,0,0,,,0,0,0,0
3190,GNO,Norway,Norway,Region Europe,GEW,GPE Excavators Wheeled,,>6T,Komatsu,KOM,Y,P,OHR,8,0,0,,,0,0,0,0
3191,GNO,Norway,Norway,Region Europe,GEW,GPE Excavators Wheeled,,>6T,Liebherr,LIE,Y,P,OHR,32,0,0,,,0,0,0,0
3192,GNO,Norway,Norway,Region Europe,GEW,GPE Excavators Wheeled,,>6T,Mecalac,MEC,Y,P,OHR,1,0,0,,,0,0,0,0
3193,GNO,Norway,Norway,Region Europe,GEW,Wheeled Excavators,,>6T,Takeuchi,TAK,,P,OHR,5,0,0,,,0,0,1,1
3194,GNO,Norway,Norway,Region Europe,GEW,GPE Excavators Wheeled,,>6T,Volvo,VCE,Y,P,OHR,121,0,0,,,0,0,0,0
3195,GNO,Norway,Norway,Region Europe,GEW,GPE Excavators Wheeled,,>6T,Wacker Neuson,WAN,Y,P,OHR,5,0,0,,,0,0,0,0
3196,GNO,Norway,Norway,Region Europe,WLO,Wheel Loaders,,<10,Atlas Weyhausen,ATW,Y,P,OHR,3,0,0,,,0,0,0,0
3197,GNO,Norway,Norway,Region Europe,WLO,Wheel Loaders,,<10,Bobcat,BOB,Y,P,OHR,7,0,0,,,0,0,0,0
3198,GNO,Norway,Norway,Region Europe,WLO,Wheel Loaders,,<10,Case,CAS,Y,P,OHR,6,0,0,,,0,0,0,0
3199,GNO,Norway,Norway,Region Europe,WLO,Wheel Loaders,,<10,Caterpillar Inc,,Y,P,OHR,105,0,0,,,0,0,0,0
3200,GNO,Norway,Norway,Region Europe,WLO,Wheel Loaders,,<10,Claas,,Y,P,OHR,1,0,0,,,0,0,0,0
3201,GNO,Norway,Norway,Region Europe,WLO,Wheel Loaders,,<10,Dieci,DIE,,P,OHR,2,0,0,,,0,0,0,0
3202,GNO,Norway,Norway,Region Europe,WLO,Wheel Loaders,,<10,JCB,JCB,Y,P,OHR,10,0,0,,,0,0,0,0
3203,GNO,Norway,Norway,Region Europe,WLO,Wheel Loaders,,<10,Komatsu,KOM,Y,P,OHR,4,0,0,,,0,0,0,0
3204,GNO,Norway,Norway,Region Europe,WLO,Wheel Loaders,,<10,Kramer,KRA,Y,P,OHR,35,0,0,,,0,0,0,0
3205,GNO,Norway,Norway,Region Europe,WLO,Wheel Loaders,,<10,Kubota,KUB,Y,P,OHR,8,0,0,,,0,0,0,0
3206,GNO,Norway,Norway,Region Europe,WLO,Wheel Loaders,,<10,Liebherr,LIE,Y,P,OHR,8,0,0,,,0,0,0,0
3207,GNO,Norway,Norway,Region Europe,WLO,Wheel Loaders,,<10,Manitou,MTU,Y,P,OHR,5,0,0,,,0,0,0,0
3208,GNO,Norway,Norway,Region Europe,WLO,Wheel Loaders,,<10,Tobroco Machines,TOB,,P,OHR,67,0,0,,,0,0,0,0
3209,GNO,Norway,Norway,Region Europe,WLO,Wheel Loaders,,<10,Vilakone,VIL,,P,OHR,11,0,0,,,0,0,0,0
3210,GNO,Norway,Norway,Region Europe,WLO,Wheel Loaders,,<10,Volvo,VCE,Y,P,OHR,62,0,0,,,0,0,0,0
3211,GNO,Norway,Norway,Region Europe,WLO,Wheel Loaders,,<10,Wacker Neuson,WAN,Y,P,OHR,10,0,0,,,0,0,0,0
3212,GNO,Norway,Norway,Region Europe,WLO,Wheel Loaders,,<10,Weidemann,WEI,,P,OHR,6,0,0,,,0,0,0,0
3213,GNO,Norway,Norway,Region Europe,WLO,Wheel Loaders,,<10,Yanmar,YAN,Y,P,OHR,5,0,0,,,0,0,0,0
3214,GNO,Norway,Norway,Region Europe,WLO,Wheel Loaders,,>10,Case,CAS,Y,P,OHR,2,0,0,,,0,0,0,0
3215,GNO,Norway,Norway,Region Europe,WLO,Wheel Loaders,,>10,Caterpillar Inc,,Y,P,OHR,71,0,0,,,0,0,0,0
3216,GNO,Norway,Norway,Region Europe,WLO,Wheel Loaders,,>10,Claas,,Y,P,OHR,1,0,0,,,0,0,0,0
3217,GNO,Norway,Norway,Region Europe,WLO,Wheel Loaders,,>10,Develon,DOO,Y,P,OHR,2,0,0,,,0,0,0,0
3218,GNO,Norway,Norway,Region Europe,WLO,Wheel Loaders,,>10,Hitachi,HIT,Y,P,OHR,30,0,0,,,0,0,0,0
3219,GNO,Norway,Norway,Region Europe,WLO,Wheel Loaders,,>10,Hyundai,HYU,Y,P,OHR,2,0,0,,,0,0,0,0
3220,GNO,Norway,Norway,Region Europe,WLO,Wheel Loaders,,>10,JCB,JCB,Y,P,OHR,6,0,0,,,0,0,0,0
3221,GNO,Norway,Norway,Region Europe,WLO,Wheel Loaders,,>10,Komatsu,KOM,Y,P,OHR,11,0,0,,,0,0,0,0
3222,GNO,Norway,Norway,Region Europe,WLO,Wheel Loaders,,>10,Kramer,KRA,Y,P,OHR,10,0,0,,,0,0,0,0
3223,GNO,Norway,Norway,Region Europe,WLO,Wheel Loaders,,>10,Liebherr,LIE,Y,P,OHR,13,0,0,,,0,0,0,0
3224,GNO,Norway,Norway,Region Europe,WLO,Wheel Loaders,,>10,Ljungby Maskin,LJU,,P,OHR,30,0,0,,,0,0,1,1
3225,GNO,Norway,Norway,Region Europe,WLO,Wheel Loaders,,>10,Lundberg Hymas,LUN,,P,OHR,5,0,0,,,0,0,1,1
3226,GNO,Norway,Norway,Region Europe,WLO,Wheel Loaders,,>10,Vilakone,VIL,,P,OHR,10,0,0,,,0,0,1,1
3227,GNO,Norway,Norway,Region Europe,WLO,Wheel Loaders,,>10,Volvo,VCE,Y,P,OHR,484,0,0,,,0,0,0,0
3228,GNO,Norway,Norway,Region Europe,WLO,Wheel Loaders,,>10,Wacker Neuson,WAN,Y,P,OHR,5,0,0,,,0,0,0,0
3229,GOM,Oman,Oman,Region International,330,Articulated Haulers,,#,Komatsu,KOM,Y,P,DES,2,0,0,,,0,0,0,0
3230,GOM,Oman,Oman,Region International,330,Articulated Haulers,,#,Volvo,VCE,Y,P,DES,6,0,0,,,0,0,0,0
3231,GOM,Oman,Oman,Region International,340,Rigid Haulers,,,Hyundai,HYU,,P,DES,2,0,0,,,0,0,1,1
3232,GOM,Oman,Oman,Region International,GEC,GPE Excavators Crawled,,>10T,Case,CAS,Y,P,DES,1,0,0,,,0,0,0,0
3233,GOM,Oman,Oman,Region International,GEC,GPE Excavators Crawled,,>10T,Caterpillar Inc,,Y,P,DES,26,0,0,,,0,0,0,0
3234,GOM,Oman,Oman,Region International,GEC,GPE Excavators Crawled,,>10T,Develon,DOO,Y,P,DES,6,0,0,,,0,0,0,0
3235,GOM,Oman,Oman,Region International,GEC,GPE Excavators Crawled,,>10T,Hitachi,HIT,Y,P,DES,179,0,0,,,0,0,0,0
3236,GOM,Oman,Oman,Region International,GEC,GPE Excavators Crawled,,>10T,Hyundai,HYU,Y,P,DES,33,0,0,,,0,0,0,0
3237,GOM,Oman,Oman,Region International,GEC,GPE Excavators Crawled,,>10T,JCB,JCB,Y,P,DES,44,0,0,,,0,0,0,0
3238,GOM,Oman,Oman,Region International,GEC,GPE Excavators Crawled,,>10T,Komatsu,KOM,Y,P,DES,23,0,0,,,0,0,0,0
3239,GOM,Oman,Oman,Region International,GEC,GPE Excavators Crawled,,>10T,Liugong,LIU,Y,P,DES,2,0,0,,,0,0,0,0
3240,GOM,Oman,Oman,Region International,GEC,GPE Excavators Crawled,,>10T,Sany,SNY,Y,P,DES,3,0,0,,,0,0,0,0
3241,GOM,Oman,Oman,Region International,GEC,GPE Excavators Crawled,,>10T,SDLG,LIN,Y,P,DES,1,0,0,,,0,0,0,0
3242,GOM,Oman,Oman,Region International,GEC,GPE Excavators Crawled,,>10T,Volvo,VCE,Y,P,DES,37,0,0,,,0,0,0,0
3243,GOM,Oman,Oman,Region International,GEC,GPE Excavators Crawled,,>10T,XCMG,XCM,Y,P,DES,2,0,0,,,0,0,0,0
3244,GOM,Oman,Oman,Region International,GEW,GPE Excavators Wheeled,,>11T,Caterpillar Inc,,Y,P,DES,3,0,0,,,0,0,0,0
3245,GOM,Oman,Oman,Region International,GEW,GPE Excavators Wheeled,,>11T,Develon,DOO,Y,P,DES,4,0,0,,,0,0,0,0
3246,GOM,Oman,Oman,Region International,GEW,GPE Excavators Wheeled,,>11T,Hyundai,HYU,Y,P,DES,12,0,0,,,0,0,0,0
3247,GOM,Oman,Oman,Region International,GEW,GPE Excavators Wheeled,,>11T,JCB,JCB,Y,P,DES,3,0,0,,,0,0,0,0
3248,GOM,Oman,Oman,Region International,WLO,Wheel Loaders,,10<12,JCB,JCB,Y,P,DES,1,0,0,,,0,0,0,0
3249,GOM,Oman,Oman,Region International,WLO,Wheel Loaders,,10<12,Komatsu,KOM,Y,P,DES,1,0,0,,,0,0,0,0
3250,GOM,Oman,Oman,Region International,WLO,Wheel Loaders,,10<12,Liugong,LIU,Y,P,DES,2,0,0,,,0,0,0,0
3251,GOM,Oman,Oman,Region International,WLO,Wheel Loaders,,10<12,SEM,SEM,Y,P,DES,1,0,0,,,0,0,0,0
3252,GOM,Oman,Oman,Region International,WLO,Wheel Loaders,,10<12,XCMG,XCM,Y,P,DES,1,0,0,,,0,0,0,0
3253,GOM,Oman,Oman,Region International,WLO,Wheel Loaders,,<12,Lonking,LON,,P,DES,4,0,0,,,0,0,0,0
3254,GOM,Oman,Oman,Region International,WLO,Wheel Loaders,,>12,Case,CAS,Y,P,DES,1,0,0,,,0,0,0,0
3255,GOM,Oman,Oman,Region International,WLO,Wheel Loaders,,>12,Caterpillar Inc,,Y,P,DES,17,0,0,,,0,0,0,0
3256,GOM,Oman,Oman,Region International,WLO,Wheel Loaders,,>12,Develon,DOO,Y,P,DES,4,0,0,,,0,0,0,0
3257,GOM,Oman,Oman,Region International,WLO,Wheel Loaders,,>12,Hitachi,HIT,Y,P,DES,8,0,0,,,0,0,0,0
3258,GOM,Oman,Oman,Region International,WLO,Wheel Loaders,,>12,Hyundai,HYU,Y,P,DES,3,0,0,,,0,0,0,0
3259,GOM,Oman,Oman,Region International,WLO,Wheel Loaders,,>12,JCB,JCB,Y,P,DES,21,0,0,,,0,0,0,0
3260,GOM,Oman,Oman,Region International,WLO,Wheel Loaders,,>12,Komatsu,KOM,Y,P,DES,24,0,0,,,0,0,0,0
3261,GOM,Oman,Oman,Region International,WLO,Wheel Loaders,,>12,Liugong,LIU,Y,P,DES,40,0,0,,,0,0,0,0
3262,GOM,Oman,Oman,Region International,WLO,Wheel Loaders,,>12,Sany,SNY,Y,P,DES,12,0,0,,,0,0,0,0
3263,GOM,Oman,Oman,Region International,WLO,Wheel Loaders,,>12,SDLG,LIN,Y,P,DES,56,0,0,,,0,0,0,0
3264,GOM,Oman,Oman,Region International,WLO,Wheel Loaders,,>12,SEM,SEM,Y,P,DES,21,0,0,,,0,0,0,0
3265,GOM,Oman,Oman,Region International,WLO,Wheel Loaders,,>12,Volvo,VCE,Y,P,DES,5,0,0,,,0,0,0,0
3266,GOM,Oman,Oman,Region International,WLO,Wheel Loaders,,>12,XCMG,XCM,Y,P,DES,37,0,0,,,0,0,0,0
3267,GPA,Panama,Panama,Region Latin America,CEX,Compact Excavators,,6<10T,Caterpillar Inc,,Y,P,PIN,1,0,0,,,0,0,0,0
3268,GPA,Panama,Panama,Region Latin America,CEX,Compact Excavators,,6<10T,Develon,DOO,Y,P,PIN,7,0,0,,,0,0,0,0
3269,GPA,Panama,Panama,Region Latin America,CEX,Compact Excavators,,6<10T,SDLG,LIN,Y,P,PIN,6,0,0,,,0,0,0,0
3270,GPA,Panama,Panama,Region Latin America,CEX,Compact Excavators,,6<10T,Zoomlion,ZOO,Y,P,PIN,1,0,0,,,0,0,0,0
3271,GPA,Panama,Panama,Region Latin America,CEX,Compact Excavators,,<6T,Bobcat,BOB,Y,P,PIN,2,0,0,,,0,0,0,0
3272,GPA,Panama,Panama,Region Latin America,CEX,Compact Excavators,,<6T,Caterpillar Inc,,Y,P,PIN,3,0,0,,,0,0,0,0
3273,GPA,Panama,Panama,Region Latin America,CEX,Compact Excavators,,<6T,Deere,JOH,Y,P,PIN,1,0,0,,,0,0,0,0
3274,GPA,Panama,Panama,Region Latin America,CEX,Compact Excavators,,<6T,Foton Lovol,FOL,Y,P,PIN,4,0,0,,,0,0,0,0
3275,GPA,Panama,Panama,Region Latin America,CEX,Compact Excavators,,<6T,OCN,OCN,,P,PIN,21,0,0,,,1,1,1,2
3276,GPA,Panama,Panama,Region Latin America,CEX,Compact Excavators,,<6T,OTN,OTN,,P,PIN,2,0,0,,,1,1,1,1
3277,GPA,Panama,Panama,Region Latin America,CEX,Compact Excavators,,<6T,Rippa China,CRM,,P,PIN,17,0,0,,,1,1,1,1
3278,GPA,Panama,Panama,Region Latin America,CEX,Compact Excavators,,<6T,Sany,SNY,Y,P,PIN,4,0,0,,,0,0,0,0
3279,GPA,Panama,Panama,Region Latin America,CEX,Compact Excavators,,<6T,SDLG,LIN,Y,P,PIN,2,0,0,,,0,0,0,0
3280,GPA,Panama,Panama,Region Latin America,CEX,Compact Excavators,,<6T,Shandong,SHX,,P,PIN,2,0,0,,,1,1,1,1
3281,GPA,Panama,Panama,Region Latin America,CEX,Compact Excavators,,<6T,Shantui,SBM,Y,P,PIN,2,0,0,,,0,0,0,0
3282,GPA,Panama,Panama,Region Latin America,CEX,Compact Excavators,,<6T,Volvo,VCE,Y,P,PIN,1,0,0,,,0,0,0,0
3283,GPA,Panama,Panama,Region Latin America,CEX,Compact Excavators,,<6T,Zoomlion,ZOO,Y,P,PIN,1,0,0,,,0,0,0,0
3284,GPA,Panama,Panama,Region Latin America,GEC,GPE Excavators Crawled,,>10T,Caterpillar Inc,,Y,P,PIN,15,0,0,,,0,0,0,0
3285,GPA,Panama,Panama,Region Latin America,GEC,GPE Excavators Crawled,,>10T,Develon,DOO,Y,P,PIN,19,0,0,,,0,0,0,0
3286,GPA,Panama,Panama,Region Latin America,GEC,GPE Excavators Crawled,,>10T,Hidromek,HID,Y,P,PIN,2,0,0,,,0,0,0,0
3287,GPA,Panama,Panama,Region Latin America,GEC,GPE Excavators Crawled,,>10T,Hyundai,HYU,Y,P,PIN,5,0,0,,,0,0,0,0
3288,GPA,Panama,Panama,Region Latin America,GEC,GPE Excavators Crawled,,>10T,JCB,JCB,Y,P,PIN,2,0,0,,,0,0,0,0
3289,GPA,Panama,Panama,Region Latin America,GEC,GPE Excavators Crawled,,>10T,Komatsu,KOM,Y,P,PIN,4,0,0,,,0,0,0,0
3290,GPA,Panama,Panama,Region Latin America,GEC,GPE Excavators Crawled,,>10T,Sany,SNY,Y,P,PIN,5,0,0,,,0,0,0,0
3291,GPA,Panama,Panama,Region Latin America,GEC,GPE Excavators Crawled,,>10T,SDLG,LIN,Y,P,PIN,3,0,0,,,0,0,0,0
3292,GPA,Panama,Panama,Region Latin America,GEC,GPE Excavators Crawled,,>10T,Shantui,SBM,Y,P,PIN,3,0,0,,,0,0,0,0
3293,GPA,Panama,Panama,Region Latin America,GEC,GPE Excavators Crawled,,>10T,Volvo,VCE,Y,P,PIN,15,0,0,,,0,0,0,0
3294,GPA,Panama,Panama,Region Latin America,GEC,GPE Excavators Crawled,,>10T,Zoomlion,ZOO,Y,P,PIN,2,0,0,,,0,0,0,0
3295,GPA,Panama,Panama,Region Latin America,GEW,GPE Excavators Wheeled,,>11T,Develon,DOO,Y,P,PIN,2,0,0,,,0,0,0,0
3296,GPA,Panama,Panama,Region Latin America,WLO,Wheel Loaders,,10<12,OTN,OTN,,P,PIN,1,0,0,,,0,0,0,0
3297,GPA,Panama,Panama,Region Latin America,WLO,Wheel Loaders,,10<12,Titan,TIT,,P,PIN,1,0,0,,,0,0,0,0
3298,GPA,Panama,Panama,Region Latin America,WLO,Wheel Loaders,,<7,Lugong,LGG,,P,PIN,1,0,0,,,0,0,0,0
3299,GPA,Panama,Panama,Region Latin America,WLO,Wheel Loaders,,<7,OCN,OCN,,P,PIN,2,0,0,,,0,0,0,0
3300,GPA,Panama,Panama,Region Latin America,WLO,Wheel Loaders,,<7,OTN,OTN,,P,PIN,3,0,0,,,0,0,0,0
3301,GPA,Panama,Panama,Region Latin America,WLO,Wheel Loaders,,<7,Shandong,SHX,,P,PIN,2,0,0,,,0,0,0,0
3302,GPA,Panama,Panama,Region Latin America,WLO,Wheel Loaders,,>12,Caterpillar Inc,,Y,P,PIN,4,0,0,,,0,0,0,0
3303,GPA,Panama,Panama,Region Latin America,WLO,Wheel Loaders,,>12,Deere,JOH,Y,P,PIN,2,0,0,,,0,0,0,0
3304,GPA,Panama,Panama,Region Latin America,WLO,Wheel Loaders,,>12,Develon,DOO,Y,P,PIN,1,0,0,,,0,0,0,0
3305,GPA,Panama,Panama,Region Latin America,WLO,Wheel Loaders,,>12,Foton Lovol,FOL,Y,P,PIN,1,0,0,,,0,0,0,0
3306,GPA,Panama,Panama,Region Latin America,WLO,Wheel Loaders,,>12,OCN,OCN,,P,PIN,1,0,0,,,0,0,1,1
3307,GPA,Panama,Panama,Region Latin America,WLO,Wheel Loaders,,>12,SDLG,LIN,Y,P,PIN,3,0,0,,,0,0,0,0
3308,GPA,Panama,Panama,Region Latin America,WLO,Wheel Loaders,,>12,SEM,SEM,Y,P,PIN,1,0,0,,,0,0,0,0
3309,GPA,Panama,Panama,Region Latin America,WLO,Wheel Loaders,,>12,Shantui,SBM,Y,P,PIN,1,0,0,,,0,0,0,0
3310,GPA,Panama,Panama,Region Latin America,WLO,Wheel Loaders,,>12,Volvo,VCE,Y,P,PIN,6,0,0,,,0,0,0,0
3311,GPA,Panama,Panama,Region Latin America,WLO,Wheel Loaders,,>12,Zoomlion,ZOO,,P,PIN,1,0,0,,,0,0,1,1
3312,GPE,Peru,Peru,Region Latin America,330,Articulated Haulers,,#,XCMG,XCM,Y,P,OHR,10,0,0,,,0,0,0,0
3313,GPE,Peru,Peru,Region Latin America,340,Rigid Haulers,,#,Caterpillar Inc,,Y,P,OHR,7,0,0,,,0,0,0,0
3314,GPE,Peru,Peru,Region Latin America,340,Rigid Haulers,,#,Hitachi,HIT,Y,P,OHR,4,0,0,,,0,0,0,0
3315,GPE,Peru,Peru,Region Latin America,340,Rigid Haulers,,#,Komatsu,KOM,Y,P,OHR,27,0,0,,,0,0,0,0
3316,GPE,Peru,Peru,Region Latin America,340,Rigid Haulers,,#,Sany,SNY,Y,P,PIN,6,0,0,,,0,0,0,0
3317,GPE,Peru,Peru,Region Latin America,380,Motor Graders,,#,Caterpillar Inc,,Y,P,OHR,110,0,0,,,0,0,0,0
3318,GPE,Peru,Peru,Region Latin America,380,Motor Graders,,#,Deere,JOH,Y,P,OHR,41,0,0,,,0,0,0,0
3319,GPE,Peru,Peru,Region Latin America,380,Motor Graders,,#,Komatsu,KOM,Y,P,OHR,22,0,0,,,0,0,0,0
3320,GPE,Peru,Peru,Region Latin America,380,Motor Graders,,#,Liugong,LIU,Y,P,OHR,7,0,0,,,0,0,0,0
3321,GPE,Peru,Peru,Region Latin America,380,Motor Graders,,#,New Holland,NEW,Y,P,OHR,1,0,0,,,0,0,0,0
3322,GPE,Peru,Peru,Region Latin America,380,Motor Graders,,,OTN,OTN,,P,OHR,5,0,0,,,0,0,1,1
3323,GPE,Peru,Peru,Region Latin America,380,Motor Graders,,#,Sany,SNY,Y,P,OHR,4,0,0,,,0,0,0,0
3324,GPE,Peru,Peru,Region Latin America,380,Motor Graders,,#,SDLG,LIN,Y,P,OHR,2,0,0,,,0,0,0,0
3325,GPE,Peru,Peru,Region Latin America,380,Motor Graders,,#,SEM,SEM,Y,P,OHR,2,0,0,,,0,0,0,0
3326,GPE,Peru,Peru,Region Latin America,380,Motor Graders,,#,XCMG,XCM,Y,P,OHR,16,0,0,,,0,0,0,0
3327,GPE,Peru,Peru,Region Latin America,410,Backhoe Loaders,,,Bobcat,BOB,,P,OHR,10,0,0,,,0,0,1,1
3328,GPE,Peru,Peru,Region Latin America,410,Backhoe Loaders,,,Bull,BUL,,P,OHR,1,0,0,,,0,0,1,1
3329,GPE,Peru,Peru,Region Latin America,410,Backhoe Loaders,,,Case,CAS,,P,OHR,8,0,0,,,0,0,1,1
3330,GPE,Peru,Peru,Region Latin America,410,Backhoe Loaders,,,Caterpillar Inc,CAT,,P,OHR,345,0,0,,,0,0,1,1
3331,GPE,Peru,Peru,Region Latin America,410,Backhoe Loaders,,,Deere,JOH,,P,OHR,105,0,0,,,0,0,1,1
3332,GPE,Peru,Peru,Region Latin America,410,Backhoe Loaders,,,Develon,DOO,,P,OHR,10,0,0,,,0,0,1,1
3333,GPE,Peru,Peru,Region Latin America,410,Backhoe Loaders,,,Hidromek,HID,,P,OHR,35,0,0,,,0,0,1,1
3334,GPE,Peru,Peru,Region Latin America,410,Backhoe Loaders,,,Hyundai,HYU,,P,OHR,20,0,0,,,0,0,1,1
3335,GPE,Peru,Peru,Region Latin America,410,Backhoe Loaders,,,JCB,JCB,,P,OHR,97,0,0,,,0,0,1,1
3336,GPE,Peru,Peru,Region Latin America,410,Backhoe Loaders,,,Komatsu,KOM,,P,OHR,52,0,0,,,0,0,1,1
3337,GPE,Peru,Peru,Region Latin America,410,Backhoe Loaders,,,MST,MST,,P,OHR,10,0,0,,,0,0,1,1
3338,GPE,Peru,Peru,Region Latin America,410,Backhoe Loaders,,,New Holland,NEW,,P,OHR,15,0,0,,,0,0,1,1
3339,GPE,Peru,Peru,Region Latin America,410,Backhoe Loaders,,,OTN,OTN,,P,OHR,46,0,0,,,0,0,1,1
3340,GPE,Peru,Peru,Region Latin America,410,Backhoe Loaders,,,Sany,SNY,,P,OHR,25,0,0,,,0,0,1,1
3341,GPE,Peru,Peru,Region Latin America,410,Backhoe Loaders,,,SDLG,LIN,,P,OHR,1,0,0,,,0,0,1,1
3342,GPE,Peru,Peru,Region Latin America,410,Backhoe Loaders,,,XCMG,XCM,,P,OHR,30,0,0,,,0,0,1,1
3343,GPE,Peru,Peru,Region Latin America,CEX,Compact Excavators,,6<10T,OCN,OCN,,P,PIN,2,0,0,,,1,1,1,1
3344,GPE,Peru,Peru,Region Latin America,CEX,Compact Excavators,,6<10T,Shantui,SBM,Y,P,PIN,1,0,0,,,0,0,0,0
3345,GPE,Peru,Peru,Region Latin America,CEX,Compact Excavators,,<6T,Bull,BUL,,P,PIN,2,0,0,,,1,1,1,1
3346,GPE,Peru,Peru,Region Latin America,CEX,Compact Excavators,,<6T,Caterpillar Inc,,Y,P,OHR,8,0,0,,,0,0,0,0
3347,GPE,Peru,Peru,Region Latin America,CEX,Compact Excavators,,<6T,Foton Lovol,FOL,Y,P,PIN,2,0,0,,,0,0,0,0
3348,GPE,Peru,Peru,Region Latin America,CEX,Compact Excavators,,<6T,Hyundai,HYU,Y,P,PIN,2,0,0,,,0,0,0,0
3349,GPE,Peru,Peru,Region Latin America,CEX,Compact Excavators,,<6T,Kobelco,KOB,Y,P,OHR,2,0,0,,,0,0,0,0
3350,GPE,Peru,Peru,Region Latin America,CEX,Compact Excavators,,<6T,Liugong,LIU,Y,P,OHR,2,0,0,,,0,0,0,0
3351,GPE,Peru,Peru,Region Latin America,CEX,Compact Excavators,,<6T,Lonking,LON,,P,OHR,2,0,0,,,1,1,1,1
3352,GPE,Peru,Peru,Region Latin America,CEX,Compact Excavators,,<6T,OCN,OCN,,P,PIN,4,0,0,,,1,1,1,2
3353,GPE,Peru,Peru,Region Latin America,CEX,Compact Excavators,,<6T,OTN,OTN,,P,OHR,5,0,0,,,1,1,1,1
3354,GPE,Peru,Peru,Region Latin America,CEX,Compact Excavators,,<6T,Shantui,SBM,Y,P,PIN,2,0,0,,,0,0,0,0
3355,GPE,Peru,Peru,Region Latin America,CEX,Compact Excavators,,<6T,Volvo,VCE,Y,P,OHR,1,0,0,,,0,0,0,0
3356,GPE,Peru,Peru,Region Latin America,CEX,Compact Excavators,,<6T,XCMG,XCM,Y,P,OHR,2,0,0,,,0,0,0,0
3357,GPE,Peru,Peru,Region Latin America,GEC,GPE Excavators Crawled,,>10T,Case,CAS,Y,P,PIN,1,0,0,,,0,0,0,0
3358,GPE,Peru,Peru,Region Latin America,GEC,Crawler Excavators,,>10T,Lonking,LON,,P,PIN,3,0,0,,,0,0,1,1
3359,GPE,Peru,Peru,Region Latin America,GEC,Crawler Excavators,,>10T,OCN,OCN,,P,PIN,5,0,0,,,0,0,1,1
3360,GPE,Peru,Peru,Region Latin America,GEC,GPE Excavators Crawled,,>10T,Sunward,SUN,Y,P,PIN,1,0,0,,,0,0,0,0
3361,GPE,Peru,Peru,Region Latin America,GEC,GPE Excavators Crawled,,>6T,Caterpillar Inc,,Y,P,OHR,445,0,0,,,0,0,0,0
3362,GPE,Peru,Peru,Region Latin America,GEC,GPE Excavators Crawled,,>6T,Deere,JOH,Y,P,OHR,48,0,0,,,0,0,0,0
3363,GPE,Peru,Peru,Region Latin America,GEC,GPE Excavators Crawled,,>6T,Develon,DOO,Y,P,OHR,53,0,0,,,0,0,0,0
3364,GPE,Peru,Peru,Region Latin America,GEC,GPE Excavators Crawled,,>6T,Foton Lovol,FOL,Y,P,OHR,15,0,0,,,0,0,0,0
3365,GPE,Peru,Peru,Region Latin America,GEC,GPE Excavators Crawled,,>6T,Hitachi,HIT,Y,P,OHR,1,0,0,,,0,0,0,0
3366,GPE,Peru,Peru,Region Latin America,GEC,GPE Excavators Crawled,,>6T,Hyundai,HYU,Y,P,OHR,107,0,0,,,0,0,0,0
3367,GPE,Peru,Peru,Region Latin America,GEC,GPE Excavators Crawled,,>6T,JCB,JCB,Y,P,OHR,8,0,0,,,0,0,0,0
3368,GPE,Peru,Peru,Region Latin America,GEC,GPE Excavators Crawled,,>6T,Kobelco,KOB,Y,P,OHR,21,0,0,,,0,0,0,0
3369,GPE,Peru,Peru,Region Latin America,GEC,GPE Excavators Crawled,,>6T,Komatsu,KOM,Y,P,OHR,124,0,0,,,0,0,0,0
3370,GPE,Peru,Peru,Region Latin America,GEC,GPE Excavators Crawled,,>6T,Liebherr,LIE,Y,P,OHR,17,0,0,,,0,0,0,0
3371,GPE,Peru,Peru,Region Latin America,GEC,GPE Excavators Crawled,,>6T,Liugong,LIU,Y,P,OHR,12,0,0,,,0,0,0,0
3372,GPE,Peru,Peru,Region Latin America,GEC,GPE Excavators Crawled,,>6T,New Holland,NEW,Y,P,OHR,2,0,0,,,0,0,0,0
3373,GPE,Peru,Peru,Region Latin America,GEC,Crawler Excavators,,>6T,OTN,OTN,,P,OHR,25,0,0,,,0,0,1,1
3374,GPE,Peru,Peru,Region Latin America,GEC,GPE Excavators Crawled,,>6T,Sany,SNY,Y,P,OHR,125,0,0,,,0,0,0,0
3375,GPE,Peru,Peru,Region Latin America,GEC,GPE Excavators Crawled,,>6T,SDLG,LIN,Y,P,OHR,1,0,0,,,0,0,0,0
3376,GPE,Peru,Peru,Region Latin America,GEC,GPE Excavators Crawled,,>6T,Shantui,SBM,Y,P,OHR,15,0,0,,,0,0,0,0
3377,GPE,Peru,Peru,Region Latin America,GEC,GPE Excavators Crawled,,>6T,Volvo,VCE,Y,P,OHR,66,0,0,,,0,0,0,0
3378,GPE,Peru,Peru,Region Latin America,GEC,GPE Excavators Crawled,,>6T,XCMG,XCM,Y,P,OHR,35,0,0,,,0,0,0,0
3379,GPE,Peru,Peru,Region Latin America,GEC,GPE Excavators Crawled,,>6T,Zoomlion,ZOO,Y,P,OHR,20,0,0,,,0,0,0,0
3380,GPE,Peru,Peru,Region Latin America,GEW,GPE Excavators Wheeled,,>11T,Caterpillar Inc,,Y,P,PIN,3,0,0,,,0,0,0,0
3381,GPE,Peru,Peru,Region Latin America,GEW,GPE Excavators Wheeled,,>11T,Develon,DOO,Y,P,PIN,5,0,0,,,0,0,0,0
3382,GPE,Peru,Peru,Region Latin America,GEW,GPE Excavators Wheeled,,>11T,Hyundai,HYU,Y,P,PIN,7,0,0,,,0,0,0,0
3383,GPE,Peru,Peru,Region Latin America,GEW,GPE Excavators Wheeled,,>11T,JCB,JCB,Y,P,PIN,2,0,0,,,0,0,0,0
3384,GPE,Peru,Peru,Region Latin America,GEW,GPE Excavators Wheeled,,>11T,Liebherr,LIE,Y,P,PIN,1,0,0,,,0,0,0,0
3385,GPE,Peru,Peru,Region Latin America,GEW,GPE Excavators Wheeled,,>11T,Sany,SNY,Y,P,PIN,3,0,0,,,0,0,0,0
3386,GPE,Peru,Peru,Region Latin America,GEW,GPE Excavators Wheeled,,>6T,Caterpillar Inc,,Y,P,OHR,3,0,0,,,0,0,0,0
3387,GPE,Peru,Peru,Region Latin America,GEW,GPE Excavators Wheeled,,>6T,Develon,DOO,Y,P,OHR,4,0,0,,,0,0,0,0
3388,GPE,Peru,Peru,Region Latin America,GEW,GPE Excavators Wheeled,,>6T,Hyundai,HYU,Y,P,OHR,11,0,0,,,0,0,0,0
3389,GPE,Peru,Peru,Region Latin America,GEW,GPE Excavators Wheeled,,>6T,JCB,JCB,Y,P,OHR,2,0,0,,,0,0,0,0
3390,GPE,Peru,Peru,Region Latin America,GEW,GPE Excavators Wheeled,,>6T,Liebherr,LIE,Y,P,OHR,2,0,0,,,0,0,0,0
3391,GPE,Peru,Peru,Region Latin America,GEW,GPE Excavators Wheeled,,>6T,Volvo,VCE,Y,P,OHR,1,0,0,,,0,0,0,0
3392,GPE,Peru,Peru,Region Latin America,WLO,Wheel Loaders,,10<12,OCN,OCN,,P,PIN,21,0,0,,,0,0,0,0
3393,GPE,Peru,Peru,Region Latin America,WLO,Wheel Loaders,,7<10,Laigong,LAG,,P,PIN,1,0,0,,,0,0,0,0
3394,GPE,Peru,Peru,Region Latin America,WLO,Wheel Loaders,,7<10,OCN,OCN,,P,PIN,14,0,0,,,0,0,0,0
3395,GPE,Peru,Peru,Region Latin America,WLO,Wheel Loaders,,<10,OTN,OTN,,P,OHR,6,0,0,,,0,0,0,0
3396,GPE,Peru,Peru,Region Latin America,WLO,Wheel Loaders,,<7,Bull,BUL,,P,PIN,6,0,0,,,0,0,0,0
3397,GPE,Peru,Peru,Region Latin America,WLO,Wheel Loaders,,<7,OCN,OCN,,P,PIN,26,0,0,,,0,0,0,0
3398,GPE,Peru,Peru,Region Latin America,WLO,Wheel Loaders,,>10,Caterpillar Inc,,Y,P,OHR,185,0,0,,,0,0,0,0
3399,GPE,Peru,Peru,Region Latin America,WLO,Wheel Loaders,,>10,Deere,JOH,Y,P,OHR,45,0,0,,,0,0,0,0
3400,GPE,Peru,Peru,Region Latin America,WLO,Wheel Loaders,,>10,Develon,DOO,Y,P,OHR,12,0,0,,,0,0,0,0
3401,GPE,Peru,Peru,Region Latin America,WLO,Wheel Loaders,,>10,Foton Lovol,FOL,Y,P,OHR,2,0,0,,,0,0,0,0
3402,GPE,Peru,Peru,Region Latin America,WLO,Wheel Loaders,,>10,Hyundai,HYU,Y,P,OHR,10,0,0,,,0,0,0,0
3403,GPE,Peru,Peru,Region Latin America,WLO,Wheel Loaders,,>10,JCB,JCB,Y,P,OHR,3,0,0,,,0,0,0,0
3404,GPE,Peru,Peru,Region Latin America,WLO,Wheel Loaders,,>10,Komatsu,KOM,Y,P,OHR,50,0,0,,,0,0,0,0
3405,GPE,Peru,Peru,Region Latin America,WLO,Wheel Loaders,,>10,Liebherr,LIE,Y,P,OHR,10,0,0,,,0,0,0,0
3406,GPE,Peru,Peru,Region Latin America,WLO,Wheel Loaders,,>10,Liugong,LIU,Y,P,OHR,56,0,0,,,0,0,0,0
3407,GPE,Peru,Peru,Region Latin America,WLO,Wheel Loaders,,>10,New Holland,NEW,Y,P,OHR,3,0,0,,,0,0,0,0
3408,GPE,Peru,Peru,Region Latin America,WLO,Wheel Loaders,,>10,OTN,OTN,,P,OHR,31,0,0,,,0,0,1,1
3409,GPE,Peru,Peru,Region Latin America,WLO,Wheel Loaders,,>10,Sany,SNY,Y,P,OHR,40,0,0,,,0,0,0,0
3410,GPE,Peru,Peru,Region Latin America,WLO,Wheel Loaders,,>10,SDLG,LIN,Y,P,OHR,18,0,0,,,0,0,0,0
3411,GPE,Peru,Peru,Region Latin America,WLO,Wheel Loaders,,>10,SEM,SEM,Y,P,OHR,35,0,0,,,0,0,0,0
3412,GPE,Peru,Peru,Region Latin America,WLO,Wheel Loaders,,>10,Shantui,SBM,Y,P,OHR,27,0,0,,,0,0,0,0
3413,GPE,Peru,Peru,Region Latin America,WLO,Wheel Loaders,,>10,Volvo,VCE,Y,P,OHR,64,0,0,,,0,0,0,0
3414,GPE,Peru,Peru,Region Latin America,WLO,Wheel Loaders,,>10,XCMG,XCM,Y,P,OHR,76,0,0,,,0,0,0,0
3415,GPE,Peru,Peru,Region Latin America,WLO,Wheel Loaders,,>10,Zoomlion,ZOO,,P,OHR,5,0,0,,,0,0,1,1
3416,GPE,Peru,Peru,Region Latin America,WLO,Wheel Loaders,,>12,Lonking,LON,,P,PIN,5,0,0,,,0,0,1,1
3417,GPE,Peru,Peru,Region Latin America,WLO,Wheel Loaders,,>12,Lugong,LGG,,P,PIN,1,0,0,,,0,0,1,1
3418,GPE,Peru,Peru,Region Latin America,WLO,Wheel Loaders,,>12,OCN,OCN,,P,PIN,14,0,0,,,0,0,1,1
3419,GPE,Peru,Peru,Region Latin America,WLO,Wheel Loaders,,>12,Sinomach,SIM,,P,PIN,1,0,0,,,0,0,1,1
3420,GPH,Philippines,Philippines,Region Asia,330,Articulated Haulers,,#,Volvo,VCE,Y,P,DES,0,0,0,,,0,0,0,0
3421,GPH,Philippines,Philippines,Region Asia,330,Articulated Haulers,,,Volvo,VCE,,P,DES,7,0,0,,,0,0,0,0
3422,GPH,Philippines,Philippines,Region Asia,340,Rigid Haulers,,#,Caterpillar Inc,,Y,P,DES,24,0,0,,,0,0,0,0
3423,GPH,Philippines,Philippines,Region Asia,340,Rigid Haulers,,#,Komatsu,KOM,Y,P,DES,56,0,0,,,0,0,0,0
3424,GPH,Philippines,Philippines,Region Asia,390,Compaction Machines,,,Ammann,AMN,,P,DES,55,0,0,,,0,0,1,1
3425,GPH,Philippines,Philippines,Region Asia,390,Compaction Machines,,,Bomag,BOM,,P,DES,55,0,0,,,0,0,1,1
3426,GPH,Philippines,Philippines,Region Asia,390,Compaction Machines,,,Case,CAS,,P,DES,36,0,0,,,0,0,1,1
3427,GPH,Philippines,Philippines,Region Asia,390,Compaction Machines,,,Dynapac,DYN,,P,DES,55,0,0,,,0,0,1,1
3428,GPH,Philippines,Philippines,Region Asia,390,Compaction Machines,,,Hamm,HAM,,P,DES,55,0,0,,,0,0,1,1
3429,GPH,Philippines,Philippines,Region Asia,390,Compaction Machines,,,Liugong,LIU,,P,DES,55,0,0,,,0,0,1,1
3430,GPH,Philippines,Philippines,Region Asia,390,Compaction Machines,,,Sany,SNY,,P,DES,55,0,0,,,0,0,1,1
3431,GPH,Philippines,Philippines,Region Asia,390,Compaction Machines,,,SDLG,LIN,,P,DES,4,0,0,,,0,0,1,1
3432,GPH,Philippines,Philippines,Region Asia,390,Compaction Machines,,,SEM,SEM,,P,DES,55,0,0,,,0,0,1,1
3433,GPH,Philippines,Philippines,Region Asia,390,Compaction Machines,,,Volvo,VCE,,P,DES,26,0,0,,,0,0,1,1
3434,GPH,Philippines,Philippines,Region Asia,CEX,Compact Excavators,,<10T,Caterpillar Inc,,Y,P,DES,0,0,0,,,0,0,0,0
3435,GPH,Philippines,Philippines,Region Asia,CEX,Compact Excavators,,<10T,Caterpillar Inc,CAT,,P,DES,30,0,0,,,0,0,0,0
3436,GPH,Philippines,Philippines,Region Asia,CEX,Compact Excavators,,<10T,Develon,DOO,Y,P,DES,0,0,0,,,0,0,0,0
3437,GPH,Philippines,Philippines,Region Asia,CEX,Compact Excavators,,<10T,Develon,DOO,,P,DES,58,0,0,,,0,0,0,0
3438,GPH,Philippines,Philippines,Region Asia,CEX,Compact Excavators,,<10T,Hitachi,HIT,Y,P,DES,0,0,0,,,0,0,0,0
3439,GPH,Philippines,Philippines,Region Asia,CEX,Compact Excavators,,<10T,Hitachi,HIT,,P,DES,29,0,0,,,0,0,0,0
3440,GPH,Philippines,Philippines,Region Asia,CEX,Compact Excavators,,<10T,Hyundai,HYU,Y,P,DES,0,0,0,,,0,0,0,0
3441,GPH,Philippines,Philippines,Region Asia,CEX,Compact Excavators,,<10T,Hyundai,HYU,,P,DES,64,0,0,,,0,0,0,0
3442,GPH,Philippines,Philippines,Region Asia,CEX,Compact Excavators,,<10T,Kobelco,KOB,Y,P,DES,0,0,0,,,0,0,0,0
3443,GPH,Philippines,Philippines,Region Asia,CEX,Compact Excavators,,<10T,Kobelco,KOB,,P,DES,41,0,0,,,0,0,0,0
3444,GPH,Philippines,Philippines,Region Asia,CEX,Compact Excavators,,<10T,Komatsu,KOM,Y,P,DES,0,0,0,,,0,0,0,0
3445,GPH,Philippines,Philippines,Region Asia,CEX,Compact Excavators,,<10T,Komatsu,KOM,,P,DES,35,0,0,,,0,0,0,0
3446,GPH,Philippines,Philippines,Region Asia,CEX,Compact Excavators,,<10T,Liugong,LIU,Y,P,DES,0,0,0,,,0,0,0,0
3447,GPH,Philippines,Philippines,Region Asia,CEX,Compact Excavators,,<10T,Liugong,LIU,,P,DES,35,0,0,,,0,0,0,0
3448,GPH,Philippines,Philippines,Region Asia,CEX,Compact Excavators,,<10T,Sany,SNY,Y,P,DES,0,0,0,,,0,0,0,0
3449,GPH,Philippines,Philippines,Region Asia,CEX,Compact Excavators,,<10T,Sany,SNY,,P,DES,42,0,0,,,0,0,0,0
3450,GPH,Philippines,Philippines,Region Asia,CEX,Compact Excavators,,<10T,SDLG,LIN,Y,P,DES,0,0,0,,,0,0,0,0
3451,GPH,Philippines,Philippines,Region Asia,CEX,Compact Excavators,,<10T,SDLG,LIN,,P,DES,43,0,0,,,0,0,0,0
3452,GPH,Philippines,Philippines,Region Asia,CEX,Compact Excavators,,<10T,Sunward,SUN,Y,P,DES,0,0,0,,,0,0,0,0
3453,GPH,Philippines,Philippines,Region Asia,CEX,Compact Excavators,,<10T,Sunward,SUN,,P,DES,60,0,0,,,0,0,0,0
3454,GPH,Philippines,Philippines,Region Asia,CEX,Compact Excavators,,<10T,Volvo,VCE,Y,P,DES,0,0,0,,,0,0,0,0
3455,GPH,Philippines,Philippines,Region Asia,CEX,Compact Excavators,,<10T,Volvo,VCE,,P,DES,5,0,0,,,0,0,0,0
3456,GPH,Philippines,Philippines,Region Asia,CEX,Compact Excavators,,<10T,XCMG,XCM,Y,P,DES,0,0,0,,,0,0,0,0
3457,GPH,Philippines,Philippines,Region Asia,CEX,Compact Excavators,,<10T,XCMG,XCM,,P,DES,75,0,0,,,0,0,0,0
3458,GPH,Philippines,Philippines,Region Asia,CEX,Compact Excavators,,<10T,Yanmar,YAN,Y,P,DES,0,0,0,,,0,0,0,0
3459,GPH,Philippines,Philippines,Region Asia,CEX,Compact Excavators,,<10T,Yanmar,YAN,,P,DES,60,0,0,,,0,0,0,0
3460,GPH,Philippines,Philippines,Region Asia,GEC,GPE Excavators Crawled,,>10T,Case,CAS,Y,P,DES,0,0,0,,,0,0,0,0
3461,GPH,Philippines,Philippines,Region Asia,GEC,Crawler Excavators,,>10T,Case,CAS,,P,DES,41,0,0,,,0,0,0,0
3462,GPH,Philippines,Philippines,Region Asia,GEC,GPE Excavators Crawled,,>10T,Caterpillar Inc,,Y,P,DES,0,0,0,,,0,0,0,0
3463,GPH,Philippines,Philippines,Region Asia,GEC,Crawler Excavators,,>10T,Caterpillar Inc,CAT,,P,DES,293,0,0,,,0,0,0,0
3464,GPH,Philippines,Philippines,Region Asia,GEC,GPE Excavators Crawled,,>10T,Develon,DOO,Y,P,DES,0,0,0,,,0,0,0,0
3465,GPH,Philippines,Philippines,Region Asia,GEC,Crawler Excavators,,>10T,Develon,DOO,,P,DES,202,0,0,,,0,0,0,0
3466,GPH,Philippines,Philippines,Region Asia,GEC,GPE Excavators Crawled,,>10T,Hitachi,HIT,Y,P,DES,0,0,0,,,0,0,0,0
3467,GPH,Philippines,Philippines,Region Asia,GEC,Crawler Excavators,,>10T,Hitachi,HIT,,P,DES,202,0,0,,,0,0,0,0
3468,GPH,Philippines,Philippines,Region Asia,GEC,GPE Excavators Crawled,,>10T,Hyundai,HYU,Y,P,DES,0,0,0,,,0,0,0,0
3469,GPH,Philippines,Philippines,Region Asia,GEC,Crawler Excavators,,>10T,Hyundai,HYU,,P,DES,403,0,0,,,0,0,0,0
3470,GPH,Philippines,Philippines,Region Asia,GEC,GPE Excavators Crawled,,>10T,Kobelco,KOB,Y,P,DES,0,0,0,,,0,0,0,0
3471,GPH,Philippines,Philippines,Region Asia,GEC,Crawler Excavators,,>10T,Kobelco,KOB,,P,DES,202,0,0,,,0,0,0,0
3472,GPH,Philippines,Philippines,Region Asia,GEC,GPE Excavators Crawled,,>10T,Komatsu,KOM,Y,P,DES,0,0,0,,,0,0,0,0
3473,GPH,Philippines,Philippines,Region Asia,GEC,Crawler Excavators,,>10T,Komatsu,KOM,,P,DES,604,0,0,,,0,0,0,0
3474,GPH,Philippines,Philippines,Region Asia,GEC,GPE Excavators Crawled,,>10T,Liugong,LIU,Y,P,DES,0,0,0,,,0,0,0,0
3475,GPH,Philippines,Philippines,Region Asia,GEC,Crawler Excavators,,>10T,Liugong,LIU,,P,DES,242,0,0,,,0,0,0,0
3476,GPH,Philippines,Philippines,Region Asia,GEC,GPE Excavators Crawled,,>10T,Sany,SNY,Y,P,DES,0,0,0,,,0,0,0,0
3477,GPH,Philippines,Philippines,Region Asia,GEC,Crawler Excavators,,>10T,Sany,SNY,,P,DES,707,0,0,,,0,0,0,0
3478,GPH,Philippines,Philippines,Region Asia,GEC,GPE Excavators Crawled,,>10T,SDLG,LIN,Y,P,DES,0,0,0,,,0,0,0,0
3479,GPH,Philippines,Philippines,Region Asia,GEC,Crawler Excavators,,>10T,SDLG,LIN,,P,DES,178,0,0,,,0,0,0,0
3480,GPH,Philippines,Philippines,Region Asia,GEC,GPE Excavators Crawled,,>10T,Sumitomo,SUM,Y,P,DES,0,0,0,,,0,0,0,0
3481,GPH,Philippines,Philippines,Region Asia,GEC,Crawler Excavators,,>10T,Sumitomo,SUM,,P,DES,242,0,0,,,0,0,0,0
3482,GPH,Philippines,Philippines,Region Asia,GEC,GPE Excavators Crawled,,>10T,Sunward,SUN,Y,P,DES,0,0,0,,,0,0,0,0
3483,GPH,Philippines,Philippines,Region Asia,GEC,Crawler Excavators,,>10T,Sunward,SUN,,P,DES,350,0,0,,,0,0,0,0
3484,GPH,Philippines,Philippines,Region Asia,GEC,GPE Excavators Crawled,,>10T,Volvo,VCE,Y,P,DES,0,0,0,,,0,0,0,0
3485,GPH,Philippines,Philippines,Region Asia,GEC,Crawler Excavators,,>10T,Volvo,VCE,,P,DES,159,0,0,,,0,0,0,0
3486,GPH,Philippines,Philippines,Region Asia,GEC,GPE Excavators Crawled,,>10T,XCMG,XCM,Y,P,DES,0,0,0,,,0,0,0,0
3487,GPH,Philippines,Philippines,Region Asia,GEC,Crawler Excavators,,>10T,XCMG,XCM,,P,DES,200,0,0,,,0,0,0,0
3488,GPH,Philippines,Philippines,Region Asia,GEW,GPE Excavators Wheeled,,>11T,Caterpillar Inc,,Y,P,DES,0,0,0,,,0,0,0,0
3489,GPH,Philippines,Philippines,Region Asia,GEW,Wheeled Excavators,,>11T,Caterpillar Inc,CAT,,P,DES,73,0,0,,,0,0,0,0
3490,GPH,Philippines,Philippines,Region Asia,GEW,GPE Excavators Wheeled,,>11T,Develon,DOO,Y,P,DES,0,0,0,,,0,0,0,0
3491,GPH,Philippines,Philippines,Region Asia,GEW,Wheeled Excavators,,>11T,Develon,DOO,,P,DES,34,0,0,,,0,0,0,0
3492,GPH,Philippines,Philippines,Region Asia,GEW,GPE Excavators Wheeled,,>11T,Hyundai,HYU,Y,P,DES,0,0,0,,,0,0,0,0
3493,GPH,Philippines,Philippines,Region Asia,GEW,Wheeled Excavators,,>11T,Hyundai,HYU,,P,DES,96,0,0,,,0,0,0,0
3494,GPH,Philippines,Philippines,Region Asia,GEW,GPE Excavators Wheeled,,>11T,Liugong,LIU,Y,P,DES,0,0,0,,,0,0,0,0
3495,GPH,Philippines,Philippines,Region Asia,GEW,Wheeled Excavators,,>11T,Liugong,LIU,,P,DES,52,0,0,,,0,0,0,0
3496,GPH,Philippines,Philippines,Region Asia,GEW,GPE Excavators Wheeled,,>11T,Sany,SNY,Y,P,DES,0,0,0,,,0,0,0,0
3497,GPH,Philippines,Philippines,Region Asia,GEW,Wheeled Excavators,,>11T,Sany,SNY,,P,DES,30,0,0,,,0,0,0,0
3498,GPH,Philippines,Philippines,Region Asia,GEW,GPE Excavators Wheeled,,>11T,SDLG,LIN,Y,P,DES,0,0,0,,,0,0,0,0
3499,GPH,Philippines,Philippines,Region Asia,GEW,Wheeled Excavators,,>11T,SDLG,LIN,,P,DES,30,0,0,,,0,0,0,0
3500,GPH,Philippines,Philippines,Region Asia,GEW,GPE Excavators Wheeled,,>11T,Volvo,VCE,Y,P,DES,0,0,0,,,0,0,0,0
3501,GPH,Philippines,Philippines,Region Asia,GEW,Wheeled Excavators,,>11T,Volvo,VCE,,P,DES,68,0,0,,,0,0,0,0
3502,GPH,Philippines,Philippines,Region Asia,WLO,Wheel Loaders,,<12,Caterpillar Inc,,Y,P,DES,0,0,0,,,0,0,0,0
3503,GPH,Philippines,Philippines,Region Asia,WLO,Wheel Loaders,,<12,Caterpillar Inc,CAT,,P,DES,6,0,0,,,0,0,0,0
3504,GPH,Philippines,Philippines,Region Asia,WLO,Wheel Loaders,,<12,Develon,DOO,Y,P,DES,0,0,0,,,0,0,0,0
3505,GPH,Philippines,Philippines,Region Asia,WLO,Wheel Loaders,,<12,Develon,DOO,,P,DES,10,0,0,,,0,0,0,0
3506,GPH,Philippines,Philippines,Region Asia,WLO,Wheel Loaders,,<12,Hitachi,HIT,Y,P,DES,0,0,0,,,0,0,0,0
3507,GPH,Philippines,Philippines,Region Asia,WLO,Wheel Loaders,,<12,Hitachi,HIT,,P,DES,6,0,0,,,0,0,0,0
3508,GPH,Philippines,Philippines,Region Asia,WLO,Wheel Loaders,,<12,Hyundai,HYU,Y,P,DES,0,0,0,,,0,0,0,0
3509,GPH,Philippines,Philippines,Region Asia,WLO,Wheel Loaders,,<12,Hyundai,HYU,,P,DES,10,0,0,,,0,0,0,0
3510,GPH,Philippines,Philippines,Region Asia,WLO,Wheel Loaders,,<12,Komatsu,KOM,Y,P,DES,0,0,0,,,0,0,0,0
3511,GPH,Philippines,Philippines,Region Asia,WLO,Wheel Loaders,,<12,Komatsu,KOM,,P,DES,6,0,0,,,0,0,0,0
3512,GPH,Philippines,Philippines,Region Asia,WLO,Wheel Loaders,,<12,Liugong,LIU,Y,P,DES,0,0,0,,,0,0,0,0
3513,GPH,Philippines,Philippines,Region Asia,WLO,Wheel Loaders,,<12,Liugong,LIU,,P,DES,23,0,0,,,0,0,0,0
3514,GPH,Philippines,Philippines,Region Asia,WLO,Wheel Loaders,,<12,Lonking,LON,,P,DES,70,0,0,,,0,0,0,0
3515,GPH,Philippines,Philippines,Region Asia,WLO,Wheel Loaders,,<12,Ningbo,NNG,,P,DES,10,0,0,,,0,0,0,0
3516,GPH,Philippines,Philippines,Region Asia,WLO,Wheel Loaders,,<12,Sany,SNY,Y,P,DES,0,0,0,,,0,0,0,0
3517,GPH,Philippines,Philippines,Region Asia,WLO,Wheel Loaders,,<12,Sany,SNY,,P,DES,5,0,0,,,0,0,0,0
3518,GPH,Philippines,Philippines,Region Asia,WLO,Wheel Loaders,,<12,SDLG,LIN,Y,P,DES,0,0,0,,,0,0,0,0
3519,GPH,Philippines,Philippines,Region Asia,WLO,Wheel Loaders,,<12,SDLG,LIN,,P,DES,4,0,0,,,0,0,0,0
3520,GPH,Philippines,Philippines,Region Asia,WLO,Wheel Loaders,,<12,SEM,SEM,Y,P,DES,0,0,0,,,0,0,0,0
3521,GPH,Philippines,Philippines,Region Asia,WLO,Wheel Loaders,,<12,SEM,SEM,,P,DES,10,0,0,,,0,0,0,0
3522,GPH,Philippines,Philippines,Region Asia,WLO,Wheel Loaders,,<12,Sunward,SUN,,P,DES,10,0,0,,,0,0,0,0
3523,GPH,Philippines,Philippines,Region Asia,WLO,Wheel Loaders,,<12,Wacker Neuson,WAN,Y,P,DES,0,0,0,,,0,0,0,0
3524,GPH,Philippines,Philippines,Region Asia,WLO,Wheel Loaders,,<12,Wacker Neuson,WAN,,P,DES,10,0,0,,,0,0,0,0
3525,GPH,Philippines,Philippines,Region Asia,WLO,Wheel Loaders,,<12,XCMG,XCM,Y,P,DES,0,0,0,,,0,0,0,0
3526,GPH,Philippines,Philippines,Region Asia,WLO,Wheel Loaders,,<12,XCMG,XCM,,P,DES,79,0,0,,,0,0,0,0
3527,GPH,Philippines,Philippines,Region Asia,WLO,Wheel Loaders,,>12,Develon,DOO,Y,P,DES,0,0,0,,,0,0,0,0
3528,GPH,Philippines,Philippines,Region Asia,WLO,Wheel Loaders,,>12,Develon,DOO,,P,DES,86,0,0,,,0,0,0,0
3529,GPH,Philippines,Philippines,Region Asia,WLO,Wheel Loaders,,>12,Liugong,LIU,Y,P,DES,0,0,0,,,0,0,0,0
3530,GPH,Philippines,Philippines,Region Asia,WLO,Wheel Loaders,,>12,Liugong,LIU,,P,DES,86,0,0,,,0,0,0,0
3531,GPH,Philippines,Philippines,Region Asia,WLO,Wheel Loaders,,>12,Lonking,LON,,P,DES,135,0,0,,,0,0,1,1
3532,GPH,Philippines,Philippines,Region Asia,WLO,Wheel Loaders,,>12,Sany,SNY,Y,P,DES,0,0,0,,,0,0,0,0
3533,GPH,Philippines,Philippines,Region Asia,WLO,Wheel Loaders,,>12,Sany,SNY,,P,DES,60,0,0,,,0,0,0,0
3534,GPH,Philippines,Philippines,Region Asia,WLO,Wheel Loaders,,>12,SDLG,LIN,Y,P,DES,0,0,0,,,0,0,0,0
3535,GPH,Philippines,Philippines,Region Asia,WLO,Wheel Loaders,,>12,SDLG,LIN,,P,DES,92,0,0,,,0,0,0,0
3536,GPH,Philippines,Philippines,Region Asia,WLO,Wheel Loaders,,>12,SEM,SEM,Y,P,DES,0,0,0,,,0,0,0,0
3537,GPH,Philippines,Philippines,Region Asia,WLO,Wheel Loaders,,>12,SEM,SEM,,P,DES,33,0,0,,,0,0,0,0
3538,GPH,Philippines,Philippines,Region Asia,WLO,Wheel Loaders,,>12,Volvo,VCE,Y,P,DES,0,0,0,,,0,0,0,0
3539,GPH,Philippines,Philippines,Region Asia,WLO,Wheel Loaders,,>12,Volvo,VCE,,P,DES,5,0,0,,,0,0,0,0
3540,GPH,Philippines,Philippines,Region Asia,WLO,Wheel Loaders,,>12,XCMG,XCM,Y,P,DES,0,0,0,,,0,0,0,0
3541,GPH,Philippines,Philippines,Region Asia,WLO,Wheel Loaders,,>12,XCMG,XCM,,P,DES,129,0,0,,,0,0,0,0
3542,GPL,Poland,Poland,Region Europe,330,Articulated Haulers,,,Bell,BEL,,P,OHR,2,0,0,,,0,0,1,1
3543,GPL,Poland,Poland,Region Europe,330,Articulated Haulers,,#,Caterpillar Inc,,Y,P,OHR,15,0,0,,,0,0,0,0
3544,GPL,Poland,Poland,Region Europe,330,Articulated Haulers,,#,Rokbak,,Y,P,OHR,1,0,0,,,0,0,0,0
3545,GPL,Poland,Poland,Region Europe,330,Articulated Haulers,,#,Volvo,VCE,Y,P,OHR,35,0,0,,,0,0,0,0
3546,GPL,Poland,Poland,Region Europe,340,Rigid Haulers,,#,Caterpillar Inc,,Y,P,OHR,4,0,0,,,0,0,0,0
3547,GPL,Poland,Poland,Region Europe,340,Rigid Haulers,,#,Komatsu,KOM,Y,P,OHR,12,0,0,,,0,0,0,0
3548,GPL,Poland,Poland,Region Europe,380,Motor Graders,,,HBM,HBM,,P,OHR,22,0,0,,,0,0,1,1
3549,GPL,Poland,Poland,Region Europe,380,Motor Graders,,#,Case,CAS,Y,P,OHR,2,0,0,,,0,0,0,0
3550,GPL,Poland,Poland,Region Europe,380,Motor Graders,,#,Caterpillar Inc,,Y,P,OHR,10,0,0,,,0,0,0,0
3551,GPL,Poland,Poland,Region Europe,410,Backhoe Loaders,,,Case,CAS,,P,OHR,260,0,0,,,0,0,1,1
3552,GPL,Poland,Poland,Region Europe,410,Backhoe Loaders,,,Caterpillar Inc,CAT,,P,OHR,275,0,0,,,0,0,1,1
3553,GPL,Poland,Poland,Region Europe,410,Backhoe Loaders,,,Hidromek,HID,,P,OHR,10,0,0,,,0,0,1,1
3554,GPL,Poland,Poland,Region Europe,410,Backhoe Loaders,,,JCB,JCB,,P,OHR,628,0,0,,,0,0,1,1
3555,GPL,Poland,Poland,Region Europe,410,Backhoe Loaders,,,Komatsu,KOM,,P,OHR,40,0,0,,,0,0,1,1
3556,GPL,Poland,Poland,Region Europe,410,Backhoe Loaders,,,Mecalac,MEC,,P,OHR,15,0,0,,,0,0,1,1
3557,GPL,Poland,Poland,Region Europe,410,Backhoe Loaders,,,MST,MST,,P,OHR,20,0,0,,,0,0,1,1
3558,GPL,Poland,Poland,Region Europe,410,Backhoe Loaders,,,New Holland,NEW,,P,OHR,75,0,0,,,0,0,1,1
3559,GPL,Poland,Poland,Region Europe,410,Backhoe Loaders,,,Venieri,VEN,,P,OHR,10,0,0,,,0,0,1,1
3560,GPL,Poland,Poland,Region Europe,CEX,Compact Excavators,,<6T,Atlas,ATL,,P,OHR,5,0,0,,,1,1,1,1
3561,GPL,Poland,Poland,Region Europe,CEX,Compact Excavators,,<6T,Bobcat,BOB,Y,P,OHR,384,0,0,,,0,0,0,0
3562,GPL,Poland,Poland,Region Europe,CEX,Compact Excavators,,<6T,Case,CAS,Y,P,OHR,45,0,0,,,0,0,0,0
3563,GPL,Poland,Poland,Region Europe,CEX,Compact Excavators,,<6T,Caterpillar Inc,,Y,P,OHR,75,0,0,,,0,0,0,0
3564,GPL,Poland,Poland,Region Europe,CEX,Compact Excavators,,<6T,Develon,DOO,Y,P,OHR,72,0,0,,,0,0,0,0
3565,GPL,Poland,Poland,Region Europe,CEX,Compact Excavators,,<6T,Hitachi,HIT,Y,P,OHR,25,0,0,,,0,0,0,0
3566,GPL,Poland,Poland,Region Europe,CEX,Compact Excavators,,<6T,Hyundai,HYU,Y,P,OHR,35,0,0,,,0,0,0,0
3567,GPL,Poland,Poland,Region Europe,CEX,Compact Excavators,,<6T,JCB,JCB,Y,P,OHR,262,0,0,,,0,0,0,0
3568,GPL,Poland,Poland,Region Europe,CEX,Compact Excavators,,<6T,Kobelco,KOB,Y,P,OHR,7,0,0,,,0,0,0,0
3569,GPL,Poland,Poland,Region Europe,CEX,Compact Excavators,,<6T,Komatsu,KOM,Y,P,OHR,35,0,0,,,0,0,0,0
3570,GPL,Poland,Poland,Region Europe,CEX,Compact Excavators,,<6T,Kubota,KUB,Y,P,OHR,786,0,0,,,0,0,0,0
3571,GPL,Poland,Poland,Region Europe,CEX,Compact Excavators,,<6T,Liugong,LIU,Y,P,OHR,26,0,0,,,0,0,0,0
3572,GPL,Poland,Poland,Region Europe,CEX,Compact Excavators,,<6T,New Holland,NEW,Y,P,OHR,35,0,0,,,0,0,0,0
3573,GPL,Poland,Poland,Region Europe,CEX,Compact Excavators,,<6T,Sany,SNY,Y,P,OHR,114,0,0,,,0,0,0,0
3574,GPL,Poland,Poland,Region Europe,CEX,Compact Excavators,,<6T,Sunward,SUN,Y,P,OHR,120,0,0,,,0,0,0,0
3575,GPL,Poland,Poland,Region Europe,CEX,Compact Excavators,,<6T,Takeuchi,TAK,,P,OHR,490,0,0,,,1,1,1,1
3576,GPL,Poland,Poland,Region Europe,CEX,Compact Excavators,,<6T,Volvo,VCE,Y,P,OHR,107,0,0,,,0,0,0,0
3577,GPL,Poland,Poland,Region Europe,CEX,Compact Excavators,,<6T,Wacker Neuson,WAN,Y,P,OHR,500,0,0,,,0,0,0,0
3578,GPL,Poland,Poland,Region Europe,CEX,Compact Excavators,,<6T,XCMG,XCM,,P,OHR,6,0,0,,,1,1,1,1
3579,GPL,Poland,Poland,Region Europe,CEX,Compact Excavators,,<6T,Yanmar,YAN,Y,P,OHR,460,0,0,,,0,0,0,0
3580,GPL,Poland,Poland,Region Europe,GEC,GPE Excavators Crawled,,>6T,Bobcat,BOB,Y,P,OHR,2,0,0,,,0,0,0,0
3581,GPL,Poland,Poland,Region Europe,GEC,GPE Excavators Crawled,,>6T,Case,CAS,Y,P,OHR,8,0,0,,,0,0,0,0
3582,GPL,Poland,Poland,Region Europe,GEC,GPE Excavators Crawled,,>6T,Caterpillar Inc,,Y,P,OHR,100,0,0,,,0,0,0,0
3583,GPL,Poland,Poland,Region Europe,GEC,GPE Excavators Crawled,,>6T,Develon,DOO,Y,P,OHR,83,0,0,,,0,0,0,0
3584,GPL,Poland,Poland,Region Europe,GEC,GPE Excavators Crawled,,>6T,Eurocomach,EUR,Y,P,OHR,7,0,0,,,0,0,0,0
3585,GPL,Poland,Poland,Region Europe,GEC,GPE Excavators Crawled,,>6T,Hitachi,HIT,Y,P,OHR,12,0,0,,,0,0,0,0
3586,GPL,Poland,Poland,Region Europe,GEC,GPE Excavators Crawled,,>6T,Hyundai,HYU,Y,P,OHR,20,0,0,,,0,0,0,0
3587,GPL,Poland,Poland,Region Europe,GEC,GPE Excavators Crawled,,>6T,JCB,JCB,Y,P,OHR,35,0,0,,,0,0,0,0
3588,GPL,Poland,Poland,Region Europe,GEC,GPE Excavators Crawled,,>6T,Kobelco,KOB,Y,P,OHR,11,0,0,,,0,0,0,0
3589,GPL,Poland,Poland,Region Europe,GEC,GPE Excavators Crawled,,>6T,Komatsu,KOM,Y,P,OHR,35,0,0,,,0,0,0,0
3590,GPL,Poland,Poland,Region Europe,GEC,GPE Excavators Crawled,,>6T,Kubota,KUB,Y,P,OHR,37,0,0,,,0,0,0,0
3591,GPL,Poland,Poland,Region Europe,GEC,GPE Excavators Crawled,,>6T,Liebherr,LIE,Y,P,OHR,15,0,0,,,0,0,0,0
3592,GPL,Poland,Poland,Region Europe,GEC,GPE Excavators Crawled,,>6T,Liugong,LIU,Y,P,OHR,6,0,0,,,0,0,0,0
3593,GPL,Poland,Poland,Region Europe,GEC,GPE Excavators Crawled,,>6T,Mecalac,MEC,Y,P,OHR,15,0,0,,,0,0,0,0
3594,GPL,Poland,Poland,Region Europe,GEC,GPE Excavators Crawled,,>6T,Sany,SNY,Y,P,OHR,104,0,0,,,0,0,0,0
3595,GPL,Poland,Poland,Region Europe,GEC,GPE Excavators Crawled,,>6T,Sunward,SUN,Y,P,OHR,19,0,0,,,0,0,0,0
3596,GPL,Poland,Poland,Region Europe,GEC,Crawler Excavators,,>6T,Takeuchi,TAK,,P,OHR,53,0,0,,,0,0,1,1
3597,GPL,Poland,Poland,Region Europe,GEC,GPE Excavators Crawled,,>6T,Volvo,VCE,Y,P,OHR,89,0,0,,,0,0,0,0
3598,GPL,Poland,Poland,Region Europe,GEC,GPE Excavators Crawled,,>6T,Wacker Neuson,WAN,Y,P,OHR,80,0,0,,,0,0,0,0
3599,GPL,Poland,Poland,Region Europe,GEC,Crawler Excavators,,>6T,XCMG,XCM,,P,OHR,12,0,0,,,0,0,1,1
3600,GPL,Poland,Poland,Region Europe,GEC,GPE Excavators Crawled,,>6T,Yanmar,YAN,Y,P,OHR,10,0,0,,,0,0,0,0
3601,GPL,Poland,Poland,Region Europe,GEW,Wheeled Excavators,,>6T,Atlas,ATL,,P,OHR,5,0,0,,,0,0,1,1
3602,GPL,Poland,Poland,Region Europe,GEW,GPE Excavators Wheeled,,>6T,Case,CAS,Y,P,OHR,2,0,0,,,0,0,0,0
3603,GPL,Poland,Poland,Region Europe,GEW,GPE Excavators Wheeled,,>6T,Caterpillar Inc,,Y,P,OHR,105,0,0,,,0,0,0,0
3604,GPL,Poland,Poland,Region Europe,GEW,GPE Excavators Wheeled,,>6T,Develon,DOO,Y,P,OHR,120,0,0,,,0,0,0,0
3605,GPL,Poland,Poland,Region Europe,GEW,GPE Excavators Wheeled,,>6T,Hitachi,HIT,Y,P,OHR,38,0,0,,,0,0,0,0
3606,GPL,Poland,Poland,Region Europe,GEW,GPE Excavators Wheeled,,>6T,Hyundai,HYU,Y,P,OHR,28,0,0,,,0,0,0,0
3607,GPL,Poland,Poland,Region Europe,GEW,GPE Excavators Wheeled,,>6T,JCB,JCB,Y,P,OHR,49,0,0,,,0,0,0,0
3608,GPL,Poland,Poland,Region Europe,GEW,GPE Excavators Wheeled,,>6T,Komatsu,KOM,Y,P,OHR,62,0,0,,,0,0,0,0
3609,GPL,Poland,Poland,Region Europe,GEW,GPE Excavators Wheeled,,>6T,Liebherr,LIE,Y,P,OHR,8,0,0,,,0,0,0,0
3610,GPL,Poland,Poland,Region Europe,GEW,GPE Excavators Wheeled,,>6T,Mecalac,MEC,Y,P,OHR,40,0,0,,,0,0,0,0
3611,GPL,Poland,Poland,Region Europe,GEW,GPE Excavators Wheeled,,>6T,Sany,SNY,Y,P,OHR,22,0,0,,,0,0,0,0
3612,GPL,Poland,Poland,Region Europe,GEW,Wheeled Excavators,,>6T,Takeuchi,TAK,,P,OHR,16,0,0,,,0,0,1,1
3613,GPL,Poland,Poland,Region Europe,GEW,GPE Excavators Wheeled,,>6T,Volvo,VCE,Y,P,OHR,114,0,0,,,0,0,0,0
3614,GPL,Poland,Poland,Region Europe,GEW,GPE Excavators Wheeled,,>6T,Wacker Neuson,WAN,Y,P,OHR,15,0,0,,,0,0,0,0
3615,GPL,Poland,Poland,Region Europe,GEW,GPE Excavators Wheeled,,>6T,Yanmar,YAN,Y,P,OHR,10,0,0,,,0,0,0,0
3616,GPL,Poland,Poland,Region Europe,WLO,Wheel Loaders,,<10,SHA,SHA,,P,OHR,24,0,0,,,0,0,0,0
3617,GPL,Poland,Poland,Region Europe,WLO,Wheel Loaders,,<10,Atlas Weyhausen,ATW,Y,P,OHR,28,0,0,,,0,0,0,0
3618,GPL,Poland,Poland,Region Europe,WLO,Wheel Loaders,,<10,Bobcat,BOB,Y,P,OHR,12,0,0,,,0,0,0,0
3619,GPL,Poland,Poland,Region Europe,WLO,Wheel Loaders,,<10,Case,CAS,Y,P,OHR,10,0,0,,,0,0,0,0
3620,GPL,Poland,Poland,Region Europe,WLO,Wheel Loaders,,<10,Caterpillar Inc,,Y,P,OHR,22,0,0,,,0,0,0,0
3621,GPL,Poland,Poland,Region Europe,WLO,Wheel Loaders,,<10,Develon,DOO,Y,P,OHR,3,0,0,,,0,0,0,0
3622,GPL,Poland,Poland,Region Europe,WLO,Wheel Loaders,,<10,JCB,JCB,Y,P,OHR,29,0,0,,,0,0,0,0
3623,GPL,Poland,Poland,Region Europe,WLO,Wheel Loaders,,<10,Komatsu,KOM,Y,P,OHR,25,0,0,,,0,0,0,0
3624,GPL,Poland,Poland,Region Europe,WLO,Wheel Loaders,,<10,Kramer,KRA,Y,P,OHR,31,0,0,,,0,0,0,0
3625,GPL,Poland,Poland,Region Europe,WLO,Wheel Loaders,,<10,Kubota,KUB,Y,P,OHR,32,0,0,,,0,0,0,0
3626,GPL,Poland,Poland,Region Europe,WLO,Wheel Loaders,,<10,Manitou,MTU,Y,P,OHR,6,0,0,,,0,0,0,0
3627,GPL,Poland,Poland,Region Europe,WLO,Wheel Loaders,,<10,Mecalac,MEC,Y,P,OHR,13,0,0,,,0,0,0,0
3628,GPL,Poland,Poland,Region Europe,WLO,Wheel Loaders,,<10,New Holland,NEW,Y,P,OHR,8,0,0,,,0,0,0,0
3629,GPL,Poland,Poland,Region Europe,WLO,Wheel Loaders,,<10,Venieri,VEN,Y,P,OHR,4,0,0,,,0,0,0,0
3630,GPL,Poland,Poland,Region Europe,WLO,Wheel Loaders,,<10,Volvo,VCE,Y,P,OHR,45,0,0,,,0,0,0,0
3631,GPL,Poland,Poland,Region Europe,WLO,Wheel Loaders,,<10,Wacker Neuson,WAN,Y,P,OHR,120,0,0,,,0,0,0,0
3632,GPL,Poland,Poland,Region Europe,WLO,Wheel Loaders,,<10,Weidemann,WEI,,P,OHR,45,0,0,,,0,0,0,0
3633,GPL,Poland,Poland,Region Europe,WLO,Wheel Loaders,,<10,XCMG,XCM,,P,OHR,25,0,0,,,0,0,0,0
3634,GPL,Poland,Poland,Region Europe,WLO,Wheel Loaders,,<10,Yanmar,YAN,Y,P,OHR,36,0,0,,,0,0,0,0
3635,GPL,Poland,Poland,Region Europe,WLO,Wheel Loaders,,>10,Atlas Weyhausen,ATW,Y,P,OHR,1,0,0,,,0,0,0,0
3636,GPL,Poland,Poland,Region Europe,WLO,Wheel Loaders,,>10,Case,CAS,Y,P,OHR,15,0,0,,,0,0,0,0
3637,GPL,Poland,Poland,Region Europe,WLO,Wheel Loaders,,>10,Caterpillar Inc,,Y,P,OHR,78,0,0,,,0,0,0,0
3638,GPL,Poland,Poland,Region Europe,WLO,Wheel Loaders,,>10,Develon,DOO,Y,P,OHR,35,0,0,,,0,0,0,0
3639,GPL,Poland,Poland,Region Europe,WLO,Wheel Loaders,,>10,Hitachi,HIT,Y,P,OHR,20,0,0,,,0,0,0,0
3640,GPL,Poland,Poland,Region Europe,WLO,Wheel Loaders,,>10,Hyundai,HYU,Y,P,OHR,12,0,0,,,0,0,0,0
3641,GPL,Poland,Poland,Region Europe,WLO,Wheel Loaders,,>10,JCB,JCB,Y,P,OHR,20,0,0,,,0,0,0,0
3642,GPL,Poland,Poland,Region Europe,WLO,Wheel Loaders,,>10,Komatsu,KOM,Y,P,OHR,50,0,0,,,0,0,0,0
3643,GPL,Poland,Poland,Region Europe,WLO,Wheel Loaders,,>10,Kramer,KRA,Y,P,OHR,5,0,0,,,0,0,0,0
3644,GPL,Poland,Poland,Region Europe,WLO,Wheel Loaders,,>10,Liebherr,LIE,Y,P,OHR,36,0,0,,,0,0,0,0
3645,GPL,Poland,Poland,Region Europe,WLO,Wheel Loaders,,>10,Liugong,LIU,Y,P,OHR,21,0,0,,,0,0,0,0
3646,GPL,Poland,Poland,Region Europe,WLO,Wheel Loaders,,>10,New Holland,NEW,Y,P,OHR,2,0,0,,,0,0,0,0
3647,GPL,Poland,Poland,Region Europe,WLO,Wheel Loaders,,>10,Sany,SNY,Y,P,OHR,1,0,0,,,0,0,0,0
3648,GPL,Poland,Poland,Region Europe,WLO,Wheel Loaders,,>10,Volvo,VCE,Y,P,OHR,136,0,0,,,0,0,0,0
3649,GPL,Poland,Poland,Region Europe,WLO,Wheel Loaders,,>10,Wacker Neuson,WAN,Y,P,OHR,5,0,0,,,0,0,0,0
3650,GPL,Poland,Poland,Region Europe,WLO,Wheel Loaders,,>10,XCMG,XCM,,P,OHR,120,0,0,,,0,0,1,1
3651,GPT,Portugal,Portugal,Region Europe,330,Articulated Haulers,,,Bell,BEL,,P,OHR,1,0,0,,,0,0,1,1
3652,GPT,Portugal,Portugal,Region Europe,330,Articulated Haulers,,#,Caterpillar Inc,,Y,P,OHR,4,0,0,,,0,0,0,0
3653,GPT,Portugal,Portugal,Region Europe,330,Articulated Haulers,,#,Komatsu,KOM,Y,P,OHR,2,0,0,,,0,0,0,0
3654,GPT,Portugal,Portugal,Region Europe,330,Articulated Haulers,,#,Volvo,VCE,Y,P,OHR,9,0,0,,,0,0,0,0
3655,GPT,Portugal,Portugal,Region Europe,340,Rigid Haulers,,#,Caterpillar Inc,,Y,P,OHR,2,0,0,,,0,0,0,0
3656,GPT,Portugal,Portugal,Region Europe,340,Rigid Haulers,,#,Komatsu,KOM,Y,P,OHR,4,0,0,,,0,0,0,0
3657,GPT,Portugal,Portugal,Region Europe,380,Motor Graders,,#,Case,CAS,Y,P,OHR,1,0,0,,,0,0,0,0
3658,GPT,Portugal,Portugal,Region Europe,380,Motor Graders,,#,Caterpillar Inc,,Y,P,OHR,6,0,0,,,0,0,0,0
3659,GPT,Portugal,Portugal,Region Europe,380,Motor Graders,,#,Komatsu,KOM,Y,P,OHR,7,0,0,,,0,0,0,0
3660,GPT,Portugal,Portugal,Region Europe,410,Backhoe Loaders,,,Case,CAS,,P,OHR,22,0,0,,,0,0,1,1
3661,GPT,Portugal,Portugal,Region Europe,410,Backhoe Loaders,,,Caterpillar Inc,CAT,,P,OHR,24,0,0,,,0,0,1,1
3662,GPT,Portugal,Portugal,Region Europe,410,Backhoe Loaders,,,Hidromek,HID,,P,OHR,33,0,0,,,0,0,1,1
3663,GPT,Portugal,Portugal,Region Europe,410,Backhoe Loaders,,,JCB,JCB,,P,OHR,83,0,0,,,0,0,1,1
3664,GPT,Portugal,Portugal,Region Europe,410,Backhoe Loaders,,,Komatsu,KOM,,P,OHR,39,0,0,,,0,0,1,1
3665,GPT,Portugal,Portugal,Region Europe,410,Backhoe Loaders,,,Mecalac,MEC,,P,OHR,4,0,0,,,0,0,1,1
3666,GPT,Portugal,Portugal,Region Europe,410,Backhoe Loaders,,,New Holland,NEW,,P,OHR,10,0,0,,,0,0,1,1
3667,GPT,Portugal,Portugal,Region Europe,410,Backhoe Loaders,,,OTN,OTN,,P,OHR,10,0,0,,,0,0,1,1
3668,GPT,Portugal,Portugal,Region Europe,CEX,Compact Excavators,,<6T,Bobcat,BOB,Y,P,OHR,67,0,0,,,0,0,0,0
3669,GPT,Portugal,Portugal,Region Europe,CEX,Compact Excavators,,<6T,Case,CAS,Y,P,OHR,31,0,0,,,0,0,0,0
3670,GPT,Portugal,Portugal,Region Europe,CEX,Compact Excavators,,<6T,Caterpillar Inc,,Y,P,OHR,21,0,0,,,0,0,0,0
3671,GPT,Portugal,Portugal,Region Europe,CEX,Compact Excavators,,<6T,Develon,DOO,Y,P,OHR,51,0,0,,,0,0,0,0
3672,GPT,Portugal,Portugal,Region Europe,CEX,Compact Excavators,,<6T,Eurocomach,EUR,Y,P,OHR,6,0,0,,,0,0,0,0
3673,GPT,Portugal,Portugal,Region Europe,CEX,Compact Excavators,,<6T,Hitachi,HIT,Y,P,OHR,57,0,0,,,0,0,0,0
3674,GPT,Portugal,Portugal,Region Europe,CEX,Compact Excavators,,<6T,Hyundai,HYU,Y,P,OHR,26,0,0,,,0,0,0,0
3675,GPT,Portugal,Portugal,Region Europe,CEX,Compact Excavators,,<6T,JCB,JCB,Y,P,OHR,31,0,0,,,0,0,0,0
3676,GPT,Portugal,Portugal,Region Europe,CEX,Compact Excavators,,<6T,Kato Imer,KAT,Y,P,OHR,5,0,0,,,0,0,0,0
3677,GPT,Portugal,Portugal,Region Europe,CEX,Compact Excavators,,<6T,Kobelco,KOB,Y,P,OHR,6,0,0,,,0,0,0,0
3678,GPT,Portugal,Portugal,Region Europe,CEX,Compact Excavators,,<6T,Komatsu,KOM,Y,P,OHR,50,0,0,,,0,0,0,0
3679,GPT,Portugal,Portugal,Region Europe,CEX,Compact Excavators,,<6T,Kubota,KUB,Y,P,OHR,65,0,0,,,0,0,0,0
3680,GPT,Portugal,Portugal,Region Europe,CEX,Compact Excavators,,<6T,Liugong,LIU,Y,P,OHR,45,0,0,,,0,0,0,0
3681,GPT,Portugal,Portugal,Region Europe,CEX,Compact Excavators,,<6T,New Holland,NEW,Y,P,OHR,5,0,0,,,0,0,0,0
3682,GPT,Portugal,Portugal,Region Europe,CEX,Compact Excavators,,<6T,Rhino,RHI,,P,OHR,9,0,0,,,1,1,1,1
3683,GPT,Portugal,Portugal,Region Europe,CEX,Compact Excavators,,<6T,Sany,SNY,Y,P,OHR,22,0,0,,,0,0,0,0
3684,GPT,Portugal,Portugal,Region Europe,CEX,Compact Excavators,,<6T,Sunward,SUN,Y,P,OHR,47,0,0,,,0,0,0,0
3685,GPT,Portugal,Portugal,Region Europe,CEX,Compact Excavators,,<6T,Takeuchi,TAK,,P,OHR,45,0,0,,,1,1,1,1
3686,GPT,Portugal,Portugal,Region Europe,CEX,Compact Excavators,,<6T,Volvo,VCE,Y,P,OHR,59,0,0,,,0,0,0,0
3687,GPT,Portugal,Portugal,Region Europe,CEX,Compact Excavators,,<6T,Wacker Neuson,WAN,Y,P,OHR,15,0,0,,,0,0,0,0
3688,GPT,Portugal,Portugal,Region Europe,CEX,Compact Excavators,,<6T,XCMG,XCM,,P,OHR,50,0,0,,,1,1,1,1
3689,GPT,Portugal,Portugal,Region Europe,CEX,Compact Excavators,,<6T,Yanmar,YAN,Y,P,OHR,130,0,0,,,0,0,0,0
3690,GPT,Portugal,Portugal,Region Europe,CEX,Compact Excavators,,<6T,Zoomlion,ZOO,,P,OHR,1,0,0,,,1,1,1,1
3691,GPT,Portugal,Portugal,Region Europe,GEC,GPE Excavators Crawled,,>6T,Bobcat,BOB,Y,P,OHR,2,0,0,,,0,0,0,0
3692,GPT,Portugal,Portugal,Region Europe,GEC,GPE Excavators Crawled,,>6T,Case,CAS,Y,P,OHR,12,0,0,,,0,0,0,0
3693,GPT,Portugal,Portugal,Region Europe,GEC,GPE Excavators Crawled,,>6T,Caterpillar Inc,,Y,P,OHR,52,0,0,,,0,0,0,0
3694,GPT,Portugal,Portugal,Region Europe,GEC,GPE Excavators Crawled,,>6T,Develon,DOO,Y,P,OHR,93,0,0,,,0,0,0,0
3695,GPT,Portugal,Portugal,Region Europe,GEC,GPE Excavators Crawled,,>6T,Hidromek,HID,Y,P,OHR,3,0,0,,,0,0,0,0
3696,GPT,Portugal,Portugal,Region Europe,GEC,GPE Excavators Crawled,,>6T,Hitachi,HIT,Y,P,OHR,49,0,0,,,0,0,0,0
3697,GPT,Portugal,Portugal,Region Europe,GEC,GPE Excavators Crawled,,>6T,Hyundai,HYU,Y,P,OHR,27,0,0,,,0,0,0,0
3698,GPT,Portugal,Portugal,Region Europe,GEC,GPE Excavators Crawled,,>6T,JCB,JCB,Y,P,OHR,17,0,0,,,0,0,0,0
3699,GPT,Portugal,Portugal,Region Europe,GEC,GPE Excavators Crawled,,>6T,Kobelco,KOB,Y,P,OHR,19,0,0,,,0,0,0,0
3700,GPT,Portugal,Portugal,Region Europe,GEC,GPE Excavators Crawled,,>6T,Komatsu,KOM,Y,P,OHR,43,0,0,,,0,0,0,0
3701,GPT,Portugal,Portugal,Region Europe,GEC,GPE Excavators Crawled,,>6T,Kubota,KUB,Y,P,OHR,12,0,0,,,0,0,0,0
3702,GPT,Portugal,Portugal,Region Europe,GEC,GPE Excavators Crawled,,>6T,Liebherr,LIE,Y,P,OHR,1,0,0,,,0,0,0,0
3703,GPT,Portugal,Portugal,Region Europe,GEC,GPE Excavators Crawled,,>6T,Liugong,LIU,Y,P,OHR,11,0,0,,,0,0,0,0
3704,GPT,Portugal,Portugal,Region Europe,GEC,GPE Excavators Crawled,,>6T,Sany,SNY,Y,P,OHR,10,0,0,,,0,0,0,0
3705,GPT,Portugal,Portugal,Region Europe,GEC,GPE Excavators Crawled,,>6T,Sunward,SUN,Y,P,OHR,12,0,0,,,0,0,0,0
3706,GPT,Portugal,Portugal,Region Europe,GEC,Crawler Excavators,,>6T,Takeuchi,TAK,,P,OHR,23,0,0,,,0,0,1,1
3707,GPT,Portugal,Portugal,Region Europe,GEC,GPE Excavators Crawled,,>6T,Volvo,VCE,Y,P,OHR,76,0,0,,,0,0,0,0
3708,GPT,Portugal,Portugal,Region Europe,GEC,GPE Excavators Crawled,,>6T,Wacker Neuson,WAN,Y,P,OHR,5,0,0,,,0,0,0,0
3709,GPT,Portugal,Portugal,Region Europe,GEC,Crawler Excavators,,>6T,XCMG,XCM,,P,OHR,2,0,0,,,0,0,1,1
3710,GPT,Portugal,Portugal,Region Europe,GEC,GPE Excavators Crawled,,>6T,Yanmar,YAN,Y,P,OHR,25,0,0,,,0,0,0,0
3711,GPT,Portugal,Portugal,Region Europe,GEW,GPE Excavators Wheeled,,>6T,Case,CAS,Y,P,OHR,1,0,0,,,0,0,0,0
3712,GPT,Portugal,Portugal,Region Europe,GEW,GPE Excavators Wheeled,,>6T,Caterpillar Inc,,Y,P,OHR,5,0,0,,,0,0,0,0
3713,GPT,Portugal,Portugal,Region Europe,GEW,GPE Excavators Wheeled,,>6T,Develon,DOO,Y,P,OHR,18,0,0,,,0,0,0,0
3714,GPT,Portugal,Portugal,Region Europe,GEW,GPE Excavators Wheeled,,>6T,Hitachi,HIT,Y,P,OHR,5,0,0,,,0,0,0,0
3715,GPT,Portugal,Portugal,Region Europe,GEW,GPE Excavators Wheeled,,>6T,Hyundai,HYU,Y,P,OHR,3,0,0,,,0,0,0,0
3716,GPT,Portugal,Portugal,Region Europe,GEW,GPE Excavators Wheeled,,>6T,JCB,JCB,Y,P,OHR,2,0,0,,,0,0,0,0
3717,GPT,Portugal,Portugal,Region Europe,GEW,GPE Excavators Wheeled,,>6T,Sany,SNY,Y,P,OHR,1,0,0,,,0,0,0,0
3718,GPT,Portugal,Portugal,Region Europe,GEW,Wheeled Excavators,,>6T,Sennebogen,SEN,,P,OHR,8,0,0,,,0,0,1,1
3719,GPT,Portugal,Portugal,Region Europe,GEW,Wheeled Excavators,,>6T,Takeuchi,TAK,,P,OHR,5,0,0,,,0,0,1,1
3720,GPT,Portugal,Portugal,Region Europe,GEW,GPE Excavators Wheeled,,>6T,Volvo,VCE,Y,P,OHR,9,0,0,,,0,0,0,0
3721,GPT,Portugal,Portugal,Region Europe,GEW,GPE Excavators Wheeled,,>6T,Yanmar,YAN,Y,P,OHR,2,0,0,,,0,0,0,0
3722,GPT,Portugal,Portugal,Region Europe,WLO,Wheel Loaders,,<10,Bobcat,BOB,Y,P,OHR,2,0,0,,,0,0,0,0
3723,GPT,Portugal,Portugal,Region Europe,WLO,Wheel Loaders,,<10,Case,CAS,Y,P,OHR,2,0,0,,,0,0,0,0
3724,GPT,Portugal,Portugal,Region Europe,WLO,Wheel Loaders,,<10,Hitachi,HIT,Y,P,OHR,1,0,0,,,0,0,0,0
3725,GPT,Portugal,Portugal,Region Europe,WLO,Wheel Loaders,,<10,JCB,JCB,Y,P,OHR,1,0,0,,,0,0,0,0
3726,GPT,Portugal,Portugal,Region Europe,WLO,Wheel Loaders,,<10,Kramer,KRA,Y,P,OHR,8,0,0,,,0,0,0,0
3727,GPT,Portugal,Portugal,Region Europe,WLO,Wheel Loaders,,<10,Kubota,KUB,Y,P,OHR,1,0,0,,,0,0,0,0
3728,GPT,Portugal,Portugal,Region Europe,WLO,Wheel Loaders,,<10,Manitou,MTU,Y,P,OHR,2,0,0,,,0,0,0,0
3729,GPT,Portugal,Portugal,Region Europe,WLO,Wheel Loaders,,<10,Volvo,VCE,Y,P,OHR,13,0,0,,,0,0,0,0
3730,GPT,Portugal,Portugal,Region Europe,WLO,Wheel Loaders,,<10,Wacker Neuson,WAN,Y,P,OHR,1,0,0,,,0,0,0,0
3731,GPT,Portugal,Portugal,Region Europe,WLO,Wheel Loaders,,<10,Weidemann,WEI,,P,OHR,1,0,0,,,0,0,0,0
3732,GPT,Portugal,Portugal,Region Europe,WLO,Wheel Loaders,,<10,Yanmar,YAN,Y,P,OHR,10,0,0,,,0,0,0,0
3733,GPT,Portugal,Portugal,Region Europe,WLO,Wheel Loaders,,>10,Case,CAS,Y,P,OHR,2,0,0,,,0,0,0,0
3734,GPT,Portugal,Portugal,Region Europe,WLO,Wheel Loaders,,>10,Caterpillar Inc,,Y,P,OHR,17,0,0,,,0,0,0,0
3735,GPT,Portugal,Portugal,Region Europe,WLO,Wheel Loaders,,>10,Develon,DOO,Y,P,OHR,11,0,0,,,0,0,0,0
3736,GPT,Portugal,Portugal,Region Europe,WLO,Wheel Loaders,,>10,Hitachi,HIT,Y,P,OHR,10,0,0,,,0,0,0,0
3737,GPT,Portugal,Portugal,Region Europe,WLO,Wheel Loaders,,>10,Hyundai,HYU,Y,P,OHR,6,0,0,,,0,0,0,0
3738,GPT,Portugal,Portugal,Region Europe,WLO,Wheel Loaders,,>10,Komatsu,KOM,Y,P,OHR,10,0,0,,,0,0,0,0
3739,GPT,Portugal,Portugal,Region Europe,WLO,Wheel Loaders,,>10,Liugong,LIU,Y,P,OHR,3,0,0,,,0,0,0,0
3740,GPT,Portugal,Portugal,Region Europe,WLO,Wheel Loaders,,>10,Volvo,VCE,Y,P,OHR,40,0,0,,,0,0,0,0
3741,GPY,Paraguay,Paraguay,Region Latin America,CEX,Compact Excavators,,6<10T,Mountain Raise,MTM,,P,PIN,1,0,0,,,1,1,1,1
3742,GPY,Paraguay,Paraguay,Region Latin America,CEX,Compact Excavators,,6<10T,MTM,MTM,,P,PIN,0,0,0,,,1,1,1,1
3743,GPY,Paraguay,Paraguay,Region Latin America,CEX,Compact Excavators,,6<10T,Sany,SNY,Y,P,PIN,2,0,0,,,0,0,0,0
3744,GPY,Paraguay,Paraguay,Region Latin America,CEX,Compact Excavators,,<6T,Hyundai,HYU,Y,P,PIN,1,0,0,,,0,0,0,0
3745,GPY,Paraguay,Paraguay,Region Latin America,CEX,Compact Excavators,,<6T,Mountain Raise,MTM,,P,PIN,3,0,0,,,1,1,1,1
3746,GPY,Paraguay,Paraguay,Region Latin America,CEX,Compact Excavators,,<6T,MTM,MTM,,P,PIN,0,0,0,,,1,1,1,1
3747,GPY,Paraguay,Paraguay,Region Latin America,CEX,Compact Excavators,,<6T,OCN,OCN,,P,PIN,8,0,0,,,1,1,1,1
3748,GPY,Paraguay,Paraguay,Region Latin America,CEX,Compact Excavators,,<6T,XCMG,XCM,Y,P,PIN,2,0,0,,,0,0,0,0
3749,GPY,Paraguay,Paraguay,Region Latin America,GEC,GPE Excavators Crawled,,>10T,Case,CAS,Y,P,PIN,2,0,0,,,0,0,0,0
3750,GPY,Paraguay,Paraguay,Region Latin America,GEC,GPE Excavators Crawled,,>10T,Caterpillar Inc,,Y,P,PIN,23,0,0,,,0,0,0,0
3751,GPY,Paraguay,Paraguay,Region Latin America,GEC,GPE Excavators Crawled,,>10T,Deere,JOH,Y,P,PIN,44,0,0,,,0,0,0,0
3752,GPY,Paraguay,Paraguay,Region Latin America,GEC,GPE Excavators Crawled,,>10T,Hyundai,HYU,Y,P,PIN,11,0,0,,,0,0,0,0
3753,GPY,Paraguay,Paraguay,Region Latin America,GEC,GPE Excavators Crawled,,>10T,JCB,JCB,Y,P,PIN,7,0,0,,,0,0,0,0
3754,GPY,Paraguay,Paraguay,Region Latin America,GEC,GPE Excavators Crawled,,>10T,Kobelco,KOB,Y,P,PIN,3,0,0,,,0,0,0,0
3755,GPY,Paraguay,Paraguay,Region Latin America,GEC,GPE Excavators Crawled,,>10T,Komatsu,KOM,Y,P,PIN,7,0,0,,,0,0,0,0
3756,GPY,Paraguay,Paraguay,Region Latin America,GEC,GPE Excavators Crawled,,>10T,Linkbelt,,Y,P,PIN,1,0,0,,,0,0,0,0
3757,GPY,Paraguay,Paraguay,Region Latin America,GEC,GPE Excavators Crawled,,>10T,Liugong,LIU,Y,P,PIN,30,0,0,,,0,0,0,0
3758,GPY,Paraguay,Paraguay,Region Latin America,GEC,Crawler Excavators,,>10T,Mountain Raise,MTM,,P,PIN,1,0,0,,,0,0,1,1
3759,GPY,Paraguay,Paraguay,Region Latin America,GEC,Crawler Excavators,,>10T,MTM,MTM,,P,PIN,0,0,0,,,0,0,1,1
3760,GPY,Paraguay,Paraguay,Region Latin America,GEC,GPE Excavators Crawled,,>10T,New Holland,NEW,Y,P,PIN,2,0,0,,,0,0,0,0
3761,GPY,Paraguay,Paraguay,Region Latin America,GEC,Crawler Excavators,,>10T,OCN,OCN,,P,PIN,2,0,0,,,0,0,1,1
3762,GPY,Paraguay,Paraguay,Region Latin America,GEC,GPE Excavators Crawled,,>10T,Sany,SNY,Y,P,PIN,26,0,0,,,0,0,0,0
3763,GPY,Paraguay,Paraguay,Region Latin America,GEC,GPE Excavators Crawled,,>10T,Volvo,VCE,Y,P,PIN,6,0,0,,,0,0,0,0
3764,GPY,Paraguay,Paraguay,Region Latin America,GEC,GPE Excavators Crawled,,>10T,XCMG,XCM,Y,P,PIN,9,0,0,,,0,0,0,0
3765,GPY,Paraguay,Paraguay,Region Latin America,WLO,Wheel Loaders,,10<12,Huaya Machine,XHM,,P,PIN,1,0,0,,,0,0,0,0
3766,GPY,Paraguay,Paraguay,Region Latin America,WLO,Wheel Loaders,,10<12,OCN,OCN,,P,PIN,2,0,0,,,0,0,0,0
3767,GPY,Paraguay,Paraguay,Region Latin America,WLO,Wheel Loaders,,10<12,SEM,SEM,Y,P,PIN,6,0,0,,,0,0,0,0
3768,GPY,Paraguay,Paraguay,Region Latin America,WLO,Wheel Loaders,,7<10,Liugong,LIU,Y,P,PIN,8,0,0,,,0,0,0,0
3769,GPY,Paraguay,Paraguay,Region Latin America,WLO,Wheel Loaders,,7<10,Lonking,LON,,P,PIN,6,0,0,,,0,0,0,0
3770,GPY,Paraguay,Paraguay,Region Latin America,WLO,Wheel Loaders,,7<10,XCMG,XCM,Y,P,PIN,1,0,0,,,0,0,0,0
3771,GPY,Paraguay,Paraguay,Region Latin America,WLO,Wheel Loaders,,7<10,Xiagong XGMA Machine,XEM,,P,PIN,1,0,0,,,0,0,0,0
3772,GPY,Paraguay,Paraguay,Region Latin America,WLO,Wheel Loaders,,<7,Everun,EVR,,P,PIN,2,0,0,,,0,0,0,0
3773,GPY,Paraguay,Paraguay,Region Latin America,WLO,Wheel Loaders,,<7,Lonking,LON,,P,PIN,2,0,0,,,0,0,0,0
3774,GPY,Paraguay,Paraguay,Region Latin America,WLO,Wheel Loaders,,<7,Michigan,MGN,,P,PIN,6,0,0,,,0,0,0,0
3775,GPY,Paraguay,Paraguay,Region Latin America,WLO,Wheel Loaders,,<7,Mountain Raise,MTM,,P,PIN,14,0,0,,,0,0,0,0
3776,GPY,Paraguay,Paraguay,Region Latin America,WLO,Wheel Loaders,,<7,MTM,MTM,,P,PIN,0,0,0,,,0,0,0,0
3777,GPY,Paraguay,Paraguay,Region Latin America,WLO,Wheel Loaders,,<7,OCN,OCN,,P,PIN,7,0,0,,,0,0,0,0
3778,GPY,Paraguay,Paraguay,Region Latin America,WLO,Wheel Loaders,,>12,Case,CAS,Y,P,PIN,4,0,0,,,0,0,0,0
3779,GPY,Paraguay,Paraguay,Region Latin America,WLO,Wheel Loaders,,>12,Caterpillar Inc,,Y,P,PIN,8,0,0,,,0,0,0,0
3780,GPY,Paraguay,Paraguay,Region Latin America,WLO,Wheel Loaders,,>12,Deere,JOH,Y,P,PIN,20,0,0,,,0,0,0,0
3781,GPY,Paraguay,Paraguay,Region Latin America,WLO,Wheel Loaders,,>12,Develon,DOO,Y,P,PIN,8,0,0,,,0,0,0,0
3782,GPY,Paraguay,Paraguay,Region Latin America,WLO,Wheel Loaders,,>12,Ensign,ENS,,P,PIN,21,0,0,,,0,0,1,1
3783,GPY,Paraguay,Paraguay,Region Latin America,WLO,Wheel Loaders,,>12,Foton Lovol,FOL,Y,P,PIN,48,0,0,,,0,0,0,0
3784,GPY,Paraguay,Paraguay,Region Latin America,WLO,Wheel Loaders,,>12,Hyundai,HYU,Y,P,PIN,13,0,0,,,0,0,0,0
3785,GPY,Paraguay,Paraguay,Region Latin America,WLO,Wheel Loaders,,>12,JCB,JCB,Y,P,PIN,7,0,0,,,0,0,0,0
3786,GPY,Paraguay,Paraguay,Region Latin America,WLO,Wheel Loaders,,>12,Liugong,LIU,Y,P,PIN,56,0,0,,,0,0,0,0
3787,GPY,Paraguay,Paraguay,Region Latin America,WLO,Wheel Loaders,,>12,Lonking,LON,,P,PIN,18,0,0,,,0,0,1,1
3788,GPY,Paraguay,Paraguay,Region Latin America,WLO,Wheel Loaders,,>12,Lugong,LGG,,P,PIN,10,0,0,,,0,0,1,1
3789,GPY,Paraguay,Paraguay,Region Latin America,WLO,Wheel Loaders,,>12,Michigan,MGN,,P,PIN,18,0,0,,,0,0,1,1
3790,GPY,Paraguay,Paraguay,Region Latin America,WLO,Wheel Loaders,,>12,Mountain Raise,MTM,,P,PIN,5,0,0,,,0,0,1,1
3791,GPY,Paraguay,Paraguay,Region Latin America,WLO,Wheel Loaders,,>12,MTM,MTM,,P,PIN,0,0,0,,,0,0,1,1
3792,GPY,Paraguay,Paraguay,Region Latin America,WLO,Wheel Loaders,,>12,New Holland,NEW,Y,P,PIN,3,0,0,,,0,0,0,0
3793,GPY,Paraguay,Paraguay,Region Latin America,WLO,Wheel Loaders,,>12,OCN,OCN,,P,PIN,2,0,0,,,0,0,1,1
3794,GPY,Paraguay,Paraguay,Region Latin America,WLO,Wheel Loaders,,>12,Sany,SNY,Y,P,PIN,16,0,0,,,0,0,0,0
3795,GPY,Paraguay,Paraguay,Region Latin America,WLO,Wheel Loaders,,>12,SDLG,LIN,Y,P,PIN,33,0,0,,,0,0,0,0
3796,GPY,Paraguay,Paraguay,Region Latin America,WLO,Wheel Loaders,,>12,SEM,SEM,Y,P,PIN,54,0,0,,,0,0,0,0
3797,GPY,Paraguay,Paraguay,Region Latin America,WLO,Wheel Loaders,,>12,Shantui,SBM,Y,P,PIN,18,0,0,,,0,0,0,0
3798,GPY,Paraguay,Paraguay,Region Latin America,WLO,Wheel Loaders,,>12,Volvo,VCE,Y,P,PIN,1,0,0,,,0,0,0,0
3799,GPY,Paraguay,Paraguay,Region Latin America,WLO,Wheel Loaders,,>12,XCMG,XCM,Y,P,PIN,20,0,0,,,0,0,0,0
3800,GPY,Paraguay,Paraguay,Region Latin America,WLO,Wheel Loaders,,>12,Xiagong XGMA Machine,XEM,,P,PIN,6,0,0,,,0,0,1,1
3801,GQA,Qatar,Qatar,Region International,CEX,Compact Excavators,,<10T,Bobcat,BOB,Y,P,DES,5,0,0,,,0,0,0,0
3802,GQA,Qatar,Qatar,Region International,CEX,Compact Excavators,,<10T,Caterpillar Inc,,Y,P,DES,3,0,0,,,0,0,0,0
3803,GQA,Qatar,Qatar,Region International,CEX,Compact Excavators,,<10T,Hitachi,HIT,Y,P,DES,3,0,0,,,0,0,0,0
3804,GQA,Qatar,Qatar,Region International,CEX,Compact Excavators,,<10T,Hyundai,HYU,Y,P,DES,15,0,0,,,0,0,0,0
3805,GQA,Qatar,Qatar,Region International,CEX,Compact Excavators,,<10T,JCB,JCB,Y,P,DES,3,0,0,,,0,0,0,0
3806,GQA,Qatar,Qatar,Region International,CEX,Compact Excavators,,<10T,Volvo,VCE,Y,P,DES,3,0,0,,,0,0,0,0
3807,GQA,Qatar,Qatar,Region International,CEX,Compact Excavators,,<10T,Yanmar,YAN,Y,P,DES,2,0,0,,,0,0,0,0
3808,GQA,Qatar,Qatar,Region International,GEC,GPE Excavators Crawled,,>10T,Caterpillar Inc,,Y,P,DES,11,0,0,,,0,0,0,0
3809,GQA,Qatar,Qatar,Region International,GEC,GPE Excavators Crawled,,>10T,Develon,DOO,Y,P,DES,5,0,0,,,0,0,0,0
3810,GQA,Qatar,Qatar,Region International,GEC,GPE Excavators Crawled,,>10T,Hitachi,HIT,Y,P,DES,15,0,0,,,0,0,0,0
3811,GQA,Qatar,Qatar,Region International,GEC,GPE Excavators Crawled,,>10T,Hyundai,HYU,Y,P,DES,15,0,0,,,0,0,0,0
3812,GQA,Qatar,Qatar,Region International,GEC,GPE Excavators Crawled,,>10T,JCB,JCB,Y,P,DES,15,0,0,,,0,0,0,0
3813,GQA,Qatar,Qatar,Region International,GEC,GPE Excavators Crawled,,>10T,Komatsu,KOM,Y,P,DES,4,0,0,,,0,0,0,0
3814,GQA,Qatar,Qatar,Region International,GEC,GPE Excavators Crawled,,>10T,Sany,SNY,Y,P,DES,5,0,0,,,0,0,0,0
3815,GQA,Qatar,Qatar,Region International,GEC,GPE Excavators Crawled,,>10T,Volvo,VCE,Y,P,DES,3,0,0,,,0,0,0,0
3816,GQA,Qatar,Qatar,Region International,GEW,GPE Excavators Wheeled,,>11T,Hitachi,HIT,Y,P,DES,3,0,0,,,0,0,0,0
3817,GQA,Qatar,Qatar,Region International,GEW,GPE Excavators Wheeled,,>11T,Hyundai,HYU,Y,P,DES,8,0,0,,,0,0,0,0
3818,GQA,Qatar,Qatar,Region International,GEW,GPE Excavators Wheeled,,>11T,Volvo,VCE,Y,P,DES,3,0,0,,,0,0,0,0
3819,GQA,Qatar,Qatar,Region International,WLO,Wheel Loaders,,>12,Case,CAS,Y,P,DES,7,0,0,,,0,0,0,0
3820,GQA,Qatar,Qatar,Region International,WLO,Wheel Loaders,,>12,Caterpillar Inc,,Y,P,DES,13,0,0,,,0,0,0,0
3821,GQA,Qatar,Qatar,Region International,WLO,Wheel Loaders,,>12,Hitachi,HIT,Y,P,DES,3,0,0,,,0,0,0,0
3822,GQA,Qatar,Qatar,Region International,WLO,Wheel Loaders,,>12,Hyundai,HYU,Y,P,DES,26,0,0,,,0,0,0,0
3823,GQA,Qatar,Qatar,Region International,WLO,Wheel Loaders,,>12,Komatsu,KOM,Y,P,DES,9,0,0,,,0,0,0,0
3824,GQA,Qatar,Qatar,Region International,WLO,Wheel Loaders,,>12,Volvo,VCE,Y,P,DES,7,0,0,,,0,0,0,0
3825,GSA,Saudi Arabia,Saudi Arabia,Region International,330,Articulated Haulers,,#,Caterpillar Inc,,Y,P,DES,19,0,0,,,0,0,0,0
3826,GSA,Saudi Arabia,Saudi Arabia,Region International,330,Articulated Haulers,,#,Sany,SNY,Y,P,DES,10,0,0,,,0,0,0,0
3827,GSA,Saudi Arabia,Saudi Arabia,Region International,330,Articulated Haulers,,#,Volvo,VCE,Y,P,DES,73,0,0,,,0,0,0,0
3828,GSA,Saudi Arabia,Saudi Arabia,Region International,330,Articulated Haulers,,#,XCMG,XCM,Y,P,DES,10,0,0,,,0,0,0,0
3829,GSA,Saudi Arabia,Saudi Arabia,Region International,340,Rigid Haulers,,#,Caterpillar Inc,,Y,P,DES,39,0,0,,,0,0,0,0
3830,GSA,Saudi Arabia,Saudi Arabia,Region International,340,Rigid Haulers,,#,Volvo,VCE,Y,P,DES,4,0,0,,,0,0,0,0
3831,GSA,Saudi Arabia,Saudi Arabia,Region International,CEX,Compact Excavators,,<10T,Bobcat,BOB,Y,P,DES,4,0,0,,,0,0,0,0
3832,GSA,Saudi Arabia,Saudi Arabia,Region International,CEX,Compact Excavators,,<10T,Caterpillar Inc,,Y,P,DES,38,0,0,,,0,0,0,0
3833,GSA,Saudi Arabia,Saudi Arabia,Region International,CEX,Compact Excavators,,<10T,Develon,DOO,Y,P,DES,3,0,0,,,0,0,0,0
3834,GSA,Saudi Arabia,Saudi Arabia,Region International,CEX,Compact Excavators,,<10T,Hitachi,HIT,Y,P,DES,7,0,0,,,0,0,0,0
3835,GSA,Saudi Arabia,Saudi Arabia,Region International,CEX,Compact Excavators,,<10T,Hyundai,HYU,Y,P,DES,14,0,0,,,0,0,0,0
3836,GSA,Saudi Arabia,Saudi Arabia,Region International,CEX,Compact Excavators,,<10T,JCB,JCB,Y,P,DES,16,0,0,,,0,0,0,0
3837,GSA,Saudi Arabia,Saudi Arabia,Region International,CEX,Compact Excavators,,<10T,Liugong,LIU,Y,P,DES,2,0,0,,,0,0,0,0
3838,GSA,Saudi Arabia,Saudi Arabia,Region International,CEX,Compact Excavators,,<10T,Sany,SNY,Y,P,DES,1,0,0,,,0,0,0,0
3839,GSA,Saudi Arabia,Saudi Arabia,Region International,CEX,Compact Excavators,,<10T,Sunward,SUN,Y,P,DES,5,0,0,,,0,0,0,0
3840,GSA,Saudi Arabia,Saudi Arabia,Region International,CEX,Compact Excavators,,<10T,Takeuchi,TAK,Y,P,DES,10,0,0,,,0,0,0,0
3841,GSA,Saudi Arabia,Saudi Arabia,Region International,CEX,Compact Excavators,,<10T,Volvo,VCE,Y,P,DES,10,0,0,,,0,0,0,0
3842,GSA,Saudi Arabia,Saudi Arabia,Region International,CEX,Compact Excavators,,<10T,Wacker Neuson,WAN,Y,P,DES,10,0,0,,,0,0,0,0
3843,GSA,Saudi Arabia,Saudi Arabia,Region International,CEX,Compact Excavators,,<10T,XCMG,XCM,Y,P,DES,1,0,0,,,0,0,0,0
3844,GSA,Saudi Arabia,Saudi Arabia,Region International,CEX,Compact Excavators,,<10T,Yanmar,YAN,Y,P,DES,20,0,0,,,0,0,0,0
3845,GSA,Saudi Arabia,Saudi Arabia,Region International,CEX,Compact Excavators,,<10T,Zoomlion,ZOO,Y,P,DES,2,0,0,,,0,0,0,0
3846,GSA,Saudi Arabia,Saudi Arabia,Region International,GEC,GPE Excavators Crawled,,>10T,Case,CAS,Y,P,DES,35,0,0,,,0,0,0,0
3847,GSA,Saudi Arabia,Saudi Arabia,Region International,GEC,GPE Excavators Crawled,,>10T,Caterpillar Inc,,Y,P,DES,525,0,0,,,0,0,0,0
3848,GSA,Saudi Arabia,Saudi Arabia,Region International,GEC,GPE Excavators Crawled,,>10T,Develon,DOO,Y,P,DES,420,0,0,,,0,0,0,0
3849,GSA,Saudi Arabia,Saudi Arabia,Region International,GEC,GPE Excavators Crawled,,>10T,Hitachi,HIT,Y,P,DES,65,0,0,,,0,0,0,0
3850,GSA,Saudi Arabia,Saudi Arabia,Region International,GEC,GPE Excavators Crawled,,>10T,Hyundai,HYU,Y,P,DES,490,0,0,,,0,0,0,0
3851,GSA,Saudi Arabia,Saudi Arabia,Region International,GEC,GPE Excavators Crawled,,>10T,JCB,JCB,Y,P,DES,150,0,0,,,0,0,0,0
3852,GSA,Saudi Arabia,Saudi Arabia,Region International,GEC,GPE Excavators Crawled,,>10T,Komatsu,KOM,Y,P,DES,150,0,0,,,0,0,0,0
3853,GSA,Saudi Arabia,Saudi Arabia,Region International,GEC,GPE Excavators Crawled,,>10T,Liugong,LIU,Y,P,DES,95,0,0,,,0,0,0,0
3854,GSA,Saudi Arabia,Saudi Arabia,Region International,GEC,Crawler Excavators,,>10T,Lonking,LON,,P,DES,15,0,0,,,0,0,1,1
3855,GSA,Saudi Arabia,Saudi Arabia,Region International,GEC,GPE Excavators Crawled,,>10T,Sany,SNY,Y,P,DES,880,0,0,,,0,0,0,0
3856,GSA,Saudi Arabia,Saudi Arabia,Region International,GEC,GPE Excavators Crawled,,>10T,SDLG,LIN,Y,P,DES,67,0,0,,,0,0,0,0
3857,GSA,Saudi Arabia,Saudi Arabia,Region International,GEC,GPE Excavators Crawled,,>10T,Shantui,SBM,Y,P,DES,40,0,0,,,0,0,0,0
3858,GSA,Saudi Arabia,Saudi Arabia,Region International,GEC,GPE Excavators Crawled,,>10T,Sunward,SUN,Y,P,DES,60,0,0,,,0,0,0,0
3859,GSA,Saudi Arabia,Saudi Arabia,Region International,GEC,GPE Excavators Crawled,,>10T,Volvo,VCE,Y,P,DES,212,0,0,,,0,0,0,0
3860,GSA,Saudi Arabia,Saudi Arabia,Region International,GEC,GPE Excavators Crawled,,>10T,XCMG,XCM,Y,P,DES,480,0,0,,,0,0,0,0
3861,GSA,Saudi Arabia,Saudi Arabia,Region International,GEC,GPE Excavators Crawled,,>10T,Zoomlion,ZOO,Y,P,DES,780,0,0,,,0,0,0,0
3862,GSA,Saudi Arabia,Saudi Arabia,Region International,GEW,GPE Excavators Wheeled,,>11T,Caterpillar Inc,,Y,P,DES,12,0,0,,,0,0,0,0
3863,GSA,Saudi Arabia,Saudi Arabia,Region International,GEW,GPE Excavators Wheeled,,>11T,Develon,DOO,Y,P,DES,43,0,0,,,0,0,0,0
3864,GSA,Saudi Arabia,Saudi Arabia,Region International,GEW,GPE Excavators Wheeled,,>11T,Hitachi,HIT,Y,P,DES,4,0,0,,,0,0,0,0
3865,GSA,Saudi Arabia,Saudi Arabia,Region International,GEW,GPE Excavators Wheeled,,>11T,Hyundai,HYU,Y,P,DES,35,0,0,,,0,0,0,0
3866,GSA,Saudi Arabia,Saudi Arabia,Region International,GEW,GPE Excavators Wheeled,,>11T,JCB,JCB,Y,P,DES,11,0,0,,,0,0,0,0
3867,GSA,Saudi Arabia,Saudi Arabia,Region International,GEW,GPE Excavators Wheeled,,>11T,Sany,SNY,Y,P,DES,10,0,0,,,0,0,0,0
3868,GSA,Saudi Arabia,Saudi Arabia,Region International,GEW,GPE Excavators Wheeled,,>11T,Sunward,SUN,Y,P,DES,3,0,0,,,0,0,0,0
3869,GSA,Saudi Arabia,Saudi Arabia,Region International,GEW,GPE Excavators Wheeled,,>11T,Volvo,VCE,Y,P,DES,45,0,0,,,0,0,0,0
3870,GSA,Saudi Arabia,Saudi Arabia,Region International,GEW,GPE Excavators Wheeled,,>11T,XCMG,XCM,Y,P,DES,10,0,0,,,0,0,0,0
3871,GSA,Saudi Arabia,Saudi Arabia,Region International,WLO,Wheel Loaders,,<12,Caterpillar Inc,,Y,P,DES,7,0,0,,,0,0,0,0
3872,GSA,Saudi Arabia,Saudi Arabia,Region International,WLO,Wheel Loaders,,<12,Develon,DOO,Y,P,DES,7,0,0,,,0,0,0,0
3873,GSA,Saudi Arabia,Saudi Arabia,Region International,WLO,Wheel Loaders,,<12,Liugong,LIU,Y,P,DES,12,0,0,,,0,0,0,0
3874,GSA,Saudi Arabia,Saudi Arabia,Region International,WLO,Wheel Loaders,,<12,SEM,SEM,Y,P,DES,10,0,0,,,0,0,0,0
3875,GSA,Saudi Arabia,Saudi Arabia,Region International,WLO,Wheel Loaders,,<12,XCMG,XCM,Y,P,DES,15,0,0,,,0,0,0,0
3876,GSA,Saudi Arabia,Saudi Arabia,Region International,WLO,Wheel Loaders,,>12,Case,CAS,Y,P,DES,20,0,0,,,0,0,0,0
3877,GSA,Saudi Arabia,Saudi Arabia,Region International,WLO,Wheel Loaders,,>12,Caterpillar Inc,,Y,P,DES,260,0,0,,,0,0,0,0
3878,GSA,Saudi Arabia,Saudi Arabia,Region International,WLO,Wheel Loaders,,>12,Develon,DOO,Y,P,DES,330,0,0,,,0,0,0,0
3879,GSA,Saudi Arabia,Saudi Arabia,Region International,WLO,Wheel Loaders,,>12,Hitachi,HIT,Y,P,DES,40,0,0,,,0,0,0,0
3880,GSA,Saudi Arabia,Saudi Arabia,Region International,WLO,Wheel Loaders,,>12,Hyundai,HYU,Y,P,DES,65,0,0,,,0,0,0,0
3881,GSA,Saudi Arabia,Saudi Arabia,Region International,WLO,Wheel Loaders,,>12,JCB,JCB,Y,P,DES,60,0,0,,,0,0,0,0
3882,GSA,Saudi Arabia,Saudi Arabia,Region International,WLO,Wheel Loaders,,>12,Komatsu,KOM,Y,P,DES,75,0,0,,,0,0,0,0
3883,GSA,Saudi Arabia,Saudi Arabia,Region International,WLO,Wheel Loaders,,>12,Liugong,LIU,Y,P,DES,110,0,0,,,0,0,0,0
3884,GSA,Saudi Arabia,Saudi Arabia,Region International,WLO,Wheel Loaders,,>12,Lonking,LON,,P,DES,20,0,0,,,0,0,1,1
3885,GSA,Saudi Arabia,Saudi Arabia,Region International,WLO,Wheel Loaders,,>12,Sany,SNY,Y,P,DES,85,0,0,,,0,0,0,0
3886,GSA,Saudi Arabia,Saudi Arabia,Region International,WLO,Wheel Loaders,,>12,SDLG,LIN,Y,P,DES,122,0,0,,,0,0,0,0
3887,GSA,Saudi Arabia,Saudi Arabia,Region International,WLO,Wheel Loaders,,>12,SEM,SEM,Y,P,DES,164,0,0,,,0,0,0,0
3888,GSA,Saudi Arabia,Saudi Arabia,Region International,WLO,Wheel Loaders,,>12,Volvo,VCE,Y,P,DES,38,0,0,,,0,0,0,0
3889,GSA,Saudi Arabia,Saudi Arabia,Region International,WLO,Wheel Loaders,,>12,XCMG,XCM,Y,P,DES,170,0,0,,,0,0,0,0
3890,GSE,Sweden,Sweden,Region Europe,330,Articulated Haulers,,,Bell,BEL,,P,OHR,4,0,0,,,0,0,1,1
3891,GSE,Sweden,Sweden,Region Europe,330,Articulated Haulers,,#,Caterpillar Inc,,Y,P,OHR,2,0,0,,,0,0,0,0
3892,GSE,Sweden,Sweden,Region Europe,330,Articulated Haulers,,,Hydrema,HYD,,P,OHR,39,0,0,,,0,0,1,1
3893,GSE,Sweden,Sweden,Region Europe,330,Articulated Haulers,,#,Komatsu,KOM,Y,P,OHR,6,0,0,,,0,0,0,0
3894,GSE,Sweden,Sweden,Region Europe,330,Articulated Haulers,,#,Liebherr,LIE,Y,P,OHR,2,0,0,,,0,0,0,0
3895,GSE,Sweden,Sweden,Region Europe,330,Articulated Haulers,,#,Volvo,VCE,Y,P,OHR,28,0,0,,,0,0,0,0
3896,GSE,Sweden,Sweden,Region Europe,340,Rigid Haulers,,#,Caterpillar Inc,,Y,P,OHR,6,0,0,,,0,0,0,0
3897,GSE,Sweden,Sweden,Region Europe,340,Rigid Haulers,,#,Komatsu,KOM,Y,P,OHR,2,0,0,,,0,0,0,0
3898,GSE,Sweden,Sweden,Region Europe,340,Rigid Haulers,,,Sany,SNY,,P,OHR,3,0,0,,,0,0,1,1
3899,GSE,Sweden,Sweden,Region Europe,380,Motor Graders,,,HBM,HBM,,P,OHR,1,0,0,,,0,0,1,1
3900,GSE,Sweden,Sweden,Region Europe,380,Motor Graders,,#,Caterpillar Inc,,Y,P,OHR,9,0,0,,,0,0,0,0
3901,GSE,Sweden,Sweden,Region Europe,380,Motor Graders,,,Deere,JOH,,P,OHR,4,0,0,,,0,0,1,1
3902,GSE,Sweden,Sweden,Region Europe,380,Motor Graders,,#,Komatsu,KOM,Y,P,OHR,1,0,0,,,0,0,0,0
3903,GSE,Sweden,Sweden,Region Europe,380,Motor Graders,,,Veekmas,VEE,,P,OHR,3,0,0,,,0,0,1,1
3904,GSE,Sweden,Sweden,Region Europe,410,Backhoe Loaders,,,Huddig,HUD,,P,OHR,56,0,0,,,0,0,1,1
3905,GSE,Sweden,Sweden,Region Europe,410,Backhoe Loaders,,,Hydrema,HYD,,P,OHR,1,0,0,,,0,0,1,1
3906,GSE,Sweden,Sweden,Region Europe,410,Backhoe Loaders,,,JCB,JCB,,P,OHR,3,0,0,,,0,0,1,1
3907,GSE,Sweden,Sweden,Region Europe,410,Backhoe Loaders,,,Lannen,LAN,,P,OHR,22,0,0,,,0,0,1,1
3908,GSE,Sweden,Sweden,Region Europe,CEX,Compact Excavators,,<6T,Bobcat,BOB,Y,P,OHR,45,0,0,,,0,0,0,0
3909,GSE,Sweden,Sweden,Region Europe,CEX,Compact Excavators,,<6T,Case,CAS,Y,P,OHR,8,0,0,,,0,0,0,0
3910,GSE,Sweden,Sweden,Region Europe,CEX,Compact Excavators,,<6T,Caterpillar Inc,,Y,P,OHR,50,0,0,,,0,0,0,0
3911,GSE,Sweden,Sweden,Region Europe,CEX,Compact Excavators,,<6T,Develon,DOO,Y,P,OHR,32,0,0,,,0,0,0,0
3912,GSE,Sweden,Sweden,Region Europe,CEX,Compact Excavators,,<6T,Hitachi,HIT,Y,P,OHR,2,0,0,,,0,0,0,0
3913,GSE,Sweden,Sweden,Region Europe,CEX,Compact Excavators,,<6T,Hyundai,HYU,Y,P,OHR,15,0,0,,,0,0,0,0
3914,GSE,Sweden,Sweden,Region Europe,CEX,Compact Excavators,,<6T,JCB,JCB,Y,P,OHR,19,0,0,,,0,0,0,0
3915,GSE,Sweden,Sweden,Region Europe,CEX,Compact Excavators,,<6T,Kobelco,KOB,Y,P,OHR,36,0,0,,,0,0,0,0
3916,GSE,Sweden,Sweden,Region Europe,CEX,Compact Excavators,,<6T,Komatsu,KOM,Y,P,OHR,11,0,0,,,0,0,0,0
3917,GSE,Sweden,Sweden,Region Europe,CEX,Compact Excavators,,<6T,Kubota,KUB,Y,P,OHR,31,0,0,,,0,0,0,0
3918,GSE,Sweden,Sweden,Region Europe,CEX,Compact Excavators,,<6T,Liugong,LIU,Y,P,OHR,6,0,0,,,0,0,0,0
3919,GSE,Sweden,Sweden,Region Europe,CEX,Compact Excavators,,<6T,New Holland,NEW,Y,P,OHR,7,0,0,,,0,0,0,0
3920,GSE,Sweden,Sweden,Region Europe,CEX,Compact Excavators,,<6T,OTN,OTN,,P,OHR,62,0,0,,,1,1,1,1
3921,GSE,Sweden,Sweden,Region Europe,CEX,Compact Excavators,,<6T,Sany,SNY,Y,P,OHR,38,0,0,,,0,0,0,0
3922,GSE,Sweden,Sweden,Region Europe,CEX,Compact Excavators,,<6T,Sunward,SUN,Y,P,OHR,35,0,0,,,0,0,0,0
3923,GSE,Sweden,Sweden,Region Europe,CEX,Compact Excavators,,<6T,Takeuchi,TAK,,P,OHR,118,0,0,,,1,1,1,1
3924,GSE,Sweden,Sweden,Region Europe,CEX,Compact Excavators,,<6T,Volvo,VCE,Y,P,OHR,90,0,0,,,0,0,0,0
3925,GSE,Sweden,Sweden,Region Europe,CEX,Compact Excavators,,<6T,Wacker Neuson,WAN,Y,P,OHR,49,0,0,,,0,0,0,0
3926,GSE,Sweden,Sweden,Region Europe,CEX,Compact Excavators,,<6T,XCMG,XCM,,P,OHR,2,0,0,,,1,1,1,1
3927,GSE,Sweden,Sweden,Region Europe,CEX,Compact Excavators,,<6T,Yanmar,YAN,Y,P,OHR,60,0,0,,,0,0,0,0
3928,GSE,Sweden,Sweden,Region Europe,GEC,GPE Excavators Crawled,,>6T,Bobcat,BOB,Y,P,OHR,6,0,0,,,0,0,0,0
3929,GSE,Sweden,Sweden,Region Europe,GEC,GPE Excavators Crawled,,>6T,Case,CAS,Y,P,OHR,30,0,0,,,0,0,0,0
3930,GSE,Sweden,Sweden,Region Europe,GEC,GPE Excavators Crawled,,>6T,Caterpillar Inc,,Y,P,OHR,110,0,0,,,0,0,0,0
3931,GSE,Sweden,Sweden,Region Europe,GEC,GPE Excavators Crawled,,>6T,Develon,DOO,Y,P,OHR,32,0,0,,,0,0,0,0
3932,GSE,Sweden,Sweden,Region Europe,GEC,GPE Excavators Crawled,,>6T,Hidromek,HID,Y,P,OHR,1,0,0,,,0,0,0,0
3933,GSE,Sweden,Sweden,Region Europe,GEC,GPE Excavators Crawled,,>6T,Hitachi,HIT,Y,P,OHR,75,0,0,,,0,0,0,0
3934,GSE,Sweden,Sweden,Region Europe,GEC,GPE Excavators Crawled,,>6T,Hyundai,HYU,Y,P,OHR,12,0,0,,,0,0,0,0
3935,GSE,Sweden,Sweden,Region Europe,GEC,GPE Excavators Crawled,,>6T,JCB,JCB,Y,P,OHR,8,0,0,,,0,0,0,0
3936,GSE,Sweden,Sweden,Region Europe,GEC,GPE Excavators Crawled,,>6T,Kobelco,KOB,Y,P,OHR,65,0,0,,,0,0,0,0
3937,GSE,Sweden,Sweden,Region Europe,GEC,GPE Excavators Crawled,,>6T,Komatsu,KOM,Y,P,OHR,31,0,0,,,0,0,0,0
3938,GSE,Sweden,Sweden,Region Europe,GEC,GPE Excavators Crawled,,>6T,Kubota,KUB,Y,P,OHR,1,0,0,,,0,0,0,0
3939,GSE,Sweden,Sweden,Region Europe,GEC,GPE Excavators Crawled,,>6T,Liebherr,LIE,Y,P,OHR,21,0,0,,,0,0,0,0
3940,GSE,Sweden,Sweden,Region Europe,GEC,GPE Excavators Crawled,,>6T,Liugong,LIU,Y,P,OHR,3,0,0,,,0,0,0,0
3941,GSE,Sweden,Sweden,Region Europe,GEC,GPE Excavators Crawled,,>6T,Sany,SNY,Y,P,OHR,17,0,0,,,0,0,0,0
3942,GSE,Sweden,Sweden,Region Europe,GEC,GPE Excavators Crawled,,>6T,Sunward,SUN,Y,P,OHR,2,0,0,,,0,0,0,0
3943,GSE,Sweden,Sweden,Region Europe,GEC,Crawler Excavators,,>6T,Takeuchi,TAK,,P,OHR,25,0,0,,,0,0,1,1
3944,GSE,Sweden,Sweden,Region Europe,GEC,GPE Excavators Crawled,,>6T,Volvo,VCE,Y,P,OHR,208,0,0,,,0,0,0,0
3945,GSE,Sweden,Sweden,Region Europe,GEC,GPE Excavators Crawled,,>6T,Wacker Neuson,WAN,Y,P,OHR,50,0,0,,,0,0,0,0
3946,GSE,Sweden,Sweden,Region Europe,GEC,Crawler Excavators,,>6T,XCMG,XCM,,P,OHR,1,0,0,,,0,0,1,1
3947,GSE,Sweden,Sweden,Region Europe,GEC,GPE Excavators Crawled,,>6T,Yanmar,YAN,Y,P,OHR,5,0,0,,,0,0,0,0
3948,GSE,Sweden,Sweden,Region Europe,GEW,Wheeled Excavators,,>6T,Atlas,ATL,,P,OHR,39,0,0,,,0,0,1,1
3949,GSE,Sweden,Sweden,Region Europe,GEW,GPE Excavators Wheeled,,>6T,Bobcat,BOB,Y,P,OHR,0,0,0,,,0,0,0,0
3950,GSE,Sweden,Sweden,Region Europe,GEW,GPE Excavators Wheeled,,>6T,Caterpillar Inc,,Y,P,OHR,54,0,0,,,0,0,0,0
3951,GSE,Sweden,Sweden,Region Europe,GEW,GPE Excavators Wheeled,,>6T,Develon,DOO,Y,P,OHR,59,0,0,,,0,0,0,0
3952,GSE,Sweden,Sweden,Region Europe,GEW,GPE Excavators Wheeled,,>6T,Hitachi,HIT,Y,P,OHR,51,0,0,,,0,0,0,0
3953,GSE,Sweden,Sweden,Region Europe,GEW,Wheeled Excavators,,>6T,Hydrema,HYD,,P,OHR,17,0,0,,,0,0,1,1
3954,GSE,Sweden,Sweden,Region Europe,GEW,GPE Excavators Wheeled,,>6T,Hyundai,HYU,Y,P,OHR,14,0,0,,,0,0,0,0
3955,GSE,Sweden,Sweden,Region Europe,GEW,GPE Excavators Wheeled,,>6T,JCB,JCB,Y,P,OHR,4,0,0,,,0,0,0,0
3956,GSE,Sweden,Sweden,Region Europe,GEW,GPE Excavators Wheeled,,>6T,Komatsu,KOM,Y,P,OHR,19,0,0,,,0,0,0,0
3957,GSE,Sweden,Sweden,Region Europe,GEW,GPE Excavators Wheeled,,>6T,Liebherr,LIE,Y,P,OHR,49,0,0,,,0,0,0,0
3958,GSE,Sweden,Sweden,Region Europe,GEW,GPE Excavators Wheeled,,>6T,Sany,SNY,Y,P,OHR,3,0,0,,,0,0,0,0
3959,GSE,Sweden,Sweden,Region Europe,GEW,Wheeled Excavators,,>6T,Takeuchi,TAK,,P,OHR,15,0,0,,,0,0,1,1
3960,GSE,Sweden,Sweden,Region Europe,GEW,GPE Excavators Wheeled,,>6T,Volvo,VCE,Y,P,OHR,203,0,0,,,0,0,0,0
3961,GSE,Sweden,Sweden,Region Europe,GEW,GPE Excavators Wheeled,,>6T,Wacker Neuson,WAN,Y,P,OHR,55,0,0,,,0,0,0,0
3962,GSE,Sweden,Sweden,Region Europe,GEW,GPE Excavators Wheeled,,>6T,Yanmar,YAN,Y,P,OHR,10,0,0,,,0,0,0,0
3963,GSE,Sweden,Sweden,Region Europe,WLO,Wheel Loaders,,<10,Atlas Weyhausen,ATW,Y,P,OHR,4,0,0,,,0,0,0,0
3964,GSE,Sweden,Sweden,Region Europe,WLO,Wheel Loaders,,<10,Bobcat,BOB,Y,P,OHR,26,0,0,,,0,0,0,0
3965,GSE,Sweden,Sweden,Region Europe,WLO,Wheel Loaders,,<10,Case,CAS,Y,P,OHR,10,0,0,,,0,0,0,0
3966,GSE,Sweden,Sweden,Region Europe,WLO,Wheel Loaders,,<10,Caterpillar Inc,,Y,P,OHR,84,0,0,,,0,0,0,0
3967,GSE,Sweden,Sweden,Region Europe,WLO,Wheel Loaders,,<10,Claas,,Y,P,OHR,6,0,0,,,0,0,0,0
3968,GSE,Sweden,Sweden,Region Europe,WLO,Wheel Loaders,,<10,Develon,DOO,Y,P,OHR,3,0,0,,,0,0,0,0
3969,GSE,Sweden,Sweden,Region Europe,WLO,Wheel Loaders,,<10,Hitachi,HIT,Y,P,OHR,1,0,0,,,0,0,0,0
3970,GSE,Sweden,Sweden,Region Europe,WLO,Wheel Loaders,,<10,JCB,JCB,Y,P,OHR,92,0,0,,,0,0,0,0
3971,GSE,Sweden,Sweden,Region Europe,WLO,Wheel Loaders,,<10,Kramer,KRA,Y,P,OHR,140,0,0,,,0,0,0,0
3972,GSE,Sweden,Sweden,Region Europe,WLO,Wheel Loaders,,<10,Kubota,KUB,Y,P,OHR,16,0,0,,,0,0,0,0
3973,GSE,Sweden,Sweden,Region Europe,WLO,Wheel Loaders,,<10,Lai-Mu,LAI,,P,OHR,6,0,0,,,0,0,0,0
3974,GSE,Sweden,Sweden,Region Europe,WLO,Wheel Loaders,,<10,Liebherr,LIE,Y,P,OHR,5,0,0,,,0,0,0,0
3975,GSE,Sweden,Sweden,Region Europe,WLO,Wheel Loaders,,<10,Lundberg Hymas,LUN,,P,OHR,7,0,0,,,0,0,0,0
3976,GSE,Sweden,Sweden,Region Europe,WLO,Wheel Loaders,,<10,Manitou,MTU,Y,P,OHR,5,0,0,,,0,0,0,0
3977,GSE,Sweden,Sweden,Region Europe,WLO,Wheel Loaders,,<10,Mecalac,MEC,Y,P,OHR,8,0,0,,,0,0,0,0
3978,GSE,Sweden,Sweden,Region Europe,WLO,Wheel Loaders,,<10,New Holland,NEW,Y,P,OHR,15,0,0,,,0,0,0,0
3979,GSE,Sweden,Sweden,Region Europe,WLO,Wheel Loaders,,<10,Sany,SNY,Y,P,OHR,25,0,0,,,0,0,0,0
3980,GSE,Sweden,Sweden,Region Europe,WLO,Wheel Loaders,,<10,Tobroco Machines,TOB,,P,OHR,75,0,0,,,0,0,0,0
3981,GSE,Sweden,Sweden,Region Europe,WLO,Wheel Loaders,,<10,Vilakone,VIL,,P,OHR,46,0,0,,,0,0,0,0
3982,GSE,Sweden,Sweden,Region Europe,WLO,Wheel Loaders,,<10,Volvo,VCE,Y,P,OHR,138,0,0,,,0,0,0,0
3983,GSE,Sweden,Sweden,Region Europe,WLO,Wheel Loaders,,<10,Wacker Neuson,WAN,Y,P,OHR,30,0,0,,,0,0,0,0
3984,GSE,Sweden,Sweden,Region Europe,WLO,Wheel Loaders,,<10,Weidemann,WEI,,P,OHR,15,0,0,,,0,0,0,0
3985,GSE,Sweden,Sweden,Region Europe,WLO,Wheel Loaders,,<10,Yanmar,YAN,Y,P,OHR,30,0,0,,,0,0,0,0
3986,GSE,Sweden,Sweden,Region Europe,WLO,Wheel Loaders,,>10,Atlas Weyhausen,ATW,Y,P,OHR,2,0,0,,,0,0,0,0
3987,GSE,Sweden,Sweden,Region Europe,WLO,Wheel Loaders,,>10,Case,CAS,Y,P,OHR,5,0,0,,,0,0,0,0
3988,GSE,Sweden,Sweden,Region Europe,WLO,Wheel Loaders,,>10,Caterpillar Inc,,Y,P,OHR,62,0,0,,,0,0,0,0
3989,GSE,Sweden,Sweden,Region Europe,WLO,Wheel Loaders,,>10,Claas,,Y,P,OHR,1,0,0,,,0,0,0,0
3990,GSE,Sweden,Sweden,Region Europe,WLO,Wheel Loaders,,>10,Develon,DOO,Y,P,OHR,2,0,0,,,0,0,0,0
3991,GSE,Sweden,Sweden,Region Europe,WLO,Wheel Loaders,,>10,Hitachi,HIT,Y,P,OHR,2,0,0,,,0,0,0,0
3992,GSE,Sweden,Sweden,Region Europe,WLO,Wheel Loaders,,>10,Hyundai,HYU,Y,P,OHR,1,0,0,,,0,0,0,0
3993,GSE,Sweden,Sweden,Region Europe,WLO,Wheel Loaders,,>10,JCB,JCB,Y,P,OHR,55,0,0,,,0,0,0,0
3994,GSE,Sweden,Sweden,Region Europe,WLO,Wheel Loaders,,>10,Komatsu,KOM,Y,P,OHR,15,0,0,,,0,0,0,0
3995,GSE,Sweden,Sweden,Region Europe,WLO,Wheel Loaders,,>10,Kramer,KRA,Y,P,OHR,2,0,0,,,0,0,0,0
3996,GSE,Sweden,Sweden,Region Europe,WLO,Wheel Loaders,,>10,Liebherr,LIE,Y,P,OHR,8,0,0,,,0,0,0,0
3997,GSE,Sweden,Sweden,Region Europe,WLO,Wheel Loaders,,>10,Ljungby Maskin,LJU,,P,OHR,125,0,0,,,0,0,1,1
3998,GSE,Sweden,Sweden,Region Europe,WLO,Wheel Loaders,,>10,Lundberg Hymas,LUN,,P,OHR,23,0,0,,,0,0,1,1
3999,GSE,Sweden,Sweden,Region Europe,WLO,Wheel Loaders,,>10,New Holland,NEW,Y,P,OHR,10,0,0,,,0,0,0,0
4000,GSE,Sweden,Sweden,Region Europe,WLO,Wheel Loaders,,>10,Sany,SNY,Y,P,OHR,10,0,0,,,0,0,0,0
4001,GSE,Sweden,Sweden,Region Europe,WLO,Wheel Loaders,,>10,Vilakone,VIL,,P,OHR,61,0,0,,,0,0,1,1
4002,GSE,Sweden,Sweden,Region Europe,WLO,Wheel Loaders,,>10,Volvo,VCE,Y,P,OHR,755,0,0,,,0,0,0,0
4003,GSE,Sweden,Sweden,Region Europe,WLO,Wheel Loaders,,>10,Wacker Neuson,WAN,Y,P,OHR,10,0,0,,,0,0,0,0
4004,GSE,Sweden,Sweden,Region Europe,WLO,Wheel Loaders,,>10,XCMG,XCM,,P,OHR,2,0,0,,,0,0,1,1
4005,GSG,Singapore,Singapore,Region Asia,330,Articulated Haulers,,#,Caterpillar Inc,,Y,P,DES,18,0,0,,,0,0,0,0
4006,GSG,Singapore,Singapore,Region Asia,330,Articulated Haulers,,#,Volvo,VCE,Y,P,DES,40,0,0,,,0,0,0,0
4007,GSG,Singapore,Singapore,Region Asia,390,Compaction Machines,,,Bomag,BOM,,P,DES,30,0,0,,,0,0,1,1
4008,GSG,Singapore,Singapore,Region Asia,390,Compaction Machines,,,Hamm,HAM,,P,DES,30,0,0,,,0,0,1,1
4009,GSG,Singapore,Singapore,Region Asia,390,Compaction Machines,,,Sakai,SAK,,P,DES,32,0,0,,,0,0,1,1
4010,GSG,Singapore,Singapore,Region Asia,390,Compaction Machines,,,Volvo,VCE,,P,DES,2,0,0,,,0,0,1,1
4011,GSG,Singapore,Singapore,Region Asia,CEX,Compact Excavators,,<10T,Caterpillar Inc,,Y,P,DES,4,0,0,,,0,0,0,0
4012,GSG,Singapore,Singapore,Region Asia,CEX,Compact Excavators,,<10T,Develon,DOO,Y,P,DES,73,0,0,,,0,0,0,0
4013,GSG,Singapore,Singapore,Region Asia,CEX,Compact Excavators,,<10T,Hitachi,HIT,Y,P,DES,164,0,0,,,0,0,0,0
4014,GSG,Singapore,Singapore,Region Asia,CEX,Compact Excavators,,<10T,Kobelco,KOB,Y,P,DES,33,0,0,,,0,0,0,0
4015,GSG,Singapore,Singapore,Region Asia,CEX,Compact Excavators,,<10T,Liugong,LIU,Y,P,DES,5,0,0,,,0,0,0,0
4016,GSG,Singapore,Singapore,Region Asia,CEX,Compact Excavators,,<10T,Sany,SNY,Y,P,DES,58,0,0,,,0,0,0,0
4017,GSG,Singapore,Singapore,Region Asia,CEX,Compact Excavators,,<10T,Sunward,SUN,Y,P,DES,4,0,0,,,0,0,0,0
4018,GSG,Singapore,Singapore,Region Asia,CEX,Compact Excavators,,<10T,Volvo,VCE,Y,P,DES,1,0,0,,,0,0,0,0
4019,GSG,Singapore,Singapore,Region Asia,CEX,Compact Excavators,,<10T,XCMG,XCM,Y,P,DES,32,0,0,,,0,0,0,0
4020,GSG,Singapore,Singapore,Region Asia,GEC,GPE Excavators Crawled,,>10T,Caterpillar Inc,,Y,P,DES,28,0,0,,,0,0,0,0
4021,GSG,Singapore,Singapore,Region Asia,GEC,GPE Excavators Crawled,,>10T,Develon,DOO,Y,P,DES,70,0,0,,,0,0,0,0
4022,GSG,Singapore,Singapore,Region Asia,GEC,GPE Excavators Crawled,,>10T,Hitachi,HIT,Y,P,DES,143,0,0,,,0,0,0,0
4023,GSG,Singapore,Singapore,Region Asia,GEC,GPE Excavators Crawled,,>10T,Kobelco,KOB,Y,P,DES,105,0,0,,,0,0,0,0
4024,GSG,Singapore,Singapore,Region Asia,GEC,GPE Excavators Crawled,,>10T,Komatsu,KOM,Y,P,DES,35,0,0,,,0,0,0,0
4025,GSG,Singapore,Singapore,Region Asia,GEC,GPE Excavators Crawled,,>10T,Liugong,LIU,Y,P,DES,20,0,0,,,0,0,0,0
4026,GSG,Singapore,Singapore,Region Asia,GEC,GPE Excavators Crawled,,>10T,Sany,SNY,Y,P,DES,120,0,0,,,0,0,0,0
4027,GSG,Singapore,Singapore,Region Asia,GEC,GPE Excavators Crawled,,>10T,Sumitomo,SUM,Y,P,DES,84,0,0,,,0,0,0,0
4028,GSG,Singapore,Singapore,Region Asia,GEC,GPE Excavators Crawled,,>10T,Sunward,SUN,Y,P,DES,25,0,0,,,0,0,0,0
4029,GSG,Singapore,Singapore,Region Asia,GEC,GPE Excavators Crawled,,>10T,Volvo,VCE,Y,P,DES,28,0,0,,,0,0,0,0
4030,GSG,Singapore,Singapore,Region Asia,GEC,GPE Excavators Crawled,,>10T,XCMG,XCM,Y,P,DES,35,0,0,,,0,0,0,0
4031,GSG,Singapore,Singapore,Region Asia,GEW,GPE Excavators Wheeled,,>11T,Caterpillar Inc,,Y,P,DES,1,0,0,,,0,0,0,0
4032,GSG,Singapore,Singapore,Region Asia,WLO,Wheel Loaders,,<12,Caterpillar Inc,,Y,P,DES,1,0,0,,,0,0,0,0
4033,GSG,Singapore,Singapore,Region Asia,WLO,Wheel Loaders,,<12,Komatsu,KOM,Y,P,DES,1,0,0,,,0,0,0,0
4034,GSG,Singapore,Singapore,Region Asia,WLO,Wheel Loaders,,>12,Caterpillar Inc,,Y,P,DES,4,0,0,,,0,0,0,0
4035,GSG,Singapore,Singapore,Region Asia,WLO,Wheel Loaders,,>12,Develon,DOO,Y,P,DES,4,0,0,,,0,0,0,0
4036,GSG,Singapore,Singapore,Region Asia,WLO,Wheel Loaders,,>12,Volvo,VCE,Y,P,DES,10,0,0,,,0,0,0,0
4037,GTH,Thailand,Thailand,Region Asia,330,Articulated Haulers,,#,Caterpillar Inc,,Y,P,DES,0,0,0,,,0,0,0,0
4038,GTH,Thailand,Thailand,Region Asia,330,Articulated Haulers,,,Caterpillar Inc,CAT,,P,DES,4,0,0,,,0,0,0,0
4039,GTH,Thailand,Thailand,Region Asia,330,Articulated Haulers,,#,Komatsu,KOM,Y,P,DES,0,0,0,,,0,0,0,0
4040,GTH,Thailand,Thailand,Region Asia,330,Articulated Haulers,,,Komatsu,KOM,,P,DES,4,0,0,,,0,0,0,0
4041,GTH,Thailand,Thailand,Region Asia,340,Rigid Haulers,,#,Caterpillar Inc,,Y,P,DES,20,0,0,,,0,0,0,0
4042,GTH,Thailand,Thailand,Region Asia,390,Compaction Machines,,,Ammann,AMN,,P,DES,41,0,0,,,0,0,1,1
4043,GTH,Thailand,Thailand,Region Asia,390,Compaction Machines,,,Bomag,BOM,,P,DES,45,0,0,,,0,0,1,1
4044,GTH,Thailand,Thailand,Region Asia,390,Compaction Machines,,,Caterpillar Inc,CAT,,P,DES,57,0,0,,,0,0,1,1
4045,GTH,Thailand,Thailand,Region Asia,390,Compaction Machines,,,Dynapac,DYN,,P,DES,48,0,0,,,0,0,1,1
4046,GTH,Thailand,Thailand,Region Asia,390,Compaction Machines,,,Hamm,HAM,,P,DES,57,0,0,,,0,0,1,1
4047,GTH,Thailand,Thailand,Region Asia,390,Compaction Machines,,,Liugong,LIU,,P,DES,29,0,0,,,0,0,1,1
4048,GTH,Thailand,Thailand,Region Asia,390,Compaction Machines,,,Sakai,SAK,,P,DES,148,0,0,,,0,0,1,1
4049,GTH,Thailand,Thailand,Region Asia,390,Compaction Machines,,,Volvo,VCE,,P,DES,27,0,0,,,0,0,1,1
4050,GTH,Thailand,Thailand,Region Asia,390,Compaction Machines,,,XCMG,XCM,,P,DES,51,0,0,,,0,0,1,1
4051,GTH,Thailand,Thailand,Region Asia,CEX,Compact Excavators,,<10T,Caterpillar Inc,,Y,P,DES,0,0,0,,,0,0,0,0
4052,GTH,Thailand,Thailand,Region Asia,CEX,Compact Excavators,,<10T,Caterpillar Inc,CAT,,P,DES,315,0,0,,,0,0,0,0
4053,GTH,Thailand,Thailand,Region Asia,CEX,Compact Excavators,,<10T,Develon,DOO,Y,P,DES,0,0,0,,,0,0,0,0
4054,GTH,Thailand,Thailand,Region Asia,CEX,Compact Excavators,,<10T,Develon,DOO,,P,DES,42,0,0,,,0,0,0,0
4055,GTH,Thailand,Thailand,Region Asia,CEX,Compact Excavators,,<10T,Hitachi,HIT,Y,P,DES,0,0,0,,,0,0,0,0
4056,GTH,Thailand,Thailand,Region Asia,CEX,Compact Excavators,,<10T,Hitachi,HIT,,P,DES,373,0,0,,,0,0,0,0
4057,GTH,Thailand,Thailand,Region Asia,CEX,Compact Excavators,,<10T,Hyundai,HYU,Y,P,DES,0,0,0,,,0,0,0,0
4058,GTH,Thailand,Thailand,Region Asia,CEX,Compact Excavators,,<10T,Hyundai,HYU,,P,DES,16,0,0,,,0,0,0,0
4059,GTH,Thailand,Thailand,Region Asia,CEX,Compact Excavators,,<10T,JCB,JCB,Y,P,DES,0,0,0,,,0,0,0,0
4060,GTH,Thailand,Thailand,Region Asia,CEX,Compact Excavators,,<10T,JCB,JCB,,P,DES,34,0,0,,,0,0,0,0
4061,GTH,Thailand,Thailand,Region Asia,CEX,Compact Excavators,,<10T,Kobelco,KOB,Y,P,DES,0,0,0,,,0,0,0,0
4062,GTH,Thailand,Thailand,Region Asia,CEX,Compact Excavators,,<10T,Kobelco,KOB,,P,DES,700,0,0,,,0,0,0,0
4063,GTH,Thailand,Thailand,Region Asia,CEX,Compact Excavators,,<10T,Komatsu,KOM,Y,P,DES,0,0,0,,,0,0,0,0
4064,GTH,Thailand,Thailand,Region Asia,CEX,Compact Excavators,,<10T,Komatsu,KOM,,P,DES,680,0,0,,,0,0,0,0
4065,GTH,Thailand,Thailand,Region Asia,CEX,Compact Excavators,,<10T,Liugong,LIU,Y,P,DES,0,0,0,,,0,0,0,0
4066,GTH,Thailand,Thailand,Region Asia,CEX,Compact Excavators,,<10T,Liugong,LIU,,P,DES,158,0,0,,,0,0,0,0
4067,GTH,Thailand,Thailand,Region Asia,CEX,Compact Excavators,,<10T,Sany,SNY,Y,P,DES,0,0,0,,,0,0,0,0
4068,GTH,Thailand,Thailand,Region Asia,CEX,Compact Excavators,,<10T,Sany,SNY,,P,DES,1135,0,0,,,0,0,0,0
4069,GTH,Thailand,Thailand,Region Asia,CEX,Compact Excavators,,<10T,SDLG,LIN,Y,P,DES,0,0,0,,,0,0,0,0
4070,GTH,Thailand,Thailand,Region Asia,CEX,Compact Excavators,,<10T,SDLG,LIN,,P,DES,107,0,0,,,0,0,0,0
4071,GTH,Thailand,Thailand,Region Asia,CEX,Compact Excavators,,<10T,Sumitomo,SUM,Y,P,DES,0,0,0,,,0,0,0,0
4072,GTH,Thailand,Thailand,Region Asia,CEX,Compact Excavators,,<10T,Sumitomo,SUM,,P,DES,114,0,0,,,0,0,0,0
4073,GTH,Thailand,Thailand,Region Asia,CEX,Compact Excavators,,<10T,Sunward,SUN,Y,P,DES,0,0,0,,,0,0,0,0
4074,GTH,Thailand,Thailand,Region Asia,CEX,Compact Excavators,,<10T,Sunward,SUN,,P,DES,324,0,0,,,0,0,0,0
4075,GTH,Thailand,Thailand,Region Asia,CEX,Compact Excavators,,<10T,Volvo,VCE,Y,P,DES,0,0,0,,,0,0,0,0
4076,GTH,Thailand,Thailand,Region Asia,CEX,Compact Excavators,,<10T,Volvo,VCE,,P,DES,3,0,0,,,0,0,0,0
4077,GTH,Thailand,Thailand,Region Asia,CEX,Compact Excavators,,<10T,XCMG,XCM,Y,P,DES,0,0,0,,,0,0,0,0
4078,GTH,Thailand,Thailand,Region Asia,CEX,Compact Excavators,,<10T,XCMG,XCM,,P,DES,250,0,0,,,0,0,0,0
4079,GTH,Thailand,Thailand,Region Asia,GEC,GPE Excavators Crawled,,>10T,Case,CAS,Y,P,DES,0,0,0,,,0,0,0,0
4080,GTH,Thailand,Thailand,Region Asia,GEC,Crawler Excavators,,>10T,Case,CAS,,P,DES,10,0,0,,,0,0,0,0
4081,GTH,Thailand,Thailand,Region Asia,GEC,GPE Excavators Crawled,,>10T,Caterpillar Inc,,Y,P,DES,0,0,0,,,0,0,0,0
4082,GTH,Thailand,Thailand,Region Asia,GEC,Crawler Excavators,,>10T,Caterpillar Inc,CAT,,P,DES,205,0,0,,,0,0,0,0
4083,GTH,Thailand,Thailand,Region Asia,GEC,GPE Excavators Crawled,,>10T,Develon,DOO,Y,P,DES,0,0,0,,,0,0,0,0
4084,GTH,Thailand,Thailand,Region Asia,GEC,Crawler Excavators,,>10T,Develon,DOO,,P,DES,23,0,0,,,0,0,0,0
4085,GTH,Thailand,Thailand,Region Asia,GEC,GPE Excavators Crawled,,>10T,Hitachi,HIT,Y,P,DES,0,0,0,,,0,0,0,0
4086,GTH,Thailand,Thailand,Region Asia,GEC,Crawler Excavators,,>10T,Hitachi,HIT,,P,DES,127,0,0,,,0,0,0,0
4087,GTH,Thailand,Thailand,Region Asia,GEC,GPE Excavators Crawled,,>10T,Hyundai,HYU,Y,P,DES,0,0,0,,,0,0,0,0
4088,GTH,Thailand,Thailand,Region Asia,GEC,Crawler Excavators,,>10T,Hyundai,HYU,,P,DES,16,0,0,,,0,0,0,0
4089,GTH,Thailand,Thailand,Region Asia,GEC,GPE Excavators Crawled,,>10T,Kobelco,KOB,Y,P,DES,0,0,0,,,0,0,0,0
4090,GTH,Thailand,Thailand,Region Asia,GEC,Crawler Excavators,,>10T,Kobelco,KOB,,P,DES,337,0,0,,,0,0,0,0
4091,GTH,Thailand,Thailand,Region Asia,GEC,GPE Excavators Crawled,,>10T,Komatsu,KOM,Y,P,DES,0,0,0,,,0,0,0,0
4092,GTH,Thailand,Thailand,Region Asia,GEC,Crawler Excavators,,>10T,Komatsu,KOM,,P,DES,315,0,0,,,0,0,0,0
4093,GTH,Thailand,Thailand,Region Asia,GEC,GPE Excavators Crawled,,>10T,Liugong,LIU,Y,P,DES,0,0,0,,,0,0,0,0
4094,GTH,Thailand,Thailand,Region Asia,GEC,Crawler Excavators,,>10T,Liugong,LIU,,P,DES,110,0,0,,,0,0,0,0
4095,GTH,Thailand,Thailand,Region Asia,GEC,GPE Excavators Crawled,,>10T,Sany,SNY,Y,P,DES,0,0,0,,,0,0,0,0
4096,GTH,Thailand,Thailand,Region Asia,GEC,Crawler Excavators,,>10T,Sany,SNY,,P,DES,673,0,0,,,0,0,0,0
4097,GTH,Thailand,Thailand,Region Asia,GEC,GPE Excavators Crawled,,>10T,SDLG,LIN,Y,P,DES,0,0,0,,,0,0,0,0
4098,GTH,Thailand,Thailand,Region Asia,GEC,Crawler Excavators,,>10T,SDLG,LIN,,P,DES,5,0,0,,,0,0,0,0
4099,GTH,Thailand,Thailand,Region Asia,GEC,GPE Excavators Crawled,,>10T,Sumitomo,SUM,Y,P,DES,0,0,0,,,0,0,0,0
4100,GTH,Thailand,Thailand,Region Asia,GEC,Crawler Excavators,,>10T,Sumitomo,SUM,,P,DES,170,0,0,,,0,0,0,0
4101,GTH,Thailand,Thailand,Region Asia,GEC,GPE Excavators Crawled,,>10T,Sunward,SUN,Y,P,DES,0,0,0,,,0,0,0,0
4102,GTH,Thailand,Thailand,Region Asia,GEC,Crawler Excavators,,>10T,Sunward,SUN,,P,DES,60,0,0,,,0,0,0,0
4103,GTH,Thailand,Thailand,Region Asia,GEC,GPE Excavators Crawled,,>10T,Volvo,VCE,Y,P,DES,0,0,0,,,0,0,0,0
4104,GTH,Thailand,Thailand,Region Asia,GEC,Crawler Excavators,,>10T,Volvo,VCE,,P,DES,36,0,0,,,0,0,0,0
4105,GTH,Thailand,Thailand,Region Asia,GEC,GPE Excavators Crawled,,>10T,XCMG,XCM,Y,P,DES,0,0,0,,,0,0,0,0
4106,GTH,Thailand,Thailand,Region Asia,GEC,Crawler Excavators,,>10T,XCMG,XCM,,P,DES,134,0,0,,,0,0,0,0
4107,GTH,Thailand,Thailand,Region Asia,GEC,GPE Excavators Crawled,,>10T,Zoomlion,ZOO,Y,P,DES,0,0,0,,,0,0,0,0
4108,GTH,Thailand,Thailand,Region Asia,GEC,Crawler Excavators,,>10T,Zoomlion,ZOO,,P,DES,21,0,0,,,0,0,0,0
4109,GTH,Thailand,Thailand,Region Asia,GEW,GPE Excavators Wheeled,,>11T,Caterpillar Inc,,Y,P,DES,0,0,0,,,0,0,0,0
4110,GTH,Thailand,Thailand,Region Asia,GEW,Wheeled Excavators,,>11T,Caterpillar Inc,CAT,,P,DES,15,0,0,,,0,0,0,0
4111,GTH,Thailand,Thailand,Region Asia,GEW,GPE Excavators Wheeled,,>11T,Develon,DOO,Y,P,DES,0,0,0,,,0,0,0,0
4112,GTH,Thailand,Thailand,Region Asia,GEW,Wheeled Excavators,,>11T,Develon,DOO,,P,DES,4,0,0,,,0,0,0,0
4113,GTH,Thailand,Thailand,Region Asia,GEW,GPE Excavators Wheeled,,>11T,Sany,SNY,Y,P,DES,0,0,0,,,0,0,0,0
4114,GTH,Thailand,Thailand,Region Asia,GEW,Wheeled Excavators,,>11T,Sany,SNY,,P,DES,15,0,0,,,0,0,0,0
4115,GTH,Thailand,Thailand,Region Asia,GEW,GPE Excavators Wheeled,,>11T,Volvo,VCE,Y,P,DES,0,0,0,,,0,0,0,0
4116,GTH,Thailand,Thailand,Region Asia,GEW,Wheeled Excavators,,>11T,Volvo,VCE,,P,DES,9,0,0,,,0,0,0,0
4117,GTH,Thailand,Thailand,Region Asia,WLO,Wheel Loaders,,<12,Caterpillar Inc,,Y,P,DES,0,0,0,,,0,0,0,0
4118,GTH,Thailand,Thailand,Region Asia,WLO,Wheel Loaders,,<12,Caterpillar Inc,CAT,,P,DES,1,0,0,,,0,0,0,0
4119,GTH,Thailand,Thailand,Region Asia,WLO,Wheel Loaders,,<12,Develon,DOO,Y,P,DES,0,0,0,,,0,0,0,0
4120,GTH,Thailand,Thailand,Region Asia,WLO,Wheel Loaders,,<12,Develon,DOO,,P,DES,5,0,0,,,0,0,0,0
4121,GTH,Thailand,Thailand,Region Asia,WLO,Wheel Loaders,,<12,Hitachi,HIT,Y,P,DES,0,0,0,,,0,0,0,0
4122,GTH,Thailand,Thailand,Region Asia,WLO,Wheel Loaders,,<12,Hitachi,HIT,,P,DES,4,0,0,,,0,0,0,0
4123,GTH,Thailand,Thailand,Region Asia,WLO,Wheel Loaders,,<12,Hyundai,HYU,Y,P,DES,0,0,0,,,0,0,0,0
4124,GTH,Thailand,Thailand,Region Asia,WLO,Wheel Loaders,,<12,Hyundai,HYU,,P,DES,2,0,0,,,0,0,0,0
4125,GTH,Thailand,Thailand,Region Asia,WLO,Wheel Loaders,,<12,Komatsu,KOM,Y,P,DES,0,0,0,,,0,0,0,0
4126,GTH,Thailand,Thailand,Region Asia,WLO,Wheel Loaders,,<12,Komatsu,KOM,,P,DES,16,0,0,,,0,0,0,0
4127,GTH,Thailand,Thailand,Region Asia,WLO,Wheel Loaders,,<12,Liugong,LIU,Y,P,DES,0,0,0,,,0,0,0,0
4128,GTH,Thailand,Thailand,Region Asia,WLO,Wheel Loaders,,<12,Liugong,LIU,,P,DES,150,0,0,,,0,0,0,0
4129,GTH,Thailand,Thailand,Region Asia,WLO,Wheel Loaders,,<12,Lonking,LON,,P,DES,17,0,0,,,0,0,0,0
4130,GTH,Thailand,Thailand,Region Asia,WLO,Wheel Loaders,,<12,SEM,SEM,Y,P,DES,0,0,0,,,0,0,0,0
4131,GTH,Thailand,Thailand,Region Asia,WLO,Wheel Loaders,,<12,SEM,SEM,,P,DES,12,0,0,,,0,0,0,0
4132,GTH,Thailand,Thailand,Region Asia,WLO,Wheel Loaders,,<12,XCMG,XCM,Y,P,DES,0,0,0,,,0,0,0,0
4133,GTH,Thailand,Thailand,Region Asia,WLO,Wheel Loaders,,<12,XCMG,XCM,,P,DES,30,0,0,,,0,0,0,0
4134,GTH,Thailand,Thailand,Region Asia,WLO,Wheel Loaders,,>12,Caterpillar Inc,,Y,P,DES,0,0,0,,,0,0,0,0
4135,GTH,Thailand,Thailand,Region Asia,WLO,Wheel Loaders,,>12,Caterpillar Inc,CAT,,P,DES,10,0,0,,,0,0,0,0
4136,GTH,Thailand,Thailand,Region Asia,WLO,Wheel Loaders,,>12,Develon,DOO,Y,P,DES,0,0,0,,,0,0,0,0
4137,GTH,Thailand,Thailand,Region Asia,WLO,Wheel Loaders,,>12,Develon,DOO,,P,DES,3,0,0,,,0,0,0,0
4138,GTH,Thailand,Thailand,Region Asia,WLO,Wheel Loaders,,>12,Hitachi,HIT,Y,P,DES,0,0,0,,,0,0,0,0
4139,GTH,Thailand,Thailand,Region Asia,WLO,Wheel Loaders,,>12,Hitachi,HIT,,P,DES,12,0,0,,,0,0,0,0
4140,GTH,Thailand,Thailand,Region Asia,WLO,Wheel Loaders,,>12,Komatsu,KOM,Y,P,DES,0,0,0,,,0,0,0,0
4141,GTH,Thailand,Thailand,Region Asia,WLO,Wheel Loaders,,>12,Komatsu,KOM,,P,DES,12,0,0,,,0,0,0,0
4142,GTH,Thailand,Thailand,Region Asia,WLO,Wheel Loaders,,>12,Liugong,LIU,Y,P,DES,0,0,0,,,0,0,0,0
4143,GTH,Thailand,Thailand,Region Asia,WLO,Wheel Loaders,,>12,Liugong,LIU,,P,DES,68,0,0,,,0,0,0,0
4144,GTH,Thailand,Thailand,Region Asia,WLO,Wheel Loaders,,>12,Lonking,LON,,P,DES,20,0,0,,,0,0,1,1
4145,GTH,Thailand,Thailand,Region Asia,WLO,Wheel Loaders,,>12,Sany,SNY,Y,P,DES,0,0,0,,,0,0,0,0
4146,GTH,Thailand,Thailand,Region Asia,WLO,Wheel Loaders,,>12,Sany,SNY,,P,DES,83,0,0,,,0,0,0,0
4147,GTH,Thailand,Thailand,Region Asia,WLO,Wheel Loaders,,>12,SDLG,LIN,Y,P,DES,0,0,0,,,0,0,0,0
4148,GTH,Thailand,Thailand,Region Asia,WLO,Wheel Loaders,,>12,SDLG,LIN,,P,DES,11,0,0,,,0,0,0,0
4149,GTH,Thailand,Thailand,Region Asia,WLO,Wheel Loaders,,>12,SEM,SEM,Y,P,DES,0,0,0,,,0,0,0,0
4150,GTH,Thailand,Thailand,Region Asia,WLO,Wheel Loaders,,>12,SEM,SEM,,P,DES,17,0,0,,,0,0,0,0
4151,GTH,Thailand,Thailand,Region Asia,WLO,Wheel Loaders,,>12,XCMG,XCM,Y,P,DES,0,0,0,,,0,0,0,0
4152,GTH,Thailand,Thailand,Region Asia,WLO,Wheel Loaders,,>12,XCMG,XCM,,P,DES,40,0,0,,,0,0,0,0
4153,GTL,Timor-Leste,Timor-Leste,Region Asia,390,Compaction Machines,,,Sakai,SAK,,P,DES,4,0,0,,,0,0,1,1
4154,GTL,Timor-Leste,Timor-Leste,Region Asia,390,Compaction Machines,,,SDLG,LIN,,P,DES,3,0,0,,,0,0,1,1
4155,GTL,Timor-Leste,Timor-Leste,Region Asia,CEX,Compact Excavators,,<10T,SDLG,LIN,Y,P,DES,0,0,0,,,0,0,0,0
4156,GTL,Timor-Leste,Timor-Leste,Region Asia,CEX,Compact Excavators,,<10T,SDLG,LIN,,P,DES,2,0,0,,,0,0,0,0
4157,GTL,Timor-Leste,Timor-Leste,Region Asia,CEX,Compact Excavators,,<10T,Volvo,VCE,Y,P,DES,0,0,0,,,0,0,0,0
4158,GTL,Timor-Leste,Timor-Leste,Region Asia,CEX,Compact Excavators,,<10T,Volvo,VCE,,P,DES,2,0,0,,,0,0,0,0
4159,GTL,Timor-Leste,Timor-Leste,Region Asia,CEX,Compact Excavators,,<10T,Yanmar,YAN,Y,P,DES,0,0,0,,,0,0,0,0
4160,GTL,Timor-Leste,Timor-Leste,Region Asia,CEX,Compact Excavators,,<10T,Yanmar,YAN,,P,DES,1,0,0,,,0,0,0,0
4161,GTL,Timor-Leste,Timor-Leste,Region Asia,GEC,GPE Excavators Crawled,,>10T,Sany,SNY,Y,P,DES,0,0,0,,,0,0,0,0
4162,GTL,Timor-Leste,Timor-Leste,Region Asia,GEC,Crawler Excavators,,>10T,Sany,SNY,,P,DES,1,0,0,,,0,0,0,0
4163,GTL,Timor-Leste,Timor-Leste,Region Asia,WLO,Wheel Loaders,,<12,Sany,SNY,Y,P,DES,0,0,0,,,0,0,0,0
4164,GTL,Timor-Leste,Timor-Leste,Region Asia,WLO,Wheel Loaders,,<12,Sany,SNY,,P,DES,3,0,0,,,0,0,0,0
4165,GTL,Timor-Leste,Timor-Leste,Region Asia,WLO,Wheel Loaders,,>12,Liugong,LIU,Y,P,DES,0,0,0,,,0,0,0,0
4166,GTL,Timor-Leste,Timor-Leste,Region Asia,WLO,Wheel Loaders,,>12,Liugong,LIU,,P,DES,1,0,0,,,0,0,0,0
4167,GTL,Timor-Leste,Timor-Leste,Region Asia,WLO,Wheel Loaders,,>12,SDLG,LIN,Y,P,DES,0,0,0,,,0,0,0,0
4168,GTL,Timor-Leste,Timor-Leste,Region Asia,WLO,Wheel Loaders,,>12,SDLG,LIN,,P,DES,5,0,0,,,0,0,0,0
4169,GTR,Turkey,Turkey,Region International,330,Articulated Haulers,,#,Caterpillar Inc,,Y,P,DES,3,0,0,,,0,0,0,0
4170,GTR,Turkey,Turkey,Region International,330,Articulated Haulers,,#,Komatsu,KOM,Y,P,DES,8,0,0,,,0,0,0,0
4171,GTR,Turkey,Turkey,Region International,330,Articulated Haulers,,#,Volvo,VCE,Y,P,DES,10,0,0,,,0,0,0,0
4172,GTR,Turkey,Turkey,Region International,340,Rigid Haulers,,#,Caterpillar Inc,,Y,P,DES,5,0,0,,,0,0,0,0
4173,GTR,Turkey,Turkey,Region International,CEX,Compact Excavators,,<10T,Caterpillar Inc,,Y,P,DES,52,0,0,,,0,0,0,0
4174,GTR,Turkey,Turkey,Region International,CEX,Compact Excavators,,<10T,Hitachi,HIT,Y,P,DES,113,0,0,,,0,0,0,0
4175,GTR,Turkey,Turkey,Region International,CEX,Compact Excavators,,<10T,Hyundai,HYU,Y,P,DES,120,0,0,,,0,0,0,0
4176,GTR,Turkey,Turkey,Region International,CEX,Compact Excavators,,<10T,JCB,JCB,Y,P,DES,113,0,0,,,0,0,0,0
4177,GTR,Turkey,Turkey,Region International,CEX,Compact Excavators,,<10T,Komatsu,KOM,Y,P,DES,30,0,0,,,0,0,0,0
4178,GTR,Turkey,Turkey,Region International,CEX,Compact Excavators,,<10T,Kubota,KUB,Y,P,DES,570,0,0,,,0,0,0,0
4179,GTR,Turkey,Turkey,Region International,CEX,Compact Excavators,,<10T,Sany,SNY,Y,P,DES,450,0,0,,,0,0,0,0
4180,GTR,Turkey,Turkey,Region International,CEX,Compact Excavators,,<10T,Takeuchi,TAK,Y,P,DES,570,0,0,,,0,0,0,0
4181,GTR,Turkey,Turkey,Region International,CEX,Compact Excavators,,<10T,Volvo,VCE,Y,P,DES,80,0,0,,,0,0,0,0
4182,GTR,Turkey,Turkey,Region International,CEX,Compact Excavators,,<10T,XCMG,XCM,Y,P,DES,90,0,0,,,0,0,0,0
4183,GTR,Turkey,Turkey,Region International,CEX,Compact Excavators,,<10T,Yanmar,YAN,Y,P,DES,120,0,0,,,0,0,0,0
4184,GTR,Turkey,Turkey,Region International,CEX,Compact Excavators,,<10T,Zoomlion,ZOO,Y,P,DES,250,0,0,,,0,0,0,0
4185,GTR,Turkey,Turkey,Region International,GEC,GPE Excavators Crawled,,>10T,Caterpillar Inc,,Y,P,DES,668,0,0,,,0,0,0,0
4186,GTR,Turkey,Turkey,Region International,GEC,GPE Excavators Crawled,,>10T,Develon,DOO,Y,P,DES,230,0,0,,,0,0,0,0
4187,GTR,Turkey,Turkey,Region International,GEC,GPE Excavators Crawled,,>10T,Hidromek,HID,Y,P,DES,800,0,0,,,0,0,0,0
4188,GTR,Turkey,Turkey,Region International,GEC,GPE Excavators Crawled,,>10T,Hitachi,HIT,Y,P,DES,470,0,0,,,0,0,0,0
4189,GTR,Turkey,Turkey,Region International,GEC,GPE Excavators Crawled,,>10T,Hyundai,HYU,Y,P,DES,300,0,0,,,0,0,0,0
4190,GTR,Turkey,Turkey,Region International,GEC,GPE Excavators Crawled,,>10T,JCB,JCB,Y,P,DES,10,0,0,,,0,0,0,0
4191,GTR,Turkey,Turkey,Region International,GEC,GPE Excavators Crawled,,>10T,Komatsu,KOM,Y,P,DES,315,0,0,,,0,0,0,0
4192,GTR,Turkey,Turkey,Region International,GEC,GPE Excavators Crawled,,>10T,Liebherr,LIE,Y,P,DES,55,0,0,,,0,0,0,0
4193,GTR,Turkey,Turkey,Region International,GEC,GPE Excavators Crawled,,>10T,Liugong,LIU,Y,P,DES,100,0,0,,,0,0,0,0
4194,GTR,Turkey,Turkey,Region International,GEC,Crawler Excavators,,>10T,MST,MST,,P,DES,75,0,0,,,0,0,1,1
4195,GTR,Turkey,Turkey,Region International,GEC,GPE Excavators Crawled,,>10T,Sany,SNY,Y,P,DES,745,0,0,,,0,0,0,0
4196,GTR,Turkey,Turkey,Region International,GEC,GPE Excavators Crawled,,>10T,SDLG,LIN,Y,P,DES,38,0,0,,,0,0,0,0
4197,GTR,Turkey,Turkey,Region International,GEC,GPE Excavators Crawled,,>10T,Sumitomo,SUM,Y,P,DES,350,0,0,,,0,0,0,0
4198,GTR,Turkey,Turkey,Region International,GEC,GPE Excavators Crawled,,>10T,Volvo,VCE,Y,P,DES,395,0,0,,,0,0,0,0
4199,GTR,Turkey,Turkey,Region International,GEC,GPE Excavators Crawled,,>10T,XCMG,XCM,Y,P,DES,340,0,0,,,0,0,0,0
4200,GTR,Turkey,Turkey,Region International,GEC,GPE Excavators Crawled,,>10T,Zoomlion,ZOO,Y,P,DES,667,0,0,,,0,0,0,0
4201,GTR,Turkey,Turkey,Region International,GEW,GPE Excavators Wheeled,,>11T,Caterpillar Inc,,Y,P,DES,26,0,0,,,0,0,0,0
4202,GTR,Turkey,Turkey,Region International,GEW,GPE Excavators Wheeled,,>11T,Develon,DOO,Y,P,DES,11,0,0,,,0,0,0,0
4203,GTR,Turkey,Turkey,Region International,GEW,GPE Excavators Wheeled,,>11T,Hidromek,HID,Y,P,DES,54,0,0,,,0,0,0,0
4204,GTR,Turkey,Turkey,Region International,GEW,GPE Excavators Wheeled,,>11T,Hitachi,HIT,Y,P,DES,14,0,0,,,0,0,0,0
4205,GTR,Turkey,Turkey,Region International,GEW,GPE Excavators Wheeled,,>11T,Hyundai,HYU,Y,P,DES,76,0,0,,,0,0,0,0
4206,GTR,Turkey,Turkey,Region International,GEW,GPE Excavators Wheeled,,>11T,JCB,JCB,Y,P,DES,11,0,0,,,0,0,0,0
4207,GTR,Turkey,Turkey,Region International,GEW,GPE Excavators Wheeled,,>11T,Komatsu,KOM,Y,P,DES,11,0,0,,,0,0,0,0
4208,GTR,Turkey,Turkey,Region International,GEW,GPE Excavators Wheeled,,>11T,Liebherr,LIE,Y,P,DES,9,0,0,,,0,0,0,0
4209,GTR,Turkey,Turkey,Region International,GEW,GPE Excavators Wheeled,,>11T,Volvo,VCE,Y,P,DES,6,0,0,,,0,0,0,0
4210,GTR,Turkey,Turkey,Region International,WLO,Wheel Loaders,,<12,Caterpillar Inc,,Y,P,DES,5,0,0,,,0,0,0,0
4211,GTR,Turkey,Turkey,Region International,WLO,Wheel Loaders,,<12,JCB,JCB,Y,P,DES,13,0,0,,,0,0,0,0
4212,GTR,Turkey,Turkey,Region International,WLO,Wheel Loaders,,<12,Komatsu,KOM,Y,P,DES,6,0,0,,,0,0,0,0
4213,GTR,Turkey,Turkey,Region International,WLO,Wheel Loaders,,<12,SDLG,LIN,Y,P,DES,3,0,0,,,0,0,0,0
4214,GTR,Turkey,Turkey,Region International,WLO,Wheel Loaders,,<12,Volvo,VCE,Y,P,DES,2,0,0,,,0,0,0,0
4215,GTR,Turkey,Turkey,Region International,WLO,Wheel Loaders,,<12,XCMG,XCM,Y,P,DES,5,0,0,,,0,0,0,0
4216,GTR,Turkey,Turkey,Region International,WLO,Wheel Loaders,,<12,Zoomlion,ZOO,,P,DES,20,0,0,,,0,0,0,0
4217,GTR,Turkey,Turkey,Region International,WLO,Wheel Loaders,,>12,Case,CAS,Y,P,DES,39,0,0,,,0,0,0,0
4218,GTR,Turkey,Turkey,Region International,WLO,Wheel Loaders,,>12,Caterpillar Inc,,Y,P,DES,286,0,0,,,0,0,0,0
4219,GTR,Turkey,Turkey,Region International,WLO,Wheel Loaders,,>12,Hidromek,HID,Y,P,DES,77,0,0,,,0,0,0,0
4220,GTR,Turkey,Turkey,Region International,WLO,Wheel Loaders,,>12,Hitachi,HIT,Y,P,DES,131,0,0,,,0,0,0,0
4221,GTR,Turkey,Turkey,Region International,WLO,Wheel Loaders,,>12,Komatsu,KOM,Y,P,DES,257,0,0,,,0,0,0,0
4222,GTR,Turkey,Turkey,Region International,WLO,Wheel Loaders,,>12,Liebherr,LIE,Y,P,DES,64,0,0,,,0,0,0,0
4223,GTR,Turkey,Turkey,Region International,WLO,Wheel Loaders,,>12,Liugong,LIU,Y,P,DES,39,0,0,,,0,0,0,0
4224,GTR,Turkey,Turkey,Region International,WLO,Wheel Loaders,,>12,Volvo,VCE,Y,P,DES,289,0,0,,,0,0,0,0
4225,GTR,Turkey,Turkey,Region International,WLO,Wheel Loaders,,>12,XCMG,XCM,Y,P,DES,103,0,0,,,0,0,0,0
4226,GTW,Taiwan,Taiwan,Region Asia,330,Articulated Haulers,,#,Volvo,VCE,Y,P,DES,25,0,0,,,0,0,0,0
4227,GTW,Taiwan,Taiwan,Region Asia,390,Compaction Machines,,,Dynapac,DYN,,P,DES,39.5,0,0,,,0,0,1,1
4228,GTW,Taiwan,Taiwan,Region Asia,390,Compaction Machines,,,Sakai,SAK,,P,DES,39.5,0,0,,,0,0,1,1
4229,GTW,Taiwan,Taiwan,Region Asia,390,Compaction Machines,,,SDLG,LIN,,P,DES,1,0,0,,,0,0,1,1
4230,GTW,Taiwan,Taiwan,Region Asia,390,Compaction Machines,,,Volvo,VCE,,P,DES,4,0,0,,,0,0,1,1
4231,GTW,Taiwan,Taiwan,Region Asia,CEX,Compact Excavators,,<10T,Caterpillar Inc,,Y,P,DES,8,0,0,,,0,0,0,0
4232,GTW,Taiwan,Taiwan,Region Asia,CEX,Compact Excavators,,<10T,Develon,DOO,Y,P,DES,50,0,0,,,0,0,0,0
4233,GTW,Taiwan,Taiwan,Region Asia,CEX,Compact Excavators,,<10T,Hitachi,HIT,Y,P,DES,100,0,0,,,0,0,0,0
4234,GTW,Taiwan,Taiwan,Region Asia,CEX,Compact Excavators,,<10T,Kobelco,KOB,Y,P,DES,31,0,0,,,0,0,0,0
4235,GTW,Taiwan,Taiwan,Region Asia,CEX,Compact Excavators,,<10T,Sany,SNY,Y,P,DES,60,0,0,,,0,0,0,0
4236,GTW,Taiwan,Taiwan,Region Asia,CEX,Compact Excavators,,<10T,SDLG,LIN,Y,P,DES,2,0,0,,,0,0,0,0
4237,GTW,Taiwan,Taiwan,Region Asia,CEX,Compact Excavators,,<10T,Sunward,SUN,Y,P,DES,10,0,0,,,0,0,0,0
4238,GTW,Taiwan,Taiwan,Region Asia,CEX,Compact Excavators,,<10T,Volvo,VCE,Y,P,DES,1,0,0,,,0,0,0,0
4239,GTW,Taiwan,Taiwan,Region Asia,CEX,Compact Excavators,,<10T,XCMG,XCM,Y,P,DES,6,0,0,,,0,0,0,0
4240,GTW,Taiwan,Taiwan,Region Asia,CEX,Compact Excavators,,<10T,Yanmar,YAN,Y,P,DES,75,0,0,,,0,0,0,0
4241,GTW,Taiwan,Taiwan,Region Asia,GEC,GPE Excavators Crawled,,>10T,Case,CAS,Y,P,DES,20,0,0,,,0,0,0,0
4242,GTW,Taiwan,Taiwan,Region Asia,GEC,GPE Excavators Crawled,,>10T,Caterpillar Inc,,Y,P,DES,83,0,0,,,0,0,0,0
4243,GTW,Taiwan,Taiwan,Region Asia,GEC,GPE Excavators Crawled,,>10T,Develon,DOO,Y,P,DES,10,0,0,,,0,0,0,0
4244,GTW,Taiwan,Taiwan,Region Asia,GEC,GPE Excavators Crawled,,>10T,Hitachi,HIT,Y,P,DES,130,0,0,,,0,0,0,0
4245,GTW,Taiwan,Taiwan,Region Asia,GEC,GPE Excavators Crawled,,>10T,Hyundai,HYU,Y,P,DES,70,0,0,,,0,0,0,0
4246,GTW,Taiwan,Taiwan,Region Asia,GEC,GPE Excavators Crawled,,>10T,Komatsu,KOM,Y,P,DES,125,0,0,,,0,0,0,0
4247,GTW,Taiwan,Taiwan,Region Asia,GEC,GPE Excavators Crawled,,>10T,Liugong,LIU,Y,P,DES,30,0,0,,,0,0,0,0
4248,GTW,Taiwan,Taiwan,Region Asia,GEC,GPE Excavators Crawled,,>10T,Sany,SNY,Y,P,DES,27,0,0,,,0,0,0,0
4249,GTW,Taiwan,Taiwan,Region Asia,GEC,GPE Excavators Crawled,,>10T,SDLG,LIN,Y,P,DES,6,0,0,,,0,0,0,0
4250,GTW,Taiwan,Taiwan,Region Asia,GEC,GPE Excavators Crawled,,>10T,Volvo,VCE,Y,P,DES,40,0,0,,,0,0,0,0
4251,GTW,Taiwan,Taiwan,Region Asia,GEC,GPE Excavators Crawled,,>10T,XCMG,XCM,Y,P,DES,10,0,0,,,0,0,0,0
4252,GTW,Taiwan,Taiwan,Region Asia,GEW,GPE Excavators Wheeled,,>11T,Hyundai,HYU,Y,P,DES,2,0,0,,,0,0,0,0
4253,GTW,Taiwan,Taiwan,Region Asia,WLO,Wheel Loaders,,<12,Hitachi,HIT,Y,P,DES,10,0,0,,,0,0,0,0
4254,GTW,Taiwan,Taiwan,Region Asia,WLO,Wheel Loaders,,<12,Komatsu,KOM,Y,P,DES,15,0,0,,,0,0,0,0
4255,GTW,Taiwan,Taiwan,Region Asia,WLO,Wheel Loaders,,<12,SDLG,LIN,Y,P,DES,1,0,0,,,0,0,0,0
4256,GTW,Taiwan,Taiwan,Region Asia,WLO,Wheel Loaders,,<12,XCMG,XCM,Y,P,DES,7,0,0,,,0,0,0,0
4257,GTW,Taiwan,Taiwan,Region Asia,WLO,Wheel Loaders,,>12,Caterpillar Inc,,Y,P,DES,1,0,0,,,0,0,0,0
4258,GTW,Taiwan,Taiwan,Region Asia,WLO,Wheel Loaders,,>12,Hitachi,HIT,Y,P,DES,6,0,0,,,0,0,0,0
4259,GTW,Taiwan,Taiwan,Region Asia,WLO,Wheel Loaders,,>12,Komatsu,KOM,Y,P,DES,7,0,0,,,0,0,0,0
4260,GTW,Taiwan,Taiwan,Region Asia,WLO,Wheel Loaders,,>12,Liugong,LIU,Y,P,DES,9,0,0,,,0,0,0,0
4261,GTW,Taiwan,Taiwan,Region Asia,WLO,Wheel Loaders,,>12,Lonking,LON,,P,DES,2,0,0,,,0,0,1,1
4262,GTW,Taiwan,Taiwan,Region Asia,WLO,Wheel Loaders,,>12,SDLG,LIN,Y,P,DES,11,0,0,,,0,0,0,0
4263,GTW,Taiwan,Taiwan,Region Asia,WLO,Wheel Loaders,,>12,SEM,SEM,Y,P,DES,3,0,0,,,0,0,0,0
4264,GTW,Taiwan,Taiwan,Region Asia,WLO,Wheel Loaders,,>12,Volvo,VCE,Y,P,DES,2,0,0,,,0,0,0,0
4265,GTW,Taiwan,Taiwan,Region Asia,WLO,Wheel Loaders,,>12,XCMG,XCM,Y,P,DES,13,0,0,,,0,0,0,0
4266,GUK,United Kingdom,United Kingdom,Region Europe,330,Articulated Haulers,,,Bell,BEL,,P,OHR,110,0,0,,,0,0,1,1
4267,GUK,United Kingdom,United Kingdom,Region Europe,330,Articulated Haulers,,#,Caterpillar Inc,,Y,P,OHR,100,0,0,,,0,0,0,0
4268,GUK,United Kingdom,United Kingdom,Region Europe,330,Articulated Haulers,,#,Develon,DOO,Y,P,OHR,25,0,0,,,0,0,0,0
4269,GUK,United Kingdom,United Kingdom,Region Europe,330,Articulated Haulers,,,Hydrema,HYD,,P,OHR,10,0,0,,,0,0,1,1
4270,GUK,United Kingdom,United Kingdom,Region Europe,330,Articulated Haulers,,#,Komatsu,KOM,Y,P,OHR,24,0,0,,,0,0,0,0
4271,GUK,United Kingdom,United Kingdom,Region Europe,330,Articulated Haulers,,#,Liebherr,LIE,Y,P,OHR,8,0,0,,,0,0,0,0
4272,GUK,United Kingdom,United Kingdom,Region Europe,330,Articulated Haulers,,,OTN,OTN,,P,OHR,14,0,0,,,0,0,1,1
4273,GUK,United Kingdom,United Kingdom,Region Europe,330,Articulated Haulers,,#,Rokbak,,Y,P,OHR,7,0,0,,,0,0,0,0
4274,GUK,United Kingdom,United Kingdom,Region Europe,330,Articulated Haulers,,#,Volvo,VCE,Y,P,OHR,222,0,0,,,0,0,0,0
4275,GUK,United Kingdom,United Kingdom,Region Europe,340,Rigid Haulers,,#,Caterpillar Inc,,Y,P,OHR,14,0,0,,,0,0,0,0
4276,GUK,United Kingdom,United Kingdom,Region Europe,340,Rigid Haulers,,#,Komatsu,KOM,Y,P,OHR,4,0,0,,,0,0,0,0
4277,GUK,United Kingdom,United Kingdom,Region Europe,380,Motor Graders,,#,Case,CAS,Y,P,OHR,2,0,0,,,0,0,0,0
4278,GUK,United Kingdom,United Kingdom,Region Europe,380,Motor Graders,,#,Caterpillar Inc,,Y,P,OHR,6,0,0,,,0,0,0,0
4279,GUK,United Kingdom,United Kingdom,Region Europe,380,Motor Graders,,#,Komatsu,KOM,Y,P,OHR,2,0,0,,,0,0,0,0
4280,GUK,United Kingdom,United Kingdom,Region Europe,410,Backhoe Loaders,,,Case,CAS,,P,OHR,35,0,0,,,0,0,1,1
4281,GUK,United Kingdom,United Kingdom,Region Europe,410,Backhoe Loaders,,,Caterpillar Inc,CAT,,P,OHR,10,0,0,,,0,0,1,1
4282,GUK,United Kingdom,United Kingdom,Region Europe,410,Backhoe Loaders,,,JCB,JCB,,P,OHR,392,0,0,,,0,0,1,1
4283,GUK,United Kingdom,United Kingdom,Region Europe,410,Backhoe Loaders,,,Komatsu,KOM,,P,OHR,2,0,0,,,0,0,1,1
4284,GUK,United Kingdom,United Kingdom,Region Europe,410,Backhoe Loaders,,,Mecalac,MEC,,P,OHR,2,0,0,,,0,0,1,1
4285,GUK,United Kingdom,United Kingdom,Region Europe,410,Backhoe Loaders,,,New Holland,NEW,,P,OHR,10,0,0,,,0,0,1,1
4286,GUK,United Kingdom,United Kingdom,Region Europe,410,Backhoe Loaders,,,OTN,OTN,,P,OHR,29,0,0,,,0,0,1,1
4287,GUK,United Kingdom,United Kingdom,Region Europe,CEX,Compact Excavators,,<6T,Bobcat,BOB,Y,P,OHR,938,0,0,,,0,0,0,0
4288,GUK,United Kingdom,United Kingdom,Region Europe,CEX,Compact Excavators,,<6T,Case,CAS,Y,P,OHR,70,0,0,,,0,0,0,0
4289,GUK,United Kingdom,United Kingdom,Region Europe,CEX,Compact Excavators,,<6T,Caterpillar Inc,,Y,P,OHR,450,0,0,,,0,0,0,0
4290,GUK,United Kingdom,United Kingdom,Region Europe,CEX,Compact Excavators,,<6T,Develon,DOO,Y,P,OHR,461,0,0,,,0,0,0,0
4291,GUK,United Kingdom,United Kingdom,Region Europe,CEX,Compact Excavators,,<6T,Hitachi,HIT,Y,P,OHR,975,0,0,,,0,0,0,0
4292,GUK,United Kingdom,United Kingdom,Region Europe,CEX,Compact Excavators,,<6T,Hyundai,HYU,Y,P,OHR,154,0,0,,,0,0,0,0
4293,GUK,United Kingdom,United Kingdom,Region Europe,CEX,Compact Excavators,,<6T,JCB,JCB,Y,P,OHR,1504,0,0,,,0,0,0,0
4294,GUK,United Kingdom,United Kingdom,Region Europe,CEX,Compact Excavators,,<6T,Kato Imer,KAT,Y,P,OHR,100,0,0,,,0,0,0,0
4295,GUK,United Kingdom,United Kingdom,Region Europe,CEX,Compact Excavators,,<6T,Kobelco,KOB,Y,P,OHR,230,0,0,,,0,0,0,0
4296,GUK,United Kingdom,United Kingdom,Region Europe,CEX,Compact Excavators,,<6T,Komatsu,KOM,Y,P,OHR,149,0,0,,,0,0,0,0
4297,GUK,United Kingdom,United Kingdom,Region Europe,CEX,Compact Excavators,,<6T,Kubota,KUB,Y,P,OHR,3796,0,0,,,0,0,0,0
4298,GUK,United Kingdom,United Kingdom,Region Europe,CEX,Compact Excavators,,<6T,Liugong,LIU,Y,P,OHR,119,0,0,,,0,0,0,0
4299,GUK,United Kingdom,United Kingdom,Region Europe,CEX,Compact Excavators,,<6T,New Holland,NEW,Y,P,OHR,35,0,0,,,0,0,0,0
4300,GUK,United Kingdom,United Kingdom,Region Europe,CEX,Compact Excavators,,<6T,OTN,OTN,,P,OHR,39,0,0,,,1,1,1,1
4301,GUK,United Kingdom,United Kingdom,Region Europe,CEX,Compact Excavators,,<6T,Sany,SNY,Y,P,OHR,700,0,0,,,0,0,0,0
4302,GUK,United Kingdom,United Kingdom,Region Europe,CEX,Compact Excavators,,<6T,Sunward,SUN,Y,P,OHR,231,0,0,,,0,0,0,0
4303,GUK,United Kingdom,United Kingdom,Region Europe,CEX,Compact Excavators,,<6T,Takeuchi,TAK,,P,OHR,1850,0,0,,,1,1,1,1
4304,GUK,United Kingdom,United Kingdom,Region Europe,CEX,Compact Excavators,,<6T,Volvo,VCE,Y,P,OHR,240,0,0,,,0,0,0,0
4305,GUK,United Kingdom,United Kingdom,Region Europe,CEX,Compact Excavators,,<6T,Wacker Neuson,WAN,Y,P,OHR,400,0,0,,,0,0,0,0
4306,GUK,United Kingdom,United Kingdom,Region Europe,CEX,Compact Excavators,,<6T,XCMG,XCM,,P,OHR,109,0,0,,,1,1,1,1
4307,GUK,United Kingdom,United Kingdom,Region Europe,CEX,Compact Excavators,,<6T,Yanmar,YAN,Y,P,OHR,350,0,0,,,0,0,0,0
4308,GUK,United Kingdom,United Kingdom,Region Europe,GEC,GPE Excavators Crawled,,>6T,Bobcat,BOB,Y,P,OHR,11,0,0,,,0,0,0,0
4309,GUK,United Kingdom,United Kingdom,Region Europe,GEC,GPE Excavators Crawled,,>6T,Case,CAS,Y,P,OHR,272,0,0,,,0,0,0,0
4310,GUK,United Kingdom,United Kingdom,Region Europe,GEC,GPE Excavators Crawled,,>6T,Caterpillar Inc,,Y,P,OHR,725,0,0,,,0,0,0,0
4311,GUK,United Kingdom,United Kingdom,Region Europe,GEC,GPE Excavators Crawled,,>6T,Develon,DOO,Y,P,OHR,444,0,0,,,0,0,0,0
4312,GUK,United Kingdom,United Kingdom,Region Europe,GEC,GPE Excavators Crawled,,>6T,Eurocomach,EUR,Y,P,OHR,2,0,0,,,0,0,0,0
4313,GUK,United Kingdom,United Kingdom,Region Europe,GEC,GPE Excavators Crawled,,>6T,Hitachi,HIT,Y,P,OHR,765,0,0,,,0,0,0,0
4314,GUK,United Kingdom,United Kingdom,Region Europe,GEC,GPE Excavators Crawled,,>6T,Hyundai,HYU,Y,P,OHR,193,0,0,,,0,0,0,0
4315,GUK,United Kingdom,United Kingdom,Region Europe,GEC,GPE Excavators Crawled,,>6T,JCB,JCB,Y,P,OHR,829,0,0,,,0,0,0,0
4316,GUK,United Kingdom,United Kingdom,Region Europe,GEC,GPE Excavators Crawled,,>6T,Kobelco,KOB,Y,P,OHR,636,0,0,,,0,0,0,0
4317,GUK,United Kingdom,United Kingdom,Region Europe,GEC,GPE Excavators Crawled,,>6T,Komatsu,KOM,Y,P,OHR,395,0,0,,,0,0,0,0
4318,GUK,United Kingdom,United Kingdom,Region Europe,GEC,GPE Excavators Crawled,,>6T,Kubota,KUB,Y,P,OHR,688,0,0,,,0,0,0,0
4319,GUK,United Kingdom,United Kingdom,Region Europe,GEC,GPE Excavators Crawled,,>6T,Liebherr,LIE,Y,P,OHR,75,0,0,,,0,0,0,0
4320,GUK,United Kingdom,United Kingdom,Region Europe,GEC,GPE Excavators Crawled,,>6T,Liugong,LIU,Y,P,OHR,155,0,0,,,0,0,0,0
4321,GUK,United Kingdom,United Kingdom,Region Europe,GEC,GPE Excavators Crawled,,>6T,Mecalac,MEC,Y,P,OHR,3,0,0,,,0,0,0,0
4322,GUK,United Kingdom,United Kingdom,Region Europe,GEC,Crawler Excavators,,>6T,OTN,OTN,,P,OHR,216,0,0,,,0,0,1,1
4323,GUK,United Kingdom,United Kingdom,Region Europe,GEC,GPE Excavators Crawled,,>6T,Sany,SNY,Y,P,OHR,335,0,0,,,0,0,0,0
4324,GUK,United Kingdom,United Kingdom,Region Europe,GEC,GPE Excavators Crawled,,>6T,Sunward,SUN,Y,P,OHR,63,0,0,,,0,0,0,0
4325,GUK,United Kingdom,United Kingdom,Region Europe,GEC,Crawler Excavators,,>6T,Takeuchi,TAK,,P,OHR,210,0,0,,,0,0,1,1
4326,GUK,United Kingdom,United Kingdom,Region Europe,GEC,GPE Excavators Crawled,,>6T,Volvo,VCE,Y,P,OHR,468,0,0,,,0,0,0,0
4327,GUK,United Kingdom,United Kingdom,Region Europe,GEC,GPE Excavators Crawled,,>6T,Wacker Neuson,WAN,Y,P,OHR,90,0,0,,,0,0,0,0
4328,GUK,United Kingdom,United Kingdom,Region Europe,GEC,Crawler Excavators,,>6T,XCMG,XCM,,P,OHR,65,0,0,,,0,0,1,1
4329,GUK,United Kingdom,United Kingdom,Region Europe,GEC,GPE Excavators Crawled,,>6T,Yanmar,YAN,Y,P,OHR,60,0,0,,,0,0,0,0
4330,GUK,United Kingdom,United Kingdom,Region Europe,GEW,GPE Excavators Wheeled,,>6T,Case,CAS,Y,P,OHR,12,0,0,,,0,0,0,0
4331,GUK,United Kingdom,United Kingdom,Region Europe,GEW,GPE Excavators Wheeled,,>6T,Caterpillar Inc,,Y,P,OHR,50,0,0,,,0,0,0,0
4332,GUK,United Kingdom,United Kingdom,Region Europe,GEW,GPE Excavators Wheeled,,>6T,Develon,DOO,Y,P,OHR,39,0,0,,,0,0,0,0
4333,GUK,United Kingdom,United Kingdom,Region Europe,GEW,Wheeled Excavators,,>6T,Fuchs,FUH,,P,OHR,20,0,0,,,0,0,1,1
4334,GUK,United Kingdom,United Kingdom,Region Europe,GEW,GPE Excavators Wheeled,,>6T,Hitachi,HIT,Y,P,OHR,10,0,0,,,0,0,0,0
4335,GUK,United Kingdom,United Kingdom,Region Europe,GEW,GPE Excavators Wheeled,,>6T,Hyundai,HYU,Y,P,OHR,18,0,0,,,0,0,0,0
4336,GUK,United Kingdom,United Kingdom,Region Europe,GEW,GPE Excavators Wheeled,,>6T,JCB,JCB,Y,P,OHR,56,0,0,,,0,0,0,0
4337,GUK,United Kingdom,United Kingdom,Region Europe,GEW,GPE Excavators Wheeled,,>6T,Komatsu,KOM,Y,P,OHR,30,0,0,,,0,0,0,0
4338,GUK,United Kingdom,United Kingdom,Region Europe,GEW,GPE Excavators Wheeled,,>6T,Liebherr,LIE,Y,P,OHR,75,0,0,,,0,0,0,0
4339,GUK,United Kingdom,United Kingdom,Region Europe,GEW,GPE Excavators Wheeled,,>6T,Mecalac,MEC,Y,P,OHR,5,0,0,,,0,0,0,0
4340,GUK,United Kingdom,United Kingdom,Region Europe,GEW,GPE Excavators Wheeled,,>6T,Sany,SNY,Y,P,OHR,8,0,0,,,0,0,0,0
4341,GUK,United Kingdom,United Kingdom,Region Europe,GEW,Wheeled Excavators,,>6T,Takeuchi,TAK,,P,OHR,12,0,0,,,0,0,1,1
4342,GUK,United Kingdom,United Kingdom,Region Europe,GEW,GPE Excavators Wheeled,,>6T,Volvo,VCE,Y,P,OHR,33,0,0,,,0,0,0,0
4343,GUK,United Kingdom,United Kingdom,Region Europe,GEW,GPE Excavators Wheeled,,>6T,Yanmar,YAN,Y,P,OHR,2,0,0,,,0,0,0,0
4344,GUK,United Kingdom,United Kingdom,Region Europe,WLO,Wheel Loaders,,<10,Bobcat,BOB,Y,P,OHR,7,0,0,,,0,0,0,0
4345,GUK,United Kingdom,United Kingdom,Region Europe,WLO,Wheel Loaders,,<10,Case,CAS,Y,P,OHR,5,0,0,,,0,0,0,0
4346,GUK,United Kingdom,United Kingdom,Region Europe,WLO,Wheel Loaders,,<10,Caterpillar Inc,,Y,P,OHR,15,0,0,,,0,0,0,0
4347,GUK,United Kingdom,United Kingdom,Region Europe,WLO,Wheel Loaders,,<10,Claas,,Y,P,OHR,5,0,0,,,0,0,0,0
4348,GUK,United Kingdom,United Kingdom,Region Europe,WLO,Wheel Loaders,,<10,Develon,DOO,Y,P,OHR,5,0,0,,,0,0,0,0
4349,GUK,United Kingdom,United Kingdom,Region Europe,WLO,Wheel Loaders,,<10,Dieci,DIE,,P,OHR,15,0,0,,,0,0,0,0
4350,GUK,United Kingdom,United Kingdom,Region Europe,WLO,Wheel Loaders,,<10,JCB,JCB,Y,P,OHR,76,0,0,,,0,0,0,0
4351,GUK,United Kingdom,United Kingdom,Region Europe,WLO,Wheel Loaders,,<10,Kramer,KRA,Y,P,OHR,65,0,0,,,0,0,0,0
4352,GUK,United Kingdom,United Kingdom,Region Europe,WLO,Wheel Loaders,,<10,Kubota,KUB,Y,P,OHR,19,0,0,,,0,0,0,0
4353,GUK,United Kingdom,United Kingdom,Region Europe,WLO,Wheel Loaders,,<10,Liebherr,LIE,Y,P,OHR,3,0,0,,,0,0,0,0
4354,GUK,United Kingdom,United Kingdom,Region Europe,WLO,Wheel Loaders,,<10,Manitou,MTU,Y,P,OHR,24,0,0,,,0,0,0,0
4355,GUK,United Kingdom,United Kingdom,Region Europe,WLO,Wheel Loaders,,<10,New Holland,NEW,Y,P,OHR,3,0,0,,,0,0,0,0
4356,GUK,United Kingdom,United Kingdom,Region Europe,WLO,Wheel Loaders,,<10,Tobroco Machines,TOB,,P,OHR,25,0,0,,,0,0,0,0
4357,GUK,United Kingdom,United Kingdom,Region Europe,WLO,Wheel Loaders,,<10,Volvo,VCE,Y,P,OHR,2,0,0,,,0,0,0,0
4358,GUK,United Kingdom,United Kingdom,Region Europe,WLO,Wheel Loaders,,<10,Wacker Neuson,WAN,Y,P,OHR,10,0,0,,,0,0,0,0
4359,GUK,United Kingdom,United Kingdom,Region Europe,WLO,Wheel Loaders,,>10,Atlas Weyhausen,ATW,Y,P,OHR,1,0,0,,,0,0,0,0
4360,GUK,United Kingdom,United Kingdom,Region Europe,WLO,Wheel Loaders,,>10,Case,CAS,Y,P,OHR,75,0,0,,,0,0,0,0
4361,GUK,United Kingdom,United Kingdom,Region Europe,WLO,Wheel Loaders,,>10,Caterpillar Inc,,Y,P,OHR,105,0,0,,,0,0,0,0
4362,GUK,United Kingdom,United Kingdom,Region Europe,WLO,Wheel Loaders,,>10,Claas,,Y,P,OHR,2,0,0,,,0,0,0,0
4363,GUK,United Kingdom,United Kingdom,Region Europe,WLO,Wheel Loaders,,>10,Develon,DOO,Y,P,OHR,95,0,0,,,0,0,0,0
4364,GUK,United Kingdom,United Kingdom,Region Europe,WLO,Wheel Loaders,,>10,Dieci,DIE,,P,OHR,2,0,0,,,0,0,1,1
4365,GUK,United Kingdom,United Kingdom,Region Europe,WLO,Wheel Loaders,,>10,Hyundai,HYU,Y,P,OHR,60,0,0,,,0,0,0,0
4366,GUK,United Kingdom,United Kingdom,Region Europe,WLO,Wheel Loaders,,>10,JCB,JCB,Y,P,OHR,172,0,0,,,0,0,0,0
4367,GUK,United Kingdom,United Kingdom,Region Europe,WLO,Wheel Loaders,,>10,Komatsu,KOM,Y,P,OHR,35,0,0,,,0,0,0,0
4368,GUK,United Kingdom,United Kingdom,Region Europe,WLO,Wheel Loaders,,>10,Kramer,KRA,Y,P,OHR,8,0,0,,,0,0,0,0
4369,GUK,United Kingdom,United Kingdom,Region Europe,WLO,Wheel Loaders,,>10,Liebherr,LIE,Y,P,OHR,25,0,0,,,0,0,0,0
4370,GUK,United Kingdom,United Kingdom,Region Europe,WLO,Wheel Loaders,,>10,Liugong,LIU,Y,P,OHR,19,0,0,,,0,0,0,0
4371,GUK,United Kingdom,United Kingdom,Region Europe,WLO,Wheel Loaders,,>10,New Holland,NEW,Y,P,OHR,3,0,0,,,0,0,0,0
4372,GUK,United Kingdom,United Kingdom,Region Europe,WLO,Wheel Loaders,,>10,OTN,OTN,,P,OHR,6,0,0,,,0,0,1,1
4373,GUK,United Kingdom,United Kingdom,Region Europe,WLO,Wheel Loaders,,>10,Volvo,VCE,Y,P,OHR,293,0,0,,,0,0,0,0
4374,GUK,United Kingdom,United Kingdom,Region Europe,WLO,Wheel Loaders,,>10,Wacker Neuson,WAN,Y,P,OHR,5,0,0,,,0,0,0,0
4375,GUS,USA,United States,Region North America,330,Articulated Haulers,,#,Bell,BEL,Y,P,OHR,580,0,0,,,0,0,0,0
4376,GUS,USA,United States,Region North America,330,Articulated Haulers,,#,Caterpillar Inc,,Y,P,OHR,2050,0,0,,,0,0,0,0
4377,GUS,USA,United States,Region North America,330,Articulated Haulers,,#,Deere,JOH,Y,P,OHR,980,0,0,,,0,0,0,0
4378,GUS,USA,United States,Region North America,330,Articulated Haulers,,#,Develon,DOO,Y,P,OHR,59,0,0,,,0,0,0,0
4379,GUS,USA,United States,Region North America,330,Articulated Haulers,,,Hydrema,HYD,,P,OHR,60,0,0,,,0,0,1,1
4380,GUS,USA,United States,Region North America,330,Articulated Haulers,,#,Hyundai,HYU,Y,P,OHR,10,0,0,,,0,0,0,0
4381,GUS,USA,United States,Region North America,330,Articulated Haulers,,#,Komatsu,KOM,Y,P,OHR,350,0,0,,,0,0,0,0
4382,GUS,USA,United States,Region North America,330,Articulated Haulers,,,OTN,OTN,,P,OHR,12,0,0,,,0,0,1,1
4383,GUS,USA,United States,Region North America,330,Articulated Haulers,,#,Rokbak,,Y,P,OHR,144,0,0,,,0,0,0,0
4384,GUS,USA,United States,Region North America,330,Articulated Haulers,,#,Volvo,VCE,Y,P,OHR,1255,0,0,,,0,0,0,0
4385,GUS,USA,United States,Region North America,340,Rigid Haulers,,#,Caterpillar Inc,,Y,P,OHR,300,0,0,,,0,0,0,0
4386,GUS,USA,United States,Region North America,340,Rigid Haulers,,#,Hitachi,HIT,Y,P,OHR,5,0,0,,,0,0,0,0
4387,GUS,USA,United States,Region North America,340,Rigid Haulers,,#,Komatsu,KOM,Y,P,OHR,170,0,0,,,0,0,0,0
4388,GUS,USA,United States,Region North America,340,Rigid Haulers,,#,Liebherr,LIE,Y,P,OHR,5,0,0,,,0,0,0,0
4389,GUS,USA,United States,Region North America,340,Rigid Haulers,,,OTN,OTN,,P,OHR,13,0,0,,,0,0,1,1
4390,GUS,USA,United States,Region North America,340,Rigid Haulers,,,Rimpull,RIM,,P,OHR,5,0,0,,,0,0,1,1
4391,GUS,USA,United States,Region North America,340,Rigid Haulers,,#,Volvo,VCE,Y,P,OHR,2,0,0,,,0,0,0,0
4392,GUS,USA,United States,Region North America,380,Motor Graders,,#,Case,CAS,Y,P,OHR,45,0,0,,,0,0,0,0
4393,GUS,USA,United States,Region North America,380,Motor Graders,,#,Caterpillar Inc,,Y,P,OHR,1175,0,0,,,0,0,0,0
4394,GUS,USA,United States,Region North America,380,Motor Graders,,#,Deere,JOH,Y,P,OHR,1050,0,0,,,0,0,0,0
4395,GUS,USA,United States,Region North America,380,Motor Graders,,#,Komatsu,KOM,Y,P,OHR,70,0,0,,,0,0,0,0
4396,GUS,USA,United States,Region North America,380,Motor Graders,,,Leeboy,LEE,,P,OHR,10,0,0,,,0,0,1,1
4397,GUS,USA,United States,Region North America,380,Motor Graders,,,OTN,OTN,,P,OHR,85,0,0,,,0,0,1,1
4398,GUS,USA,United States,Region North America,380,Motor Graders,,#,Sany,SNY,Y,P,OHR,55,0,0,,,0,0,0,0
4399,GUS,USA,United States,Region North America,380,Motor Graders,,,Weiler,WEL,,P,OHR,10,0,0,,,0,0,1,1
4400,GUS,USA,United States,Region North America,410,Backhoe Loaders,,,Case,CAS,,P,OHR,1550,0,0,,,0,0,1,1
4401,GUS,USA,United States,Region North America,410,Backhoe Loaders,,,Caterpillar Inc,CAT,,P,OHR,2010,0,0,,,0,0,1,1
4402,GUS,USA,United States,Region North America,410,Backhoe Loaders,,,Deere,JOH,,P,OHR,2440,0,0,,,0,0,1,1
4403,GUS,USA,United States,Region North America,410,Backhoe Loaders,,,JCB,JCB,,P,OHR,608,0,0,,,0,0,1,1
4404,GUS,USA,United States,Region North America,410,Backhoe Loaders,,,Komatsu,KOM,,P,OHR,100,0,0,,,0,0,1,1
4405,GUS,USA,United States,Region North America,410,Backhoe Loaders,,,Liugong,LIU,,P,OHR,45,0,0,,,0,0,1,1
4406,GUS,USA,United States,Region North America,410,Backhoe Loaders,,,Manitou,MTU,,P,OHR,5,0,0,,,0,0,1,1
4407,GUS,USA,United States,Region North America,410,Backhoe Loaders,,,New Holland,NEW,,P,OHR,235,0,0,,,0,0,1,1
4408,GUS,USA,United States,Region North America,410,Backhoe Loaders,,,OTN,OTN,,P,OHR,107,0,0,,,0,0,1,1
4409,GUS,USA,United States,Region North America,CEX,Compact Excavators,,<6T,Bobcat,BOB,Y,P,OHR,12045,0,0,,,0,0,0,0
4410,GUS,USA,United States,Region North America,CEX,Compact Excavators,,<6T,Case,CAS,Y,P,OHR,1200,0,0,,,0,0,0,0
4411,GUS,USA,United States,Region North America,CEX,Compact Excavators,,<6T,Caterpillar Inc,,Y,P,OHR,6895,0,0,,,0,0,0,0
4412,GUS,USA,United States,Region North America,CEX,Compact Excavators,,<6T,Deere,JOH,Y,P,OHR,7160,0,0,,,0,0,0,0
4413,GUS,USA,United States,Region North America,CEX,Compact Excavators,,<6T,Develon,DOO,Y,P,OHR,538,0,0,,,0,0,0,0
4414,GUS,USA,United States,Region North America,CEX,Compact Excavators,,<6T,Hitachi,HIT,Y,P,OHR,290,0,0,,,0,0,0,0
4415,GUS,USA,United States,Region North America,CEX,Compact Excavators,,<6T,Hyundai,HYU,Y,P,OHR,285,0,0,,,0,0,0,0
4416,GUS,USA,United States,Region North America,CEX,Compact Excavators,,<6T,JCB,JCB,Y,P,OHR,577,0,0,,,0,0,0,0
4417,GUS,USA,United States,Region North America,CEX,Compact Excavators,,<6T,Kato Imer,KAT,,P,OHR,440,0,0,,,1,1,1,1
4418,GUS,USA,United States,Region North America,CEX,Compact Excavators,,<6T,Kobelco,KOB,Y,P,OHR,530,0,0,,,0,0,0,0
4419,GUS,USA,United States,Region North America,CEX,Compact Excavators,,<6T,Komatsu,KOM,Y,P,OHR,1885,0,0,,,0,0,0,0
4420,GUS,USA,United States,Region North America,CEX,Compact Excavators,,<6T,Kubota,KUB,Y,P,OHR,13925,0,0,,,0,0,0,0
4421,GUS,USA,United States,Region North America,CEX,Compact Excavators,,<6T,Liugong,LIU,Y,P,OHR,55,0,0,,,0,0,0,0
4422,GUS,USA,United States,Region North America,CEX,Compact Excavators,,<6T,Mecalac,MEC,Y,P,OHR,70,0,0,,,0,0,0,0
4423,GUS,USA,United States,Region North America,CEX,Compact Excavators,,<6T,New Holland,NEW,Y,P,OHR,550,0,0,,,0,0,0,0
4424,GUS,USA,United States,Region North America,CEX,Compact Excavators,,<6T,OTN,OTN,,P,OHR,234,0,0,,,1,1,1,1
4425,GUS,USA,United States,Region North America,CEX,Compact Excavators,,<6T,Sany,SNY,Y,P,OHR,1940,0,0,,,0,0,0,0
4426,GUS,USA,United States,Region North America,CEX,Compact Excavators,,<6T,Sunward,SUN,Y,P,OHR,240,0,0,,,0,0,0,0
4427,GUS,USA,United States,Region North America,CEX,Compact Excavators,,<6T,Takeuchi,TAK,Y,P,OHR,3675,0,0,,,0,0,0,0
4428,GUS,USA,United States,Region North America,CEX,Compact Excavators,,<6T,Volvo,VCE,Y,P,OHR,451,0,0,,,0,0,0,0
4429,GUS,USA,United States,Region North America,CEX,Compact Excavators,,<6T,Wacker Neuson,WAN,Y,P,OHR,460,0,0,,,0,0,0,0
4430,GUS,USA,United States,Region North America,CEX,Compact Excavators,,<6T,XCMG,XCM,Y,P,OHR,450,0,0,,,0,0,0,0
4431,GUS,USA,United States,Region North America,CEX,Compact Excavators,,<6T,Yanmar,YAN,Y,P,OHR,2475,0,0,,,0,0,0,0
4432,GUS,USA,United States,Region North America,GEC,GPE Excavators Crawled,,>6T,Bobcat,BOB,Y,P,OHR,1380,0,0,,,0,0,0,0
4433,GUS,USA,United States,Region North America,GEC,GPE Excavators Crawled,,>6T,Case,CAS,Y,P,OHR,800,0,0,,,0,0,0,0
4434,GUS,USA,United States,Region North America,GEC,GPE Excavators Crawled,,>6T,Caterpillar Inc,,Y,P,OHR,6895,0,0,,,0,0,0,0
4435,GUS,USA,United States,Region North America,GEC,GPE Excavators Crawled,,>6T,Deere,JOH,Y,P,OHR,5540,0,0,,,0,0,0,0
4436,GUS,USA,United States,Region North America,GEC,GPE Excavators Crawled,,>6T,Develon,DOO,Y,P,OHR,719,0,0,,,0,0,0,0
4437,GUS,USA,United States,Region North America,GEC,GPE Excavators Crawled,,>6T,Hitachi,HIT,Y,P,OHR,855,0,0,,,0,0,0,0
4438,GUS,USA,United States,Region North America,GEC,GPE Excavators Crawled,,>6T,Hyundai,HYU,Y,P,OHR,355,0,0,,,0,0,0,0
4439,GUS,USA,United States,Region North America,GEC,GPE Excavators Crawled,,>6T,JCB,JCB,Y,P,OHR,268,0,0,,,0,0,0,0
4440,GUS,USA,United States,Region North America,GEC,Crawler Excavators,,>6T,Kato Imer,KAT,,P,OHR,90,0,0,,,0,0,1,1
4441,GUS,USA,United States,Region North America,GEC,GPE Excavators Crawled,,>6T,Kobelco,KOB,Y,P,OHR,1365,0,0,,,0,0,0,0
4442,GUS,USA,United States,Region North America,GEC,GPE Excavators Crawled,,>6T,Komatsu,KOM,Y,P,OHR,5020,0,0,,,0,0,0,0
4443,GUS,USA,United States,Region North America,GEC,GPE Excavators Crawled,,>6T,Kubota,KUB,Y,P,OHR,1330,0,0,,,0,0,0,0
4444,GUS,USA,United States,Region North America,GEC,GPE Excavators Crawled,,>6T,Liebherr,LIE,Y,P,OHR,125,0,0,,,0,0,0,0
4445,GUS,USA,United States,Region North America,GEC,GPE Excavators Crawled,,>6T,Linkbelt,,Y,P,OHR,2950,0,0,,,0,0,0,0
4446,GUS,USA,United States,Region North America,GEC,GPE Excavators Crawled,,>6T,Liugong,LIU,Y,P,OHR,205,0,0,,,0,0,0,0
4447,GUS,USA,United States,Region North America,GEC,GPE Excavators Crawled,,>6T,Mecalac,MEC,Y,P,OHR,60,0,0,,,0,0,0,0
4448,GUS,USA,United States,Region North America,GEC,Crawler Excavators,,>6T,OTN,OTN,,P,OHR,203,0,0,,,0,0,1,1
4449,GUS,USA,United States,Region North America,GEC,GPE Excavators Crawled,,>6T,Sany,SNY,Y,P,OHR,1520,0,0,,,0,0,0,0
4450,GUS,USA,United States,Region North America,GEC,GPE Excavators Crawled,,>6T,Sunward,SUN,Y,P,OHR,45,0,0,,,0,0,0,0
4451,GUS,USA,United States,Region North America,GEC,GPE Excavators Crawled,,>6T,Takeuchi,TAK,Y,P,OHR,175,0,0,,,0,0,0,0
4452,GUS,USA,United States,Region North America,GEC,GPE Excavators Crawled,,>6T,Volvo,VCE,Y,P,OHR,1730,0,0,,,0,0,0,0
4453,GUS,USA,United States,Region North America,GEC,GPE Excavators Crawled,,>6T,Wacker Neuson,WAN,Y,P,OHR,85,0,0,,,0,0,0,0
4454,GUS,USA,United States,Region North America,GEC,GPE Excavators Crawled,,>6T,XCMG,XCM,Y,P,OHR,250,0,0,,,0,0,0,0
4455,GUS,USA,United States,Region North America,GEC,GPE Excavators Crawled,,>6T,Yanmar,YAN,Y,P,OHR,130,0,0,,,0,0,0,0
4456,GUS,USA,United States,Region North America,GEC,Crawler Excavators,,>6T,Zoomlion,ZOO,,P,OHR,5,0,0,,,0,0,1,1
4457,GUS,USA,United States,Region North America,GEW,GPE Excavators Wheeled,,>6T,Caterpillar Inc,,Y,P,OHR,120,0,0,,,0,0,0,0
4458,GUS,USA,United States,Region North America,GEW,GPE Excavators Wheeled,,>6T,Deere,JOH,Y,P,OHR,25,0,0,,,0,0,0,0
4459,GUS,USA,United States,Region North America,GEW,GPE Excavators Wheeled,,>6T,Develon,DOO,Y,P,OHR,19,0,0,,,0,0,0,0
4460,GUS,USA,United States,Region North America,GEW,GPE Excavators Wheeled,,>6T,Gradall,,Y,P,OHR,135,0,0,,,0,0,0,0
4461,GUS,USA,United States,Region North America,GEW,GPE Excavators Wheeled,,>6T,Hyundai,HYU,Y,P,OHR,15,0,0,,,0,0,0,0
4462,GUS,USA,United States,Region North America,GEW,GPE Excavators Wheeled,,>6T,JCB,JCB,Y,P,OHR,21,0,0,,,0,0,0,0
4463,GUS,USA,United States,Region North America,GEW,GPE Excavators Wheeled,,>6T,Liebherr,LIE,Y,P,OHR,10,0,0,,,0,0,0,0
4464,GUS,USA,United States,Region North America,GEW,GPE Excavators Wheeled,,>6T,Mecalac,MEC,Y,P,OHR,25,0,0,,,0,0,0,0
4465,GUS,USA,United States,Region North America,GEW,Wheeled Excavators,,>6T,OTN,OTN,,P,OHR,35,0,0,,,0,0,1,1
4466,GUS,USA,United States,Region North America,GEW,GPE Excavators Wheeled,,>6T,Volvo,VCE,Y,P,OHR,105,0,0,,,0,0,0,0
4467,GUS,USA,United States,Region North America,GEW,GPE Excavators Wheeled,,>6T,Wacker Neuson,WAN,Y,P,OHR,0,0,0,,,0,0,0,0
4468,GUS,USA,United States,Region North America,GEW,Wheeled Excavators,,>6T,XCMG,XCM,,P,OHR,40,0,0,,,0,0,1,1
4469,GUS,USA,United States,Region North America,WLO,Wheel Loaders,,<10,Case,CAS,Y,P,OHR,690,0,0,,,0,0,0,0
4470,GUS,USA,United States,Region North America,WLO,Wheel Loaders,,<10,Caterpillar Inc,,Y,P,OHR,1375,0,0,,,0,0,0,0
4471,GUS,USA,United States,Region North America,WLO,Wheel Loaders,,<10,Deere,JOH,Y,P,OHR,1460,0,0,,,0,0,0,0
4472,GUS,USA,United States,Region North America,WLO,Wheel Loaders,,<10,Hitachi,HIT,Y,P,OHR,245,0,0,,,0,0,0,0
4473,GUS,USA,United States,Region North America,WLO,Wheel Loaders,,<10,JCB,JCB,Y,P,OHR,278,0,0,,,0,0,0,0
4474,GUS,USA,United States,Region North America,WLO,Wheel Loaders,,<10,Kramer,KRA,,P,OHR,10,0,0,,,0,0,0,0
4475,GUS,USA,United States,Region North America,WLO,Wheel Loaders,,<10,Kubota,KUB,Y,P,OHR,1175,0,0,,,0,0,0,0
4476,GUS,USA,United States,Region North America,WLO,Wheel Loaders,,<10,Manitou,MTU,Y,P,OHR,180,0,0,,,0,0,0,0
4477,GUS,USA,United States,Region North America,WLO,Wheel Loaders,,<10,Mecalac,MEC,Y,P,OHR,12,0,0,,,0,0,0,0
4478,GUS,USA,United States,Region North America,WLO,Wheel Loaders,,<10,New Holland,NEW,Y,P,OHR,125,0,0,,,0,0,0,0
4479,GUS,USA,United States,Region North America,WLO,Wheel Loaders,,<10,OTN,OTN,,P,OHR,589,0,0,,,0,0,0,0
4480,GUS,USA,United States,Region North America,WLO,Wheel Loaders,,<10,SDLG,LIN,Y,P,OHR,20,0,0,,,0,0,0,0
4481,GUS,USA,United States,Region North America,WLO,Wheel Loaders,,<10,Takeuchi,TAK,Y,P,OHR,165,0,0,,,0,0,0,0
4482,GUS,USA,United States,Region North America,WLO,Wheel Loaders,,<10,Tobroco Machines,TOB,,P,OHR,230,0,0,,,0,0,0,0
4483,GUS,USA,United States,Region North America,WLO,Wheel Loaders,,<10,Volvo,VCE,Y,P,OHR,206,0,0,,,0,0,0,0
4484,GUS,USA,United States,Region North America,WLO,Wheel Loaders,,<10,Wacker Neuson,WAN,Y,P,OHR,280,0,0,,,0,0,0,0
4485,GUS,USA,United States,Region North America,WLO,Wheel Loaders,,<10,Waldon Equipment,WAL,,P,OHR,415,0,0,,,0,0,0,0
4486,GUS,USA,United States,Region North America,WLO,Wheel Loaders,,<10,Yanmar,YAN,Y,P,OHR,145,0,0,,,0,0,0,0
4487,GUS,USA,United States,Region North America,WLO,Wheel Loaders,,>10,Case,CAS,Y,P,OHR,1350,0,0,,,0,0,0,0
4488,GUS,USA,United States,Region North America,WLO,Wheel Loaders,,>10,Caterpillar Inc,,Y,P,OHR,4650,0,0,,,0,0,0,0
4489,GUS,USA,United States,Region North America,WLO,Wheel Loaders,,>10,Deere,JOH,Y,P,OHR,3670,0,0,,,0,0,0,0
4490,GUS,USA,United States,Region North America,WLO,Wheel Loaders,,>10,Develon,DOO,Y,P,OHR,441,0,0,,,0,0,0,0
4491,GUS,USA,United States,Region North America,WLO,Wheel Loaders,,>10,Hitachi,HIT,Y,P,OHR,745,0,0,,,0,0,0,0
4492,GUS,USA,United States,Region North America,WLO,Wheel Loaders,,>10,Hyundai,HYU,Y,P,OHR,1200,0,0,,,0,0,0,0
4493,GUS,USA,United States,Region North America,WLO,Wheel Loaders,,>10,JCB,JCB,Y,P,OHR,291,0,0,,,0,0,0,0
4494,GUS,USA,United States,Region North America,WLO,Wheel Loaders,,>10,Komatsu,KOM,Y,P,OHR,2180,0,0,,,0,0,0,0
4495,GUS,USA,United States,Region North America,WLO,Wheel Loaders,,>10,Liebherr,LIE,Y,P,OHR,70,0,0,,,0,0,0,0
4496,GUS,USA,United States,Region North America,WLO,Wheel Loaders,,>10,Liugong,LIU,Y,P,OHR,240,0,0,,,0,0,0,0
4497,GUS,USA,United States,Region North America,WLO,Wheel Loaders,,>10,OTN,OTN,,P,OHR,100,0,0,,,0,0,1,1
4498,GUS,USA,United States,Region North America,WLO,Wheel Loaders,,>10,Sany,SNY,Y,P,OHR,415,0,0,,,0,0,0,0
4499,GUS,USA,United States,Region North America,WLO,Wheel Loaders,,>10,SDLG,LIN,Y,P,OHR,20,0,0,,,0,0,0,0
4500,GUS,USA,United States,Region North America,WLO,Wheel Loaders,,>10,Takeuchi,TAK,Y,P,OHR,68,0,0,,,0,0,0,0
4501,GUS,USA,United States,Region North America,WLO,Wheel Loaders,,>10,Volvo,VCE,Y,P,OHR,2040,0,0,,,0,0,0,0
4502,GUS,USA,United States,Region North America,WLO,Wheel Loaders,,>10,Wacker Neuson,WAN,Y,P,OHR,70,0,0,,,0,0,0,0
4503,GUS,USA,United States,Region North America,WLO,Wheel Loaders,,>10,XCMG,XCM,Y,P,OHR,150,0,0,,,0,0,0,0
4504,GUY,Uruguay,Uruguay,Region Latin America,CEX,Compact Excavators,,6<10T,Sany,SNY,Y,P,PIN,2,0,0,,,0,0,0,0
4505,GUY,Uruguay,Uruguay,Region Latin America,CEX,Compact Excavators,,6<10T,Shantui,SBM,Y,P,PIN,1,0,0,,,0,0,0,0
4506,GUY,Uruguay,Uruguay,Region Latin America,CEX,Compact Excavators,,<6T,Bobcat,BOB,Y,P,PIN,5,0,0,,,0,0,0,0
4507,GUY,Uruguay,Uruguay,Region Latin America,CEX,Compact Excavators,,<6T,Caterpillar Inc,,Y,P,PIN,1,0,0,,,0,0,0,0
4508,GUY,Uruguay,Uruguay,Region Latin America,CEX,Compact Excavators,,<6T,Deere,JOH,Y,P,PIN,1,0,0,,,0,0,0,0
4509,GUY,Uruguay,Uruguay,Region Latin America,CEX,Compact Excavators,,<6T,JCB,JCB,Y,P,PIN,4,0,0,,,0,0,0,0
4510,GUY,Uruguay,Uruguay,Region Latin America,CEX,Compact Excavators,,<6T,Liugong,LIU,Y,P,PIN,11,0,0,,,0,0,0,0
4511,GUY,Uruguay,Uruguay,Region Latin America,CEX,Compact Excavators,,<6T,Rippa China,CRM,,P,PIN,20,0,0,,,1,1,1,1
4512,GUY,Uruguay,Uruguay,Region Latin America,CEX,Compact Excavators,,<6T,Volvo,VCE,Y,P,PIN,2,0,0,,,0,0,0,0
4513,GUY,Uruguay,Uruguay,Region Latin America,CEX,Compact Excavators,,<6T,Wacker Neuson,WAN,Y,P,PIN,18,0,0,,,0,0,0,0
4514,GUY,Uruguay,Uruguay,Region Latin America,GEC,GPE Excavators Crawled,,>10T,Case,CAS,Y,P,PIN,5,0,0,,,0,0,0,0
4515,GUY,Uruguay,Uruguay,Region Latin America,GEC,GPE Excavators Crawled,,>10T,Caterpillar Inc,,Y,P,PIN,26,0,0,,,0,0,0,0
4516,GUY,Uruguay,Uruguay,Region Latin America,GEC,GPE Excavators Crawled,,>10T,Deere,JOH,Y,P,PIN,14,0,0,,,0,0,0,0
4517,GUY,Uruguay,Uruguay,Region Latin America,GEC,GPE Excavators Crawled,,>10T,Develon,DOO,Y,P,PIN,18,0,0,,,0,0,0,0
4518,GUY,Uruguay,Uruguay,Region Latin America,GEC,GPE Excavators Crawled,,>10T,Hyundai,HYU,Y,P,PIN,22,0,0,,,0,0,0,0
4519,GUY,Uruguay,Uruguay,Region Latin America,GEC,GPE Excavators Crawled,,>10T,JCB,JCB,Y,P,PIN,16,0,0,,,0,0,0,0
4520,GUY,Uruguay,Uruguay,Region Latin America,GEC,GPE Excavators Crawled,,>10T,Kobelco,KOB,Y,P,PIN,1,0,0,,,0,0,0,0
4521,GUY,Uruguay,Uruguay,Region Latin America,GEC,GPE Excavators Crawled,,>10T,Komatsu,KOM,Y,P,PIN,5,0,0,,,0,0,0,0
4522,GUY,Uruguay,Uruguay,Region Latin America,GEC,GPE Excavators Crawled,,>10T,Linkbelt,,Y,P,PIN,3,0,0,,,0,0,0,0
4523,GUY,Uruguay,Uruguay,Region Latin America,GEC,GPE Excavators Crawled,,>10T,Liugong,LIU,Y,P,PIN,10,0,0,,,0,0,0,0
4524,GUY,Uruguay,Uruguay,Region Latin America,GEC,GPE Excavators Crawled,,>10T,New Holland,NEW,Y,P,PIN,36,0,0,,,0,0,0,0
4525,GUY,Uruguay,Uruguay,Region Latin America,GEC,GPE Excavators Crawled,,>10T,Sany,SNY,Y,P,PIN,18,0,0,,,0,0,0,0
4526,GUY,Uruguay,Uruguay,Region Latin America,GEC,GPE Excavators Crawled,,>10T,Shantui,SBM,Y,P,PIN,2,0,0,,,0,0,0,0
4527,GUY,Uruguay,Uruguay,Region Latin America,GEC,GPE Excavators Crawled,,>10T,Volvo,VCE,Y,P,PIN,6,0,0,,,0,0,0,0
4528,GUY,Uruguay,Uruguay,Region Latin America,GEC,GPE Excavators Crawled,,>10T,XCMG,XCM,Y,P,PIN,10,0,0,,,0,0,0,0
4529,GUY,Uruguay,Uruguay,Region Latin America,GEW,GPE Excavators Wheeled,,>11T,Caterpillar Inc,,Y,P,PIN,2,0,0,,,0,0,0,0
4530,GUY,Uruguay,Uruguay,Region Latin America,GEW,GPE Excavators Wheeled,,>11T,Develon,DOO,Y,P,PIN,2,0,0,,,0,0,0,0
4531,GUY,Uruguay,Uruguay,Region Latin America,GEW,GPE Excavators Wheeled,,>11T,Hyundai,HYU,Y,P,PIN,3,0,0,,,0,0,0,0
4532,GUY,Uruguay,Uruguay,Region Latin America,GEW,GPE Excavators Wheeled,,>11T,JCB,JCB,Y,P,PIN,2,0,0,,,0,0,0,0
4533,GUY,Uruguay,Uruguay,Region Latin America,GEW,GPE Excavators Wheeled,,>11T,Liugong,LIU,Y,P,PIN,1,0,0,,,0,0,0,0
4534,GUY,Uruguay,Uruguay,Region Latin America,WLO,Wheel Loaders,,10<12,Liugong,LIU,Y,P,PIN,2,0,0,,,0,0,0,0
4535,GUY,Uruguay,Uruguay,Region Latin America,WLO,Wheel Loaders,,10<12,OCN,OCN,,P,PIN,6,0,0,,,0,0,0,0
4536,GUY,Uruguay,Uruguay,Region Latin America,WLO,Wheel Loaders,,10<12,XCMG,XCM,Y,P,PIN,2,0,0,,,0,0,0,0
4537,GUY,Uruguay,Uruguay,Region Latin America,WLO,Wheel Loaders,,7<10,Develon,DOO,Y,P,PIN,2,0,0,,,0,0,0,0
4538,GUY,Uruguay,Uruguay,Region Latin America,WLO,Wheel Loaders,,7<10,OCN,OCN,,P,PIN,9,0,0,,,0,0,0,0
4539,GUY,Uruguay,Uruguay,Region Latin America,WLO,Wheel Loaders,,<7,Avant,AVA,,P,PIN,8,0,0,,,0,0,0,0
4540,GUY,Uruguay,Uruguay,Region Latin America,WLO,Wheel Loaders,,>12,Caterpillar Inc,,Y,P,PIN,2,0,0,,,0,0,0,0
4541,GUY,Uruguay,Uruguay,Region Latin America,WLO,Wheel Loaders,,>12,Deere,JOH,Y,P,PIN,2,0,0,,,0,0,0,0
4542,GUY,Uruguay,Uruguay,Region Latin America,WLO,Wheel Loaders,,>12,Develon,DOO,Y,P,PIN,5,0,0,,,0,0,0,0
4543,GUY,Uruguay,Uruguay,Region Latin America,WLO,Wheel Loaders,,>12,Hyundai,HYU,Y,P,PIN,5,0,0,,,0,0,0,0
4544,GUY,Uruguay,Uruguay,Region Latin America,WLO,Wheel Loaders,,>12,JCB,JCB,Y,P,PIN,2,0,0,,,0,0,0,0
4545,GUY,Uruguay,Uruguay,Region Latin America,WLO,Wheel Loaders,,>12,Liugong,LIU,Y,P,PIN,10,0,0,,,0,0,0,0
4546,GUY,Uruguay,Uruguay,Region Latin America,WLO,Wheel Loaders,,>12,OCN,OCN,,P,PIN,6,0,0,,,0,0,1,1
4547,GUY,Uruguay,Uruguay,Region Latin America,WLO,Wheel Loaders,,>12,Sany,SNY,Y,P,PIN,7,0,0,,,0,0,0,0
4548,GUY,Uruguay,Uruguay,Region Latin America,WLO,Wheel Loaders,,>12,SDLG,LIN,Y,P,PIN,4,0,0,,,0,0,0,0
4549,GUY,Uruguay,Uruguay,Region Latin America,WLO,Wheel Loaders,,>12,SEM,SEM,Y,P,PIN,18,0,0,,,0,0,0,0
4550,GUY,Uruguay,Uruguay,Region Latin America,WLO,Wheel Loaders,,>12,Shantui,SBM,Y,P,PIN,4,0,0,,,0,0,0,0
4551,GUY,Uruguay,Uruguay,Region Latin America,WLO,Wheel Loaders,,>12,Volvo,VCE,Y,P,PIN,1,0,0,,,0,0,0,0
4552,GUY,Uruguay,Uruguay,Region Latin America,WLO,Wheel Loaders,,>12,XCMG,XCM,Y,P,PIN,10,0,0,,,0,0,0,0
4553,GVN,VietNam,Viet Nam,Region Asia,340,Rigid Haulers,,#,Caterpillar Inc,,Y,P,DES,27,0,0,,,0,0,0,0
4554,GVN,VietNam,Viet Nam,Region Asia,340,Rigid Haulers,,#,Komatsu,KOM,Y,P,DES,82,0,0,,,0,0,0,0
4555,GVN,VietNam,Viet Nam,Region Asia,390,Compaction Machines,,,Ammann,AMN,,P,DES,14,0,0,,,0,0,1,1
4556,GVN,VietNam,Viet Nam,Region Asia,390,Compaction Machines,,,Bomag,BOM,,P,DES,33,0,0,,,0,0,1,1
4557,GVN,VietNam,Viet Nam,Region Asia,390,Compaction Machines,,,Case,CAS,,P,DES,7,0,0,,,0,0,1,1
4558,GVN,VietNam,Viet Nam,Region Asia,390,Compaction Machines,,,Caterpillar Inc,CAT,,P,DES,23,0,0,,,0,0,1,1
4559,GVN,VietNam,Viet Nam,Region Asia,390,Compaction Machines,,,Dynapac,DYN,,P,DES,28,0,0,,,0,0,1,1
4560,GVN,VietNam,Viet Nam,Region Asia,390,Compaction Machines,,,Hamm,HAM,,P,DES,53,0,0,,,0,0,1,1
4561,GVN,VietNam,Viet Nam,Region Asia,390,Compaction Machines,,,Komatsu,KOM,,P,DES,21,0,0,,,0,0,1,1
4562,GVN,VietNam,Viet Nam,Region Asia,390,Compaction Machines,,,Liugong,LIU,,P,DES,69,0,0,,,0,0,1,1
4563,GVN,VietNam,Viet Nam,Region Asia,390,Compaction Machines,,,Sakai,SAK,,P,DES,56,0,0,,,0,0,1,1
4564,GVN,VietNam,Viet Nam,Region Asia,390,Compaction Machines,,,Sany,SNY,,P,DES,73,0,0,,,0,0,1,1
4565,GVN,VietNam,Viet Nam,Region Asia,390,Compaction Machines,,,Sunward,SUN,,P,DES,16,0,0,,,0,0,1,1
4566,GVN,VietNam,Viet Nam,Region Asia,390,Compaction Machines,,,Volvo,VCE,,P,DES,6,0,0,,,0,0,1,1
4567,GVN,VietNam,Viet Nam,Region Asia,390,Compaction Machines,,,XCMG,XCM,,P,DES,73,0,0,,,0,0,1,1
4568,GVN,VietNam,Viet Nam,Region Asia,CEX,Compact Excavators,,<10T,Caterpillar Inc,,Y,P,DES,0,0,0,,,0,0,0,0
4569,GVN,VietNam,Viet Nam,Region Asia,CEX,Compact Excavators,,<10T,Caterpillar Inc,CAT,,P,DES,20,0,0,,,0,0,0,0
4570,GVN,VietNam,Viet Nam,Region Asia,CEX,Compact Excavators,,<10T,Develon,DOO,Y,P,DES,0,0,0,,,0,0,0,0
4571,GVN,VietNam,Viet Nam,Region Asia,CEX,Compact Excavators,,<10T,Develon,DOO,,P,DES,16,0,0,,,0,0,0,0
4572,GVN,VietNam,Viet Nam,Region Asia,CEX,Compact Excavators,,<10T,Hyundai,HYU,Y,P,DES,0,0,0,,,0,0,0,0
4573,GVN,VietNam,Viet Nam,Region Asia,CEX,Compact Excavators,,<10T,Hyundai,HYU,,P,DES,16,0,0,,,0,0,0,0
4574,GVN,VietNam,Viet Nam,Region Asia,CEX,Compact Excavators,,<10T,Kobelco,KOB,Y,P,DES,0,0,0,,,0,0,0,0
4575,GVN,VietNam,Viet Nam,Region Asia,CEX,Compact Excavators,,<10T,Kobelco,KOB,,P,DES,16,0,0,,,0,0,0,0
4576,GVN,VietNam,Viet Nam,Region Asia,CEX,Compact Excavators,,<10T,Sany,SNY,Y,P,DES,0,0,0,,,0,0,0,0
4577,GVN,VietNam,Viet Nam,Region Asia,CEX,Compact Excavators,,<10T,Sany,SNY,,P,DES,8,0,0,,,0,0,0,0
4578,GVN,VietNam,Viet Nam,Region Asia,GEC,GPE Excavators Crawled,,>10T,Case,CAS,Y,P,DES,0,0,0,,,0,0,0,0
4579,GVN,VietNam,Viet Nam,Region Asia,GEC,Crawler Excavators,,>10T,Case,CAS,,P,DES,2,0,0,,,0,0,0,0
4580,GVN,VietNam,Viet Nam,Region Asia,GEC,GPE Excavators Crawled,,>10T,Caterpillar Inc,,Y,P,DES,0,0,0,,,0,0,0,0
4581,GVN,VietNam,Viet Nam,Region Asia,GEC,Crawler Excavators,,>10T,Caterpillar Inc,CAT,,P,DES,17,0,0,,,0,0,0,0
4582,GVN,VietNam,Viet Nam,Region Asia,GEC,GPE Excavators Crawled,,>10T,Develon,DOO,Y,P,DES,0,0,0,,,0,0,0,0
4583,GVN,VietNam,Viet Nam,Region Asia,GEC,Crawler Excavators,,>10T,Develon,DOO,,P,DES,50,0,0,,,0,0,0,0
4584,GVN,VietNam,Viet Nam,Region Asia,GEC,GPE Excavators Crawled,,>10T,Hitachi,HIT,Y,P,DES,0,0,0,,,0,0,0,0
4585,GVN,VietNam,Viet Nam,Region Asia,GEC,Crawler Excavators,,>10T,Hitachi,HIT,,P,DES,27,0,0,,,0,0,0,0
4586,GVN,VietNam,Viet Nam,Region Asia,GEC,GPE Excavators Crawled,,>10T,Hyundai,HYU,Y,P,DES,0,0,0,,,0,0,0,0
4587,GVN,VietNam,Viet Nam,Region Asia,GEC,Crawler Excavators,,>10T,Hyundai,HYU,,P,DES,21,0,0,,,0,0,0,0
4588,GVN,VietNam,Viet Nam,Region Asia,GEC,GPE Excavators Crawled,,>10T,JCB,JCB,Y,P,DES,0,0,0,,,0,0,0,0
4589,GVN,VietNam,Viet Nam,Region Asia,GEC,Crawler Excavators,,>10T,JCB,JCB,,P,DES,5,0,0,,,0,0,0,0
4590,GVN,VietNam,Viet Nam,Region Asia,GEC,GPE Excavators Crawled,,>10T,Kobelco,KOB,Y,P,DES,0,0,0,,,0,0,0,0
4591,GVN,VietNam,Viet Nam,Region Asia,GEC,Crawler Excavators,,>10T,Kobelco,KOB,,P,DES,40,0,0,,,0,0,0,0
4592,GVN,VietNam,Viet Nam,Region Asia,GEC,GPE Excavators Crawled,,>10T,Komatsu,KOM,Y,P,DES,0,0,0,,,0,0,0,0
4593,GVN,VietNam,Viet Nam,Region Asia,GEC,Crawler Excavators,,>10T,Komatsu,KOM,,P,DES,60,0,0,,,0,0,0,0
4594,GVN,VietNam,Viet Nam,Region Asia,GEC,GPE Excavators Crawled,,>10T,Liugong,LIU,Y,P,DES,0,0,0,,,0,0,0,0
4595,GVN,VietNam,Viet Nam,Region Asia,GEC,Crawler Excavators,,>10T,Liugong,LIU,,P,DES,10,0,0,,,0,0,0,0
4596,GVN,VietNam,Viet Nam,Region Asia,GEC,GPE Excavators Crawled,,>10T,Sany,SNY,Y,P,DES,0,0,0,,,0,0,0,0
4597,GVN,VietNam,Viet Nam,Region Asia,GEC,Crawler Excavators,,>10T,Sany,SNY,,P,DES,48,0,0,,,0,0,0,0
4598,GVN,VietNam,Viet Nam,Region Asia,GEC,GPE Excavators Crawled,,>10T,SDLG,LIN,Y,P,DES,0,0,0,,,0,0,0,0
4599,GVN,VietNam,Viet Nam,Region Asia,GEC,Crawler Excavators,,>10T,SDLG,LIN,,P,DES,8,0,0,,,0,0,0,0
4600,GVN,VietNam,Viet Nam,Region Asia,GEC,GPE Excavators Crawled,,>10T,Sunward,SUN,Y,P,DES,0,0,0,,,0,0,0,0
4601,GVN,VietNam,Viet Nam,Region Asia,GEC,Crawler Excavators,,>10T,Sunward,SUN,,P,DES,32,0,0,,,0,0,0,0
4602,GVN,VietNam,Viet Nam,Region Asia,GEC,GPE Excavators Crawled,,>10T,Volvo,VCE,Y,P,DES,0,0,0,,,0,0,0,0
4603,GVN,VietNam,Viet Nam,Region Asia,GEC,Crawler Excavators,,>10T,Volvo,VCE,,P,DES,7,0,0,,,0,0,0,0
4604,GVN,VietNam,Viet Nam,Region Asia,GEC,GPE Excavators Crawled,,>10T,XCMG,XCM,Y,P,DES,0,0,0,,,0,0,0,0
4605,GVN,VietNam,Viet Nam,Region Asia,GEC,Crawler Excavators,,>10T,XCMG,XCM,,P,DES,60,0,0,,,0,0,0,0
4606,GVN,VietNam,Viet Nam,Region Asia,GEW,GPE Excavators Wheeled,,>11T,Develon,DOO,Y,P,DES,0,0,0,,,0,0,0,0
4607,GVN,VietNam,Viet Nam,Region Asia,GEW,Wheeled Excavators,,>11T,Develon,DOO,,P,DES,22,0,0,,,0,0,0,0
4608,GVN,VietNam,Viet Nam,Region Asia,GEW,GPE Excavators Wheeled,,>11T,Hyundai,HYU,Y,P,DES,0,0,0,,,0,0,0,0
4609,GVN,VietNam,Viet Nam,Region Asia,GEW,Wheeled Excavators,,>11T,Hyundai,HYU,,P,DES,14,0,0,,,0,0,0,0
4610,GVN,VietNam,Viet Nam,Region Asia,GEW,GPE Excavators Wheeled,,>11T,Sany,SNY,Y,P,DES,0,0,0,,,0,0,0,0
4611,GVN,VietNam,Viet Nam,Region Asia,GEW,Wheeled Excavators,,>11T,Sany,SNY,,P,DES,13,0,0,,,0,0,0,0
4612,GVN,VietNam,Viet Nam,Region Asia,GEW,GPE Excavators Wheeled,,>11T,Volvo,VCE,Y,P,DES,0,0,0,,,0,0,0,0
4613,GVN,VietNam,Viet Nam,Region Asia,GEW,Wheeled Excavators,,>11T,Volvo,VCE,,P,DES,2,0,0,,,0,0,0,0
4614,GVN,VietNam,Viet Nam,Region Asia,WLO,Wheel Loaders,,<12,Caterpillar Inc,,Y,P,DES,0,0,0,,,0,0,0,0
4615,GVN,VietNam,Viet Nam,Region Asia,WLO,Wheel Loaders,,<12,Caterpillar Inc,CAT,,P,DES,1,0,0,,,0,0,0,0
4616,GVN,VietNam,Viet Nam,Region Asia,WLO,Wheel Loaders,,<12,Develon,DOO,Y,P,DES,0,0,0,,,0,0,0,0
4617,GVN,VietNam,Viet Nam,Region Asia,WLO,Wheel Loaders,,<12,Develon,DOO,,P,DES,3,0,0,,,0,0,0,0
4618,GVN,VietNam,Viet Nam,Region Asia,WLO,Wheel Loaders,,<12,Hyundai,HYU,Y,P,DES,0,0,0,,,0,0,0,0
4619,GVN,VietNam,Viet Nam,Region Asia,WLO,Wheel Loaders,,<12,Hyundai,HYU,,P,DES,11,0,0,,,0,0,0,0
4620,GVN,VietNam,Viet Nam,Region Asia,WLO,Wheel Loaders,,<12,Liugong,LIU,Y,P,DES,0,0,0,,,0,0,0,0
4621,GVN,VietNam,Viet Nam,Region Asia,WLO,Wheel Loaders,,<12,Liugong,LIU,,P,DES,107,0,0,,,0,0,0,0
4622,GVN,VietNam,Viet Nam,Region Asia,WLO,Wheel Loaders,,<12,Lonking,LON,,P,DES,25,0,0,,,0,0,0,0
4623,GVN,VietNam,Viet Nam,Region Asia,WLO,Wheel Loaders,,<12,SEM,SEM,Y,P,DES,0,0,0,,,0,0,0,0
4624,GVN,VietNam,Viet Nam,Region Asia,WLO,Wheel Loaders,,<12,SEM,SEM,,P,DES,5,0,0,,,0,0,0,0
4625,GVN,VietNam,Viet Nam,Region Asia,WLO,Wheel Loaders,,<12,XCMG,XCM,Y,P,DES,0,0,0,,,0,0,0,0
4626,GVN,VietNam,Viet Nam,Region Asia,WLO,Wheel Loaders,,<12,XCMG,XCM,,P,DES,19,0,0,,,0,0,0,0
4627,GVN,VietNam,Viet Nam,Region Asia,WLO,Wheel Loaders,,>12,Develon,DOO,Y,P,DES,0,0,0,,,0,0,0,0
4628,GVN,VietNam,Viet Nam,Region Asia,WLO,Wheel Loaders,,>12,Develon,DOO,,P,DES,30,0,0,,,0,0,0,0
4629,GVN,VietNam,Viet Nam,Region Asia,WLO,Wheel Loaders,,>12,Hitachi,HIT,Y,P,DES,0,0,0,,,0,0,0,0
4630,GVN,VietNam,Viet Nam,Region Asia,WLO,Wheel Loaders,,>12,Hitachi,HIT,,P,DES,15,0,0,,,0,0,0,0
4631,GVN,VietNam,Viet Nam,Region Asia,WLO,Wheel Loaders,,>12,Hyundai,HYU,Y,P,DES,0,0,0,,,0,0,0,0
4632,GVN,VietNam,Viet Nam,Region Asia,WLO,Wheel Loaders,,>12,Hyundai,HYU,,P,DES,20,0,0,,,0,0,0,0
4633,GVN,VietNam,Viet Nam,Region Asia,WLO,Wheel Loaders,,>12,Komatsu,KOM,Y,P,DES,0,0,0,,,0,0,0,0
4634,GVN,VietNam,Viet Nam,Region Asia,WLO,Wheel Loaders,,>12,Komatsu,KOM,,P,DES,20,0,0,,,0,0,0,0
4635,GVN,VietNam,Viet Nam,Region Asia,WLO,Wheel Loaders,,>12,Liugong,LIU,Y,P,DES,0,0,0,,,0,0,0,0
4636,GVN,VietNam,Viet Nam,Region Asia,WLO,Wheel Loaders,,>12,Liugong,LIU,,P,DES,128,0,0,,,0,0,0,0
4637,GVN,VietNam,Viet Nam,Region Asia,WLO,Wheel Loaders,,>12,Lonking,LON,,P,DES,47,0,0,,,0,0,1,1
4638,GVN,VietNam,Viet Nam,Region Asia,WLO,Wheel Loaders,,>12,SEM,SEM,Y,P,DES,0,0,0,,,0,0,0,0
4639,GVN,VietNam,Viet Nam,Region Asia,WLO,Wheel Loaders,,>12,SEM,SEM,,P,DES,61,0,0,,,0,0,0,0
4640,GVN,VietNam,Viet Nam,Region Asia,WLO,Wheel Loaders,,>12,Volvo,VCE,Y,P,DES,0,0,0,,,0,0,0,0
4641,GVN,VietNam,Viet Nam,Region Asia,WLO,Wheel Loaders,,>12,Volvo,VCE,,P,DES,6,0,0,,,0,0,0,0
4642,GVN,VietNam,Viet Nam,Region Asia,WLO,Wheel Loaders,,>12,XCMG,XCM,Y,P,DES,0,0,0,,,0,0,0,0
4643,GVN,VietNam,Viet Nam,Region Asia,WLO,Wheel Loaders,,>12,XCMG,XCM,,P,DES,75,0,0,,,0,0,0,0
4644,GZA,South Africa,South Africa,Region International,330,Articulated Haulers,,#,Bell,BEL,Y,P,CMS,219,0,0,,,0,0,0,0
4645,GZA,South Africa,South Africa,Region International,330,Articulated Haulers,,#,Caterpillar Inc,,Y,P,CMS,97,0,0,,,0,0,0,0
4646,GZA,South Africa,South Africa,Region International,330,Articulated Haulers,,#,Deere,JOH,Y,P,CMS,8,0,0,,,0,0,0,0
4647,GZA,South Africa,South Africa,Region International,330,Articulated Haulers,,#,Develon,DOO,Y,P,CMS,10,0,0,,,0,0,0,0
4648,GZA,South Africa,South Africa,Region International,330,Articulated Haulers,,,Dezzi,DEZ,,P,CMS,5,0,0,,,0,0,1,1
4649,GZA,South Africa,South Africa,Region International,330,Articulated Haulers,,#,Komatsu,KOM,Y,P,CMS,55,0,0,,,0,0,0,0
4650,GZA,South Africa,South Africa,Region International,330,Articulated Haulers,,#,Volvo,VCE,Y,P,CMS,314,0,0,,,0,0,0,0
4651,GZA,South Africa,South Africa,Region International,340,Rigid Haulers,,#,Caterpillar Inc,,Y,P,CMS,69,0,0,,,0,0,0,0
4652,GZA,South Africa,South Africa,Region International,340,Rigid Haulers,,,Develon,DOO,,P,CMS,6,0,0,,,0,0,1,1
4653,GZA,South Africa,South Africa,Region International,340,Rigid Haulers,,#,Hitachi,HIT,Y,P,CMS,5,0,0,,,0,0,0,0
4654,GZA,South Africa,South Africa,Region International,340,Rigid Haulers,,#,Komatsu,KOM,Y,P,CMS,55,0,0,,,0,0,0,0
4655,GZA,South Africa,South Africa,Region International,340,Rigid Haulers,,#,Liebherr,LIE,Y,P,CMS,6,0,0,,,0,0,0,0
4656,GZA,South Africa,South Africa,Region International,340,Rigid Haulers,,#,Liugong,LIU,Y,P,CMS,10,0,0,,,0,0,0,0
4657,GZA,South Africa,South Africa,Region International,340,Rigid Haulers,,#,Sany,SNY,Y,P,CMS,7,0,0,,,0,0,0,0
4658,GZA,South Africa,South Africa,Region International,340,Rigid Haulers,,#,XCMG,XCM,Y,P,CMS,3,0,0,,,0,0,0,0
4659,GZA,South Africa,South Africa,Region International,340,Rigid Haulers,,,Zoomlion,ZOO,,P,CMS,8,0,0,,,0,0,1,1
4660,GZA,South Africa,South Africa,Region International,380,Motor Graders,,#,Case,CAS,Y,P,CMS,3,0,0,,,0,0,0,0
4661,GZA,South Africa,South Africa,Region International,380,Motor Graders,,#,Caterpillar Inc,,Y,P,CMS,113,0,0,,,0,0,0,0
4662,GZA,South Africa,South Africa,Region International,380,Motor Graders,,#,Deere,JOH,Y,P,CMS,21,0,0,,,0,0,0,0
4663,GZA,South Africa,South Africa,Region International,380,Motor Graders,,,Dezzi,DEZ,,P,CMS,4,0,0,,,0,0,1,1
4664,GZA,South Africa,South Africa,Region International,380,Motor Graders,,#,Hidromek,HID,Y,P,CMS,10,0,0,,,0,0,0,0
4665,GZA,South Africa,South Africa,Region International,380,Motor Graders,,#,Hyundai,HYU,Y,P,CMS,4,0,0,,,0,0,0,0
4666,GZA,South Africa,South Africa,Region International,380,Motor Graders,,#,Komatsu,KOM,Y,P,CMS,128,0,0,,,0,0,0,0
4667,GZA,South Africa,South Africa,Region International,380,Motor Graders,,#,Liugong,LIU,Y,P,CMS,6,0,0,,,0,0,0,0
4668,GZA,South Africa,South Africa,Region International,380,Motor Graders,,,Mahindra & Mahindra,MAH,,P,CMS,4,0,0,,,0,0,1,1
4669,GZA,South Africa,South Africa,Region International,380,Motor Graders,,#,Sany,SNY,Y,P,CMS,25,0,0,,,0,0,0,0
4670,GZA,South Africa,South Africa,Region International,380,Motor Graders,,#,SDLG,LIN,Y,P,CMS,2,0,0,,,0,0,0,0
4671,GZA,South Africa,South Africa,Region International,380,Motor Graders,,#,SEM,SEM,Y,P,CMS,21,0,0,,,0,0,0,0
4672,GZA,South Africa,South Africa,Region International,380,Motor Graders,,#,Shantui,SBM,Y,P,CMS,31,0,0,,,0,0,0,0
4673,GZA,South Africa,South Africa,Region International,380,Motor Graders,,#,XCMG,XCM,Y,P,CMS,10,0,0,,,0,0,0,0
4674,GZA,South Africa,South Africa,Region International,390,Compaction Machines,,,Ammann,AMN,,P,CMS,22,0,0,,,0,0,1,1
4675,GZA,South Africa,South Africa,Region International,390,Compaction Machines,,,Bomag,BOM,,P,CMS,100,0,0,,,0,0,1,1
4676,GZA,South Africa,South Africa,Region International,390,Compaction Machines,,,Case,CAS,,P,CMS,16,0,0,,,0,0,1,1
4677,GZA,South Africa,South Africa,Region International,390,Compaction Machines,,,Caterpillar Inc,CAT,,P,CMS,69,0,0,,,0,0,1,1
4678,GZA,South Africa,South Africa,Region International,390,Compaction Machines,,,Dynapac,DYN,,P,CMS,28,0,0,,,0,0,1,1
4679,GZA,South Africa,South Africa,Region International,390,Compaction Machines,,,Hamm,HAM,,P,CMS,30,0,0,,,0,0,1,1
4680,GZA,South Africa,South Africa,Region International,390,Compaction Machines,,,JCB,JCB,,P,CMS,22,0,0,,,0,0,1,1
4681,GZA,South Africa,South Africa,Region International,390,Compaction Machines,,,Liugong,LIU,,P,CMS,7,0,0,,,0,0,1,1
4682,GZA,South Africa,South Africa,Region International,390,Compaction Machines,,,Sany,SNY,,P,CMS,18,0,0,,,0,0,1,1
4683,GZA,South Africa,South Africa,Region International,390,Compaction Machines,,,SEM,SEM,,P,CMS,16,0,0,,,0,0,1,1
4684,GZA,South Africa,South Africa,Region International,390,Compaction Machines,,,Shantui,SBM,,P,CMS,20,0,0,,,0,0,1,1
4685,GZA,South Africa,South Africa,Region International,390,Compaction Machines,,,Wacker Neuson,WAN,,P,CMS,21,0,0,,,0,0,1,1
4686,GZA,South Africa,South Africa,Region International,390,Compaction Machines,,,XCMG,XCM,,P,CMS,9,0,0,,,0,0,1,1
4687,GZA,South Africa,South Africa,Region International,410,Backhoe Loaders,,,Bobcat,BOB,,P,CMS,25,0,0,,,0,0,1,1
4688,GZA,South Africa,South Africa,Region International,410,Backhoe Loaders,,,Bull,BUL,,P,CMS,63,0,0,,,0,0,1,1
4689,GZA,South Africa,South Africa,Region International,410,Backhoe Loaders,,,Case,CAS,,P,CMS,223,0,0,,,0,0,1,1
4690,GZA,South Africa,South Africa,Region International,410,Backhoe Loaders,,,Caterpillar Inc,CAT,,P,CMS,403,0,0,,,0,0,1,1
4691,GZA,South Africa,South Africa,Region International,410,Backhoe Loaders,,,Cukurova,CUK,,P,CMS,9,0,0,,,0,0,1,1
4692,GZA,South Africa,South Africa,Region International,410,Backhoe Loaders,,,Deere,JOH,,P,CMS,63,0,0,,,0,0,1,1
4693,GZA,South Africa,South Africa,Region International,410,Backhoe Loaders,,,Gehl,GEH,,P,CMS,48,0,0,,,0,0,1,1
4694,GZA,South Africa,South Africa,Region International,410,Backhoe Loaders,,,Hidromek,HID,,P,CMS,7,0,0,,,0,0,1,1
4695,GZA,South Africa,South Africa,Region International,410,Backhoe Loaders,,,Hyundai,HYU,,P,CMS,10,0,0,,,0,0,1,1
4696,GZA,South Africa,South Africa,Region International,410,Backhoe Loaders,,,JCB,JCB,,P,CMS,546,0,0,,,0,0,1,1
4697,GZA,South Africa,South Africa,Region International,410,Backhoe Loaders,,,Komatsu,KOM,,P,CMS,3,0,0,,,0,0,1,1
4698,GZA,South Africa,South Africa,Region International,410,Backhoe Loaders,,,Kubota,KUB,,P,CMS,29,0,0,,,0,0,1,1
4699,GZA,South Africa,South Africa,Region International,410,Backhoe Loaders,,,Liugong,LIU,,P,CMS,18,0,0,,,0,0,1,1
4700,GZA,South Africa,South Africa,Region International,410,Backhoe Loaders,,,Mahindra & Mahindra,MAH,,P,CMS,66,0,0,,,0,0,1,1
4701,GZA,South Africa,South Africa,Region International,410,Backhoe Loaders,,,Manitou,MTU,,P,CMS,41,0,0,,,0,0,1,1
4702,GZA,South Africa,South Africa,Region International,410,Backhoe Loaders,,,MST,MST,,P,CMS,8,0,0,,,0,0,1,1
4703,GZA,South Africa,South Africa,Region International,410,Backhoe Loaders,,,New Holland,NEW,,P,CMS,110,0,0,,,0,0,1,1
4704,GZA,South Africa,South Africa,Region International,410,Backhoe Loaders,,,SDLG,LIN,,P,CMS,2,0,0,,,0,0,1,1
4705,GZA,South Africa,South Africa,Region International,CEX,Compact Excavators,,<10T,Bobcat,BOB,Y,P,CMS,6,0,0,,,0,0,0,0
4706,GZA,South Africa,South Africa,Region International,CEX,Compact Excavators,,<10T,Caterpillar Inc,,Y,P,CMS,13,0,0,,,0,0,0,0
4707,GZA,South Africa,South Africa,Region International,CEX,Compact Excavators,,<10T,Develon,DOO,Y,P,CMS,2,0,0,,,0,0,0,0
4708,GZA,South Africa,South Africa,Region International,CEX,Compact Excavators,,<10T,Hitachi,HIT,Y,P,CMS,19,0,0,,,0,0,0,0
4709,GZA,South Africa,South Africa,Region International,CEX,Compact Excavators,,<10T,Hyundai,HYU,Y,P,CMS,6,0,0,,,0,0,0,0
4710,GZA,South Africa,South Africa,Region International,CEX,Compact Excavators,,<10T,Kobelco,KOB,Y,P,CMS,17,0,0,,,0,0,0,0
4711,GZA,South Africa,South Africa,Region International,CEX,Compact Excavators,,<10T,Komatsu,KOM,Y,P,CMS,4,0,0,,,0,0,0,0
4712,GZA,South Africa,South Africa,Region International,CEX,Compact Excavators,,<10T,Kubota,KUB,Y,P,CMS,61,0,0,,,0,0,0,0
4713,GZA,South Africa,South Africa,Region International,CEX,Compact Excavators,,<10T,Liugong,LIU,Y,P,CMS,5,0,0,,,0,0,0,0
4714,GZA,South Africa,South Africa,Region International,CEX,Compact Excavators,,<10T,Sany,SNY,Y,P,CMS,5,0,0,,,0,0,0,0
4715,GZA,South Africa,South Africa,Region International,CEX,Compact Excavators,,<10T,Volvo,VCE,Y,P,CMS,1,0,0,,,0,0,0,0
4716,GZA,South Africa,South Africa,Region International,CEX,Compact Excavators,,<10T,Wacker Neuson,WAN,Y,P,CMS,31,0,0,,,0,0,0,0
4717,GZA,South Africa,South Africa,Region International,CEX,Compact Excavators,,<10T,Zoomlion,ZOO,Y,P,CMS,3,0,0,,,0,0,0,0
4718,GZA,South Africa,South Africa,Region International,GEC,GPE Excavators Crawled,,>10T,Case,CAS,Y,P,CMS,33,0,0,,,0,0,0,0
4719,GZA,South Africa,South Africa,Region International,GEC,GPE Excavators Crawled,,>10T,Caterpillar Inc,,Y,P,CMS,206,0,0,,,0,0,0,0
4720,GZA,South Africa,South Africa,Region International,GEC,GPE Excavators Crawled,,>10T,Deere,JOH,Y,P,CMS,25,0,0,,,0,0,0,0
4721,GZA,South Africa,South Africa,Region International,GEC,GPE Excavators Crawled,,>10T,Develon,DOO,Y,P,CMS,87,0,0,,,0,0,0,0
4722,GZA,South Africa,South Africa,Region International,GEC,GPE Excavators Crawled,,>10T,Foton Lovol,FOL,Y,P,CMS,6,0,0,,,0,0,0,0
4723,GZA,South Africa,South Africa,Region International,GEC,GPE Excavators Crawled,,>10T,Hidromek,HID,Y,P,CMS,1,0,0,,,0,0,0,0
4724,GZA,South Africa,South Africa,Region International,GEC,GPE Excavators Crawled,,>10T,Hitachi,HIT,Y,P,CMS,210,0,0,,,0,0,0,0
4725,GZA,South Africa,South Africa,Region International,GEC,GPE Excavators Crawled,,>10T,Hyundai,HYU,Y,P,CMS,85,0,0,,,0,0,0,0
4726,GZA,South Africa,South Africa,Region International,GEC,GPE Excavators Crawled,,>10T,JCB,JCB,Y,P,CMS,61,0,0,,,0,0,0,0
4727,GZA,South Africa,South Africa,Region International,GEC,GPE Excavators Crawled,,>10T,Kobelco,KOB,Y,P,CMS,119,0,0,,,0,0,0,0
4728,GZA,South Africa,South Africa,Region International,GEC,GPE Excavators Crawled,,>10T,Komatsu,KOM,Y,P,CMS,156,0,0,,,0,0,0,0
4729,GZA,South Africa,South Africa,Region International,GEC,GPE Excavators Crawled,,>10T,Liebherr,LIE,Y,P,CMS,17,0,0,,,0,0,0,0
4730,GZA,South Africa,South Africa,Region International,GEC,GPE Excavators Crawled,,>10T,Liugong,LIU,Y,P,CMS,34,0,0,,,0,0,0,0
4731,GZA,South Africa,South Africa,Region International,GEC,GPE Excavators Crawled,,>10T,New Holland,NEW,Y,P,CMS,2,0,0,,,0,0,0,0
4732,GZA,South Africa,South Africa,Region International,GEC,GPE Excavators Crawled,,>10T,Sany,SNY,Y,P,CMS,102,0,0,,,0,0,0,0
4733,GZA,South Africa,South Africa,Region International,GEC,GPE Excavators Crawled,,>10T,SDLG,LIN,Y,P,CMS,22,0,0,,,0,0,0,0
4734,GZA,South Africa,South Africa,Region International,GEC,GPE Excavators Crawled,,>10T,Shantui,SBM,Y,P,CMS,38,0,0,,,0,0,0,0
4735,GZA,South Africa,South Africa,Region International,GEC,GPE Excavators Crawled,,>10T,Sumitomo,SUM,Y,P,CMS,59,0,0,,,0,0,0,0
4736,GZA,South Africa,South Africa,Region International,GEC,GPE Excavators Crawled,,>10T,Volvo,VCE,Y,P,CMS,51,0,0,,,0,0,0,0
4737,GZA,South Africa,South Africa,Region International,GEC,GPE Excavators Crawled,,>10T,XCMG,XCM,Y,P,CMS,15,0,0,,,0,0,0,0
4738,GZA,South Africa,South Africa,Region International,GEC,GPE Excavators Crawled,,>10T,Zoomlion,ZOO,Y,P,CMS,69,0,0,,,0,0,0,0
4739,GZA,South Africa,South Africa,Region International,GEW,GPE Excavators Wheeled,,>11T,Develon,DOO,Y,P,CMS,1,0,0,,,0,0,0,0
4740,GZA,South Africa,South Africa,Region International,GEW,GPE Excavators Wheeled,,>11T,Hitachi,HIT,Y,P,CMS,3,0,0,,,0,0,0,0
4741,GZA,South Africa,South Africa,Region International,GEW,GPE Excavators Wheeled,,>11T,Hyundai,HYU,Y,P,CMS,1,0,0,,,0,0,0,0
4742,GZA,South Africa,South Africa,Region International,WLO,Wheel Loaders,,<12,Case,CAS,Y,P,CMS,1,0,0,,,0,0,0,0
4743,GZA,South Africa,South Africa,Region International,WLO,Wheel Loaders,,<12,Caterpillar Inc,,Y,P,CMS,9,0,0,,,0,0,0,0
4744,GZA,South Africa,South Africa,Region International,WLO,Wheel Loaders,,<12,Deere,JOH,Y,P,CMS,1,0,0,,,0,0,0,0
4745,GZA,South Africa,South Africa,Region International,WLO,Wheel Loaders,,<12,Develon,DOO,Y,P,CMS,1,0,0,,,0,0,0,0
4746,GZA,South Africa,South Africa,Region International,WLO,Wheel Loaders,,<12,Foton Lovol,FOL,Y,P,CMS,2,0,0,,,0,0,0,0
4747,GZA,South Africa,South Africa,Region International,WLO,Wheel Loaders,,<12,Hitachi,HIT,Y,P,CMS,1,0,0,,,0,0,0,0
4748,GZA,South Africa,South Africa,Region International,WLO,Wheel Loaders,,<12,Hyundai,HYU,Y,P,CMS,1,0,0,,,0,0,0,0
4749,GZA,South Africa,South Africa,Region International,WLO,Wheel Loaders,,<12,JCB,JCB,Y,P,CMS,4,0,0,,,0,0,0,0
4750,GZA,South Africa,South Africa,Region International,WLO,Wheel Loaders,,<12,Komatsu,KOM,Y,P,CMS,5,0,0,,,0,0,0,0
4751,GZA,South Africa,South Africa,Region International,WLO,Wheel Loaders,,<12,Liebherr,LIE,Y,P,CMS,1,0,0,,,0,0,0,0
4752,GZA,South Africa,South Africa,Region International,WLO,Wheel Loaders,,<12,Liugong,LIU,Y,P,CMS,3,0,0,,,0,0,0,0
4753,GZA,South Africa,South Africa,Region International,WLO,Wheel Loaders,,<12,Sany,SNY,Y,P,CMS,3,0,0,,,0,0,0,0
4754,GZA,South Africa,South Africa,Region International,WLO,Wheel Loaders,,<12,SDLG,LIN,Y,P,CMS,1,0,0,,,0,0,0,0
4755,GZA,South Africa,South Africa,Region International,WLO,Wheel Loaders,,<12,SEM,SEM,Y,P,CMS,2,0,0,,,0,0,0,0
4756,GZA,South Africa,South Africa,Region International,WLO,Wheel Loaders,,<12,Shantui,SBM,Y,P,CMS,2,0,0,,,0,0,0,0
4757,GZA,South Africa,South Africa,Region International,WLO,Wheel Loaders,,<12,Wacker Neuson,WAN,Y,P,CMS,8,0,0,,,0,0,0,0
4758,GZA,South Africa,South Africa,Region International,WLO,Wheel Loaders,,<12,XCMG,XCM,Y,P,CMS,1,0,0,,,0,0,0,0
4759,GZA,South Africa,South Africa,Region International,WLO,Wheel Loaders,,>12,Case,CAS,Y,P,CMS,13,0,0,,,0,0,0,0
4760,GZA,South Africa,South Africa,Region International,WLO,Wheel Loaders,,>12,Caterpillar Inc,,Y,P,CMS,71,0,0,,,0,0,0,0
4761,GZA,South Africa,South Africa,Region International,WLO,Wheel Loaders,,>12,Deere,JOH,Y,P,CMS,26,0,0,,,0,0,0,0
4762,GZA,South Africa,South Africa,Region International,WLO,Wheel Loaders,,>12,Develon,DOO,Y,P,CMS,22,0,0,,,0,0,0,0
4763,GZA,South Africa,South Africa,Region International,WLO,Wheel Loaders,,>12,Foton Lovol,FOL,Y,P,CMS,38,0,0,,,0,0,0,0
4764,GZA,South Africa,South Africa,Region International,WLO,Wheel Loaders,,>12,Hitachi,HIT,Y,P,CMS,23,0,0,,,0,0,0,0
4765,GZA,South Africa,South Africa,Region International,WLO,Wheel Loaders,,>12,Hyundai,HYU,Y,P,CMS,24,0,0,,,0,0,0,0
4766,GZA,South Africa,South Africa,Region International,WLO,Wheel Loaders,,>12,JCB,JCB,Y,P,CMS,21,0,0,,,0,0,0,0
4767,GZA,South Africa,South Africa,Region International,WLO,Wheel Loaders,,>12,Komatsu,KOM,Y,P,CMS,58,0,0,,,0,0,0,0
4768,GZA,South Africa,South Africa,Region International,WLO,Wheel Loaders,,>12,Liebherr,LIE,Y,P,CMS,20,0,0,,,0,0,0,0
4769,GZA,South Africa,South Africa,Region International,WLO,Wheel Loaders,,>12,Liugong,LIU,Y,P,CMS,54,0,0,,,0,0,0,0
4770,GZA,South Africa,South Africa,Region International,WLO,Wheel Loaders,,>12,Sany,SNY,Y,P,CMS,62,0,0,,,0,0,0,0
4771,GZA,South Africa,South Africa,Region International,WLO,Wheel Loaders,,>12,SDLG,LIN,Y,P,CMS,29,0,0,,,0,0,0,0
4772,GZA,South Africa,South Africa,Region International,WLO,Wheel Loaders,,>12,SEM,SEM,Y,P,CMS,52,0,0,,,0,0,0,0
4773,GZA,South Africa,South Africa,Region International,WLO,Wheel Loaders,,>12,Shantui,SBM,Y,P,CMS,42,0,0,,,0,0,0,0
4774,GZA,South Africa,South Africa,Region International,WLO,Wheel Loaders,,>12,Volvo,VCE,Y,P,CMS,103,0,0,,,0,0,0,0
4775,GZA,South Africa,South Africa,Region International,WLO,Wheel Loaders,,>12,Wacker Neuson,WAN,Y,P,CMS,1,0,0,,,0,0,0,0
4776,GZA,South Africa,South Africa,Region International,WLO,Wheel Loaders,,>12,XCMG,XCM,Y,P,CMS,12,0,0,,,0,0,0,0
4777,GZA,South Africa,South Africa,Region International,WLO,Wheel Loaders,,>12,Zoomlion,ZOO,,P,CMS,6,0,0,,,0,0,1,1
